-- MySQL dump 10.13  Distrib 8.0.28, for macos12.1 (arm64)
--
-- Host: localhost    Database: opencc
-- ------------------------------------------------------
-- Server version	8.0.28

/*!40101 SET @OLD_CHARACTER_SET_CLIENT=@@CHARACTER_SET_CLIENT */;
/*!40101 SET @OLD_CHARACTER_SET_RESULTS=@@CHARACTER_SET_RESULTS */;
/*!40101 SET @OLD_COLLATION_CONNECTION=@@COLLATION_CONNECTION */;
/*!50503 SET NAMES utf8mb4 */;
/*!40103 SET @OLD_TIME_ZONE=@@TIME_ZONE */;
/*!40103 SET TIME_ZONE='+00:00' */;
/*!40014 SET @OLD_UNIQUE_CHECKS=@@UNIQUE_CHECKS, UNIQUE_CHECKS=0 */;
/*!40014 SET @OLD_FOREIGN_KEY_CHECKS=@@FOREIGN_KEY_CHECKS, FOREIGN_KEY_CHECKS=0 */;
/*!40101 SET @OLD_SQL_MODE=@@SQL_MODE, SQL_MODE='NO_AUTO_VALUE_ON_ZERO' */;
/*!40111 SET @OLD_SQL_NOTES=@@SQL_NOTES, SQL_NOTES=0 */;

--
-- Table structure for table `activities`
--

DROP TABLE IF EXISTS `activities`;
/*!40101 SET @saved_cs_client     = @@character_set_client */;
/*!50503 SET character_set_client = utf8mb4 */;
CREATE TABLE `activities` (
  `id` varchar(36) NOT NULL,
  `feedback` varchar(255) DEFAULT NULL,
  `calories` int DEFAULT NULL,
  `categoryId` varchar(36) DEFAULT NULL,
  `userId` varchar(36) DEFAULT NULL,
  `duration` varchar(255) NOT NULL,
  `created_at` datetime(6) NOT NULL DEFAULT CURRENT_TIMESTAMP(6),
  PRIMARY KEY (`id`),
  KEY `FK_da47c633d8bb7ee8ca9009788d4` (`categoryId`),
  KEY `FK_5a2cfe6f705df945b20c1b22c71` (`userId`),
  CONSTRAINT `FK_5a2cfe6f705df945b20c1b22c71` FOREIGN KEY (`userId`) REFERENCES `users` (`id`) ON DELETE CASCADE ON UPDATE CASCADE,
  CONSTRAINT `FK_da47c633d8bb7ee8ca9009788d4` FOREIGN KEY (`categoryId`) REFERENCES `activity_categories` (`id`) ON DELETE CASCADE ON UPDATE CASCADE
) ENGINE=InnoDB DEFAULT CHARSET=utf8mb4 COLLATE=utf8mb4_0900_ai_ci;
/*!40101 SET character_set_client = @saved_cs_client */;

--
-- Dumping data for table `activities`
--

LOCK TABLES `activities` WRITE;
/*!40000 ALTER TABLE `activities` DISABLE KEYS */;
INSERT INTO `activities` VALUES ('045ffe7e-4058-4ca5-a1ae-72910e193e5d','Low',0,'83a7f55a-110f-4077-89be-133e4d2cb9ff','5b6683dc-4f86-4247-8ac1-22a1910d5a9e','0:0:6','2022-03-07 17:04:16.257913'),('07b1543d-5b01-4bdd-8683-a13a9306e946','Low',0,'83a7f55a-110f-4077-89be-133e4d2cb9ff','5b6683dc-4f86-4247-8ac1-22a1910d5a9e','0:0:6','2022-03-07 17:00:23.129305'),('07f1d482-7cff-40f6-80cc-8cd10de22d7d','Normal',0,'83a7f55a-110f-4077-89be-133e4d2cb9ff','5b6683dc-4f86-4247-8ac1-22a1910d5a9e','0:0:18','2022-03-07 16:50:14.871978'),('0aadd506-1e82-4924-b0cf-54c1174ef268','Low',0,'83a7f55a-110f-4077-89be-133e4d2cb9ff','5b6683dc-4f86-4247-8ac1-22a1910d5a9e','0:0:6','2022-03-07 17:01:57.440014'),('0fc04659-05f1-4168-be43-6da29b9dedb3','Normal',0,'83a7f55a-110f-4077-89be-133e4d2cb9ff','5b6683dc-4f86-4247-8ac1-22a1910d5a9e','0:0:18','2022-03-07 16:14:42.609619'),('24119063-be18-4e4a-948a-01f43b3fa938','Normal',0,'83a7f55a-110f-4077-89be-133e4d2cb9ff','5b6683dc-4f86-4247-8ac1-22a1910d5a9e','0:0:18','2022-03-07 16:17:54.329005'),('241b39b6-bd6f-4e55-8029-52f891903cb4','Intense',651,'83a7f55a-110f-4077-89be-133e4d2cb9ff','5b6683dc-4f86-4247-8ac1-22a1910d5a9e','0:0:2','2022-03-30 19:01:32.094223'),('2f4467c7-286f-4e02-8231-571112b0aef8','Normal',413,'83a7f55a-110f-4077-89be-133e4d2cb9ff','5b6683dc-4f86-4247-8ac1-22a1910d5a9e','0:0:7','2022-03-18 23:44:48.266386'),('3044d413-51bb-41e1-aa1a-ebbd217b7f80','Normal',0,'83a7f55a-110f-4077-89be-133e4d2cb9ff','5b6683dc-4f86-4247-8ac1-22a1910d5a9e','0:0:18','2022-03-07 16:14:42.567458'),('30fd7569-d176-41f8-8d2b-c253c1e5d7b5','Strong',0,'42ee7671-df10-4a7a-8144-5fa6ac185423','e99113a7-f9cc-4cd2-afff-52ce32900a65','0:0:23','2022-03-30 19:29:29.899918'),('31a9e474-67df-470e-8994-7f012a9dbe26','Intense',0,'83a7f55a-110f-4077-89be-133e4d2cb9ff','5b6683dc-4f86-4247-8ac1-22a1910d5a9e','0:0:15','2022-03-07 15:57:48.070041'),('37281df5-5d72-4302-bd76-97eabc145233','Low',0,'83a7f55a-110f-4077-89be-133e4d2cb9ff','5b6683dc-4f86-4247-8ac1-22a1910d5a9e','0:0:1','2022-03-07 16:55:52.904698'),('54b656dc-af37-4b8f-b2db-78d969800c42','Normal',58,'83a7f55a-110f-4077-89be-133e4d2cb9ff','5b6683dc-4f86-4247-8ac1-22a1910d5a9e','0:0:6','2022-03-18 23:43:29.844232'),('56c80eb8-c578-423c-ae38-170ae3bed824','Intense',0,'83a7f55a-110f-4077-89be-133e4d2cb9ff','5b6683dc-4f86-4247-8ac1-22a1910d5a9e','0:0:1','2022-03-07 17:09:24.542013'),('58ee9c6f-d61e-409f-b454-013e188e11ad','Normal',0,'83a7f55a-110f-4077-89be-133e4d2cb9ff','5b6683dc-4f86-4247-8ac1-22a1910d5a9e','0:0:18','2022-03-07 16:14:42.208711'),('62699b85-3746-4f2e-a213-877ee0588096','Low',0,'83a7f55a-110f-4077-89be-133e4d2cb9ff','5b6683dc-4f86-4247-8ac1-22a1910d5a9e','0:0:6','2022-03-07 17:02:12.553322'),('62b98a48-4706-41a5-a285-86719538a5fe','Intense',0,'83a7f55a-110f-4077-89be-133e4d2cb9ff','5b6683dc-4f86-4247-8ac1-22a1910d5a9e','0:0:1','2022-03-07 17:04:37.819277'),('74bb348e-8f69-4eab-b443-7ad869654328','Low',0,'83a7f55a-110f-4077-89be-133e4d2cb9ff','5b6683dc-4f86-4247-8ac1-22a1910d5a9e','0:0:1','2022-03-07 16:58:50.810449'),('831af193-4f63-451a-a07b-2702985edd7c','Normal',0,'83a7f55a-110f-4077-89be-133e4d2cb9ff','5b6683dc-4f86-4247-8ac1-22a1910d5a9e','0:0:18','2022-03-07 16:18:17.569566'),('86572cdc-0570-4737-9f1a-12d0d0e2dddf','Normal',0,'83a7f55a-110f-4077-89be-133e4d2cb9ff','5b6683dc-4f86-4247-8ac1-22a1910d5a9e','0:0:18','2022-03-07 16:12:55.155502'),('914d7e74-8174-4dc6-a290-8c79223d7006','Normal',0,'83a7f55a-110f-4077-89be-133e4d2cb9ff','5b6683dc-4f86-4247-8ac1-22a1910d5a9e','0:0:18','2022-03-07 16:18:00.427534'),('9362ffcb-0b7c-4ad8-968f-2b926f1d0c50','Normal',493,'83a7f55a-110f-4077-89be-133e4d2cb9ff','5b6683dc-4f86-4247-8ac1-22a1910d5a9e','0:0:1','2022-03-18 23:47:06.437915'),('94d3cdd6-ef85-441f-a1a6-384237fdcf93','Normal',0,'83a7f55a-110f-4077-89be-133e4d2cb9ff','5b6683dc-4f86-4247-8ac1-22a1910d5a9e','0:0:18','2022-03-07 16:17:44.358427'),('974df519-e613-4dff-8fc8-901b7c6e0ea6','Intense',0,'83a7f55a-110f-4077-89be-133e4d2cb9ff','5b6683dc-4f86-4247-8ac1-22a1910d5a9e','0:0:15','2022-03-07 15:57:48.070041'),('9da8000d-dd36-4626-b6dc-e444c42bedd1','Low',0,'83a7f55a-110f-4077-89be-133e4d2cb9ff','5b6683dc-4f86-4247-8ac1-22a1910d5a9e','0:0:1','2022-03-07 16:52:08.846546'),('c0f6a69a-0462-48d5-8335-3a628692ff7c','Intense',651,'83a7f55a-110f-4077-89be-133e4d2cb9ff','5b6683dc-4f86-4247-8ac1-22a1910d5a9e','0:0:4','2022-03-20 23:21:25.995482'),('c88725d6-56af-4cd3-a270-b25d12ed7e0e','Strong',304,'692b3266-b411-40e3-b144-e75d2005a92a','5b6683dc-4f86-4247-8ac1-22a1910d5a9e','1:40:02','2022-03-07 15:57:48.070041'),('cc121e6b-cbe1-4032-9288-26a27efe5fb8','Normal',0,'83a7f55a-110f-4077-89be-133e4d2cb9ff','5b6683dc-4f86-4247-8ac1-22a1910d5a9e','0:0:18','2022-03-07 16:14:41.631726'),('e94d7141-41f4-4126-8921-b3f566e0f9dd','Normal',0,'83a7f55a-110f-4077-89be-133e4d2cb9ff','5b6683dc-4f86-4247-8ac1-22a1910d5a9e','0:0:18','2022-03-07 16:15:39.486747'),('f1872359-7fe1-4f20-bf02-9ae15c5f8774','Low',0,'83a7f55a-110f-4077-89be-133e4d2cb9ff','5b6683dc-4f86-4247-8ac1-22a1910d5a9e','0:0:6','2022-03-07 17:01:05.131740'),('fbaceef2-3a43-4754-aaea-0777e47189dc','Low',0,'83a7f55a-110f-4077-89be-133e4d2cb9ff','5b6683dc-4f86-4247-8ac1-22a1910d5a9e','0:0:1','2022-03-07 16:55:29.617725');
/*!40000 ALTER TABLE `activities` ENABLE KEYS */;
UNLOCK TABLES;

--
-- Table structure for table `activity_calories`
--

DROP TABLE IF EXISTS `activity_calories`;
/*!40101 SET @saved_cs_client     = @@character_set_client */;
/*!50503 SET character_set_client = utf8mb4 */;
CREATE TABLE `activity_calories` (
  `id` int NOT NULL AUTO_INCREMENT,
  `name` varchar(255) NOT NULL,
  `zone` int NOT NULL,
  `val` int NOT NULL,
  `categoryId` varchar(36) DEFAULT NULL,
  PRIMARY KEY (`id`),
  KEY `FK_4d4a72381128425ecb71ed5a588` (`categoryId`),
  CONSTRAINT `FK_4d4a72381128425ecb71ed5a588` FOREIGN KEY (`categoryId`) REFERENCES `activity_categories` (`id`) ON DELETE CASCADE ON UPDATE CASCADE
) ENGINE=InnoDB AUTO_INCREMENT=33 DEFAULT CHARSET=utf8mb4 COLLATE=utf8mb4_0900_ai_ci;
/*!40101 SET character_set_client = @saved_cs_client */;

--
-- Dumping data for table `activity_calories`
--

LOCK TABLES `activity_calories` WRITE;
/*!40000 ALTER TABLE `activity_calories` DISABLE KEYS */;
INSERT INTO `activity_calories` VALUES (1,'Cycling, mountain bike, bmx',58,502,'0fd61a7d-6aa8-4698-ad36-380f2480f4d8'),(2,'Cycling, mountain bike, bmx',70,598,'0fd61a7d-6aa8-4698-ad36-380f2480f4d8'),(3,'Cycling, mountain bike, bmx',80,695,'0fd61a7d-6aa8-4698-ad36-380f2480f4d8'),(4,'Cycling, mountain bike, bmx',90,791,'0fd61a7d-6aa8-4698-ad36-380f2480f4d8'),(5,'Stretching, hatha yoga',58,236,'692b3266-b411-40e3-b144-e75d2005a92a'),(6,'Stretching, hatha yoga',70,281,'692b3266-b411-40e3-b144-e75d2005a92a'),(7,'Stretching, hatha yoga',80,327,'692b3266-b411-40e3-b144-e75d2005a92a'),(8,'Stretching, hatha yoga',90,372,'692b3266-b411-40e3-b144-e75d2005a92a'),(9,'Basketball game, competitive',58,472,'626cfed9-5b82-4a42-881e-e815177d64f4'),(10,'Basketball game, competitive',70,563,'626cfed9-5b82-4a42-881e-e815177d64f4'),(11,'Basketball game, competitive',80,654,'626cfed9-5b82-4a42-881e-e815177d64f4'),(12,'Basketball game, competitive',90,745,'626cfed9-5b82-4a42-881e-e815177d64f4'),(13,'Martial arts, judo, karate, jujitsu',58,590,'b865fe22-6cec-492d-9a97-9525479b6c42'),(14,'Martial arts, judo, karate, jujitsu',70,704,'b865fe22-6cec-492d-9a97-9525479b6c42'),(15,'Martial arts, judo, karate, jujitsu',80,817,'b865fe22-6cec-492d-9a97-9525479b6c42'),(16,'Martial arts, judo, karate, jujitsu',90,931,'b865fe22-6cec-492d-9a97-9525479b6c42'),(17,'Martial arts, kick boxing',58,590,'b8781470-696f-47af-bd11-c4fe742cfc72'),(18,'Martial arts, kick boxing',70,704,'b8781470-696f-47af-bd11-c4fe742cfc72'),(19,'Martial arts, kick boxing',80,817,'b8781470-696f-47af-bd11-c4fe742cfc72'),(20,'Martial arts, kick boxing',90,931,'b8781470-696f-47af-bd11-c4fe742cfc72'),(21,'Playing tennis',58,413,'83a7f55a-110f-4077-89be-133e4d2cb9ff'),(22,'Playing tennis',70,493,'83a7f55a-110f-4077-89be-133e4d2cb9ff'),(23,'Playing tennis',80,572,'83a7f55a-110f-4077-89be-133e4d2cb9ff'),(24,'Playing tennis',90,651,'83a7f55a-110f-4077-89be-133e4d2cb9ff'),(25,'Swimming synchronized',58,472,'d2ba1e5e-078a-45d1-ad54-415b4bbf838c'),(26,'Swimming synchronized',70,563,'d2ba1e5e-078a-45d1-ad54-415b4bbf838c'),(27,'Swimming synchronized',80,654,'d2ba1e5e-078a-45d1-ad54-415b4bbf838c'),(28,'Swimming synchronized',90,745,'d2ba1e5e-078a-45d1-ad54-415b4bbf838c'),(29,'Walk / run, playing with animals',58,236,'87b39370-83bd-4b86-aa67-845897370206'),(30,'Walk / run, playing with animals',70,281,'87b39370-83bd-4b86-aa67-845897370206'),(31,'Walk / run, playing with animals',80,327,'87b39370-83bd-4b86-aa67-845897370206'),(32,'Walk / run, playing with animals',90,372,'87b39370-83bd-4b86-aa67-845897370206');
/*!40000 ALTER TABLE `activity_calories` ENABLE KEYS */;
UNLOCK TABLES;

--
-- Table structure for table `activity_categories`
--

DROP TABLE IF EXISTS `activity_categories`;
/*!40101 SET @saved_cs_client     = @@character_set_client */;
/*!50503 SET character_set_client = utf8mb4 */;
CREATE TABLE `activity_categories` (
  `id` varchar(36) NOT NULL,
  `name` varchar(255) NOT NULL,
  `icon` varchar(255) DEFAULT NULL,
  PRIMARY KEY (`id`)
) ENGINE=InnoDB DEFAULT CHARSET=utf8mb4 COLLATE=utf8mb4_0900_ai_ci;
/*!40101 SET character_set_client = @saved_cs_client */;

--
-- Dumping data for table `activity_categories`
--

LOCK TABLES `activity_categories` WRITE;
/*!40000 ALTER TABLE `activity_categories` DISABLE KEYS */;
INSERT INTO `activity_categories` VALUES ('0fd61a7d-6aa8-4698-ad36-380f2480f4d8','Cycling','🚴‍♂️'),('42ee7671-df10-4a7a-8144-5fa6ac185423','Cardio','🏋️‍♀️'),('626cfed9-5b82-4a42-881e-e815177d64f4','BasketBall','🏀'),('692b3266-b411-40e3-b144-e75d2005a92a','Yoga','🧘‍♀️'),('83a7f55a-110f-4077-89be-133e4d2cb9ff','Tennis','🎾'),('87b39370-83bd-4b86-aa67-845897370206','Run','🏃‍♀️'),('b865fe22-6cec-492d-9a97-9525479b6c42','Judo','🥋'),('b8781470-696f-47af-bd11-c4fe742cfc72','Boxing','🥊'),('d2ba1e5e-078a-45d1-ad54-415b4bbf838c','Swimming','🏊‍♀️');
/*!40000 ALTER TABLE `activity_categories` ENABLE KEYS */;
UNLOCK TABLES;

--
-- Table structure for table `cooked_recipe`
--

DROP TABLE IF EXISTS `cooked_recipe`;
/*!40101 SET @saved_cs_client     = @@character_set_client */;
/*!50503 SET character_set_client = utf8mb4 */;
CREATE TABLE `cooked_recipe` (
  `id` varchar(36) NOT NULL,
  `recipeId` varchar(36) DEFAULT NULL,
  `userId` varchar(36) DEFAULT NULL,
  `created_at` datetime(6) NOT NULL DEFAULT CURRENT_TIMESTAMP(6),
  PRIMARY KEY (`id`),
  KEY `FK_17600d06fd7fc32c611fa975f29` (`recipeId`),
  KEY `FK_5af9ce17d58e46d8f42a750e7bd` (`userId`),
  CONSTRAINT `FK_17600d06fd7fc32c611fa975f29` FOREIGN KEY (`recipeId`) REFERENCES `recipes` (`id`) ON DELETE CASCADE ON UPDATE CASCADE,
  CONSTRAINT `FK_5af9ce17d58e46d8f42a750e7bd` FOREIGN KEY (`userId`) REFERENCES `users` (`id`) ON DELETE CASCADE ON UPDATE CASCADE
) ENGINE=InnoDB DEFAULT CHARSET=utf8mb4 COLLATE=utf8mb4_0900_ai_ci;
/*!40101 SET character_set_client = @saved_cs_client */;

--
-- Dumping data for table `cooked_recipe`
--

LOCK TABLES `cooked_recipe` WRITE;
/*!40000 ALTER TABLE `cooked_recipe` DISABLE KEYS */;
INSERT INTO `cooked_recipe` VALUES ('06ac9519-19dd-43b4-a985-9d48581db87f','3cd3f061-f3bc-4042-84c6-bb5f13722996','5b6683dc-4f86-4247-8ac1-22a1910d5a9e','2022-03-07 17:10:00.997617'),('2a17c78a-c315-4e61-881b-c2230400308c','ce7c42d8-f557-42e1-8e53-d9925bcafd3b','788d0c7c-d4d5-4f04-a9c9-0099c658a3ba','2022-03-10 20:16:16.055116'),('383ea6dd-4572-40ff-aa97-dc33aaea43df','ce7c42d8-f557-42e1-8e53-d9925bcafd3b','5b6683dc-4f86-4247-8ac1-22a1910d5a9e','2022-03-07 15:58:28.669900'),('3938d7fa-90f4-42bc-94ce-fe91dc67122a','3cd3f061-f3bc-4042-84c6-bb5f13722996','788d0c7c-d4d5-4f04-a9c9-0099c658a3ba','2022-03-09 20:41:39.337068'),('42372387-e3be-48ef-b07c-65fa5cb99ec8','b4191208-a0a1-4ea3-a1ce-e6cdeca0af94','5b6683dc-4f86-4247-8ac1-22a1910d5a9e','2022-03-30 19:01:46.179612'),('4a244ebd-b7ea-4918-b287-8281e8855313','ce7c42d8-f557-42e1-8e53-d9925bcafd3b','5b6683dc-4f86-4247-8ac1-22a1910d5a9e','2022-03-07 15:58:28.669900'),('65f06a1c-a0db-45fa-9cfb-de7e699784cb','6570af5a-e811-45b8-a533-c4f06438e1ff','5b6683dc-4f86-4247-8ac1-22a1910d5a9e','2022-03-20 23:20:22.193186'),('72b3142f-0788-4628-8d11-e8b1dee37711','6570af5a-e811-45b8-a533-c4f06438e1ff',NULL,'2022-04-03 22:09:25.411042'),('99f820e0-f3fd-416f-accf-a1bf06245391','3cd3f061-f3bc-4042-84c6-bb5f13722996','5b6683dc-4f86-4247-8ac1-22a1910d5a9e','2022-03-07 15:58:28.669900'),('9a53a086-61d2-435c-b863-5f755a59845e','b4191208-a0a1-4ea3-a1ce-e6cdeca0af94','e99113a7-f9cc-4cd2-afff-52ce32900a65','2022-03-30 19:27:37.533976'),('9ef2db64-7f29-401f-90be-905ee27d7e98','ce7c42d8-f557-42e1-8e53-d9925bcafd3b','e99113a7-f9cc-4cd2-afff-52ce32900a65','2022-04-01 19:04:35.479469'),('ad2ed3b4-15c2-46bc-8520-04d3378f1e0c','dd24945a-27fb-47d8-994f-7470d8aaf38a',NULL,'2022-04-03 22:09:25.429466'),('b9fe4817-a3fb-4cb5-a9db-5f2ea9eaa78e','6570af5a-e811-45b8-a533-c4f06438e1ff',NULL,'2022-04-03 21:53:37.534427'),('be8d023f-6448-4703-88fa-88234ea0e8f1','fed3dedf-43b3-4de5-9433-6028e601bcf1','5b6683dc-4f86-4247-8ac1-22a1910d5a9e','2022-03-20 21:58:05.162962'),('d5c23a71-d37c-4dc5-abdb-03b49fe55908','fed3dedf-43b3-4de5-9433-6028e601bcf1',NULL,'2022-04-03 22:12:16.951888'),('e8fdd6e6-487a-4df7-b17c-500e13e6e3d8','dd24945a-27fb-47d8-994f-7470d8aaf38a',NULL,'2022-04-03 21:53:37.556131'),('ff37fe2f-e4a5-400d-ac06-3dae233101f3','fed3dedf-43b3-4de5-9433-6028e601bcf1','e99113a7-f9cc-4cd2-afff-52ce32900a65','2022-04-01 18:53:23.261714');
/*!40000 ALTER TABLE `cooked_recipe` ENABLE KEYS */;
UNLOCK TABLES;

--
-- Table structure for table `early_access_request`
--

DROP TABLE IF EXISTS `early_access_request`;
/*!40101 SET @saved_cs_client     = @@character_set_client */;
/*!50503 SET character_set_client = utf8mb4 */;
CREATE TABLE `early_access_request` (
  `id` varchar(36) NOT NULL,
  `userId` varchar(36) DEFAULT NULL,
  `service` varchar(255) NOT NULL,
  PRIMARY KEY (`id`),
  KEY `FK_b544ea999d1618dede3962a85c6` (`userId`),
  CONSTRAINT `FK_b544ea999d1618dede3962a85c6` FOREIGN KEY (`userId`) REFERENCES `users` (`id`) ON DELETE CASCADE ON UPDATE CASCADE
) ENGINE=InnoDB DEFAULT CHARSET=utf8mb4 COLLATE=utf8mb4_0900_ai_ci;
/*!40101 SET character_set_client = @saved_cs_client */;

--
-- Dumping data for table `early_access_request`
--

LOCK TABLES `early_access_request` WRITE;
/*!40000 ALTER TABLE `early_access_request` DISABLE KEYS */;
INSERT INTO `early_access_request` VALUES ('dbec8fad-4423-4ca9-a3fa-4914876b5e65','5b6683dc-4f86-4247-8ac1-22a1910d5a9e','MENTAL_HEALTH');
/*!40000 ALTER TABLE `early_access_request` ENABLE KEYS */;
UNLOCK TABLES;

--
-- Table structure for table `ingredients`
--

DROP TABLE IF EXISTS `ingredients`;
/*!40101 SET @saved_cs_client     = @@character_set_client */;
/*!50503 SET character_set_client = utf8mb4 */;
CREATE TABLE `ingredients` (
  `id` varchar(36) NOT NULL,
  `raw` varchar(255) NOT NULL,
  `unit` varchar(255) DEFAULT NULL,
  `amount` int DEFAULT NULL,
  `ingredients` varchar(255) DEFAULT NULL,
  `created_at` datetime(6) NOT NULL DEFAULT CURRENT_TIMESTAMP(6),
  `recipeId` varchar(36) DEFAULT NULL,
  PRIMARY KEY (`id`),
  KEY `FK_f20a9542c7a02105fa40a08d95b` (`recipeId`),
  CONSTRAINT `FK_f20a9542c7a02105fa40a08d95b` FOREIGN KEY (`recipeId`) REFERENCES `recipes` (`id`) ON DELETE CASCADE ON UPDATE CASCADE
) ENGINE=InnoDB DEFAULT CHARSET=utf8mb4 COLLATE=utf8mb4_0900_ai_ci;
/*!40101 SET character_set_client = @saved_cs_client */;

--
-- Dumping data for table `ingredients`
--

LOCK TABLES `ingredients` WRITE;
/*!40000 ALTER TABLE `ingredients` DISABLE KEYS */;
INSERT INTO `ingredients` VALUES ('019e0c9d-0643-431b-8869-075ea95b59a4','1 teaspoon horseradish','teaspoon',1,'horseradish','2022-03-06 02:44:19.119947','3cd3f061-f3bc-4042-84c6-bb5f13722996'),('06daa389-7f2c-489e-9a26-e1bbeec9e318','¼ teaspoon ground cinnamon (Optional)','teaspoon',0,'ground cinnamon (Optional)','2022-03-20 22:14:34.274031','b4191208-a0a1-4ea3-a1ce-e6cdeca0af94'),('074f94c6-10aa-41eb-aff9-99b100f37e4e','2 carrots','undefined',2,' carrots','2022-03-06 00:56:49.847070','ce7c42d8-f557-42e1-8e53-d9925bcafd3b'),('11344631-15f1-42e4-87e7-2f2cc10837b7','1 Tablespoon capers','Tablespoon',1,'capers','2022-03-06 02:44:19.100452','3cd3f061-f3bc-4042-84c6-bb5f13722996'),('14840017-4fd3-4c8c-bcb5-9fa3fc9b4f55','2 tbsp extra-virgin olive oil','tbsp',2,' extra-virgin olive oil','2022-03-06 00:56:49.859837','ce7c42d8-f557-42e1-8e53-d9925bcafd3b'),('14f0dc7b-7fa3-4cdd-9b30-717661810aea','1 tsp ground coriander seeds','tsp',1,' ground coriander seeds','2022-03-06 00:56:49.864968','ce7c42d8-f557-42e1-8e53-d9925bcafd3b'),('18714b74-9689-4b3b-8e51-bba2e683a7c2','4 scallions (~1 cup), very thinly sliced with greens','undefined',4,'scallions (~1 cup), very thinly sliced with greens','2022-03-20 23:18:49.358315','6570af5a-e811-45b8-a533-c4f06438e1ff'),('19261f19-4d7e-4210-a807-b8037b6afb19','⅔ cup milk','cup',1,'milk','2022-03-20 22:14:34.257271','b4191208-a0a1-4ea3-a1ce-e6cdeca0af94'),('1999c80c-718b-4798-841c-c5f938d1aef4','1 tablespoon unsalted butter, or more as needed','tablespoon',1,'unsalted butter, or more as needed','2022-03-20 22:14:34.282711','b4191208-a0a1-4ea3-a1ce-e6cdeca0af94'),('19b9f885-6fe0-46ad-9c09-0a403e084155','½ tsp black pepper','tsp',1,' black pepper','2022-03-06 00:56:49.881657','ce7c42d8-f557-42e1-8e53-d9925bcafd3b'),('1e6097a3-2b09-46b5-bd02-928363614d2e','1/2 large apple, grated or thinly sliced','undefined',1,'large apple, grated or thinly sliced','2022-03-20 23:18:49.354841','6570af5a-e811-45b8-a533-c4f06438e1ff'),('25125090-25d1-44a1-a198-9baea189cb7f','cooking spray','undefined',NULL,NULL,'2022-04-03 00:48:58.058345','dd24945a-27fb-47d8-994f-7470d8aaf38a'),('26d94324-d544-4543-8da1-b44c4c1152a6','½ tsp ground ginger','tsp',1,' ground ginger','2022-03-06 00:56:49.872810','ce7c42d8-f557-42e1-8e53-d9925bcafd3b'),('2a1d47f4-46f3-4821-960a-39cac5a3f7d6','1 small garlic clove','undefined',1,'small garlic clove','2022-03-06 02:44:19.115390','3cd3f061-f3bc-4042-84c6-bb5f13722996'),('2b76ab62-5289-49fe-b7cb-5df30f6eb91e','salt to taste','undefined',NULL,NULL,'2022-03-20 22:14:34.277225','b4191208-a0a1-4ea3-a1ce-e6cdeca0af94'),('2dd331bb-c037-4ccf-9352-45e8cb5b712e','100 g kale','g',100,' kale','2022-03-06 00:56:49.857797','ce7c42d8-f557-42e1-8e53-d9925bcafd3b'),('30314578-e101-40e8-8afb-5425f18e938f','1 cup finely shredded red cabbage','cup',1,'finely shredded red cabbage','2022-03-20 23:18:49.351511','6570af5a-e811-45b8-a533-c4f06438e1ff'),('35e9f642-5af1-4747-a83b-ea9220776a6d','2 tablespoons Greek yogurt (or mayo)','tablespoons',2,'Greek yogurt (or mayo)','2022-03-13 23:39:14.263520','fed3dedf-43b3-4de5-9433-6028e601bcf1'),('3e822e8b-e726-4b7c-93e7-b6bbfc6642f7','½ teaspoon dijon mustard','teaspoon',1,'dijon mustard','2022-03-06 02:44:19.110930','3cd3f061-f3bc-4042-84c6-bb5f13722996'),('3fdc151f-6132-4680-9f40-56f1c4d4f335','1 kg sweet potatoes','kg',1,' sweet potatoes','2022-03-06 00:56:49.849324','ce7c42d8-f557-42e1-8e53-d9925bcafd3b'),('3ff92e70-c7fb-4820-9b45-2f17e3a985ed','400 g canned chopped tomatoes','g',400,' canned chopped tomatoes','2022-03-06 00:56:49.888756','ce7c42d8-f557-42e1-8e53-d9925bcafd3b'),('3ffc486e-28ed-480b-bd1a-cdd3f127ccf3','2 tablespoons white vinegar','tablespoons',2,'white vinegar','2022-04-03 00:48:57.954625','dd24945a-27fb-47d8-994f-7470d8aaf38a'),('4069a399-745c-4d57-8b62-c7e191f6fb05','1 tsp turmeric','tsp',1,' turmeric','2022-03-06 00:56:49.870415','ce7c42d8-f557-42e1-8e53-d9925bcafd3b'),('41ce7384-67e1-429f-a391-6989a2f6dc40','1 yellow bell pepper','undefined',1,' yellow bell pepper','2022-03-06 00:56:49.851965','ce7c42d8-f557-42e1-8e53-d9925bcafd3b'),('49a8463c-3f08-429c-a955-01e6024a6d26','salt to taste','undefined',NULL,NULL,'2022-03-06 00:56:49.896971','ce7c42d8-f557-42e1-8e53-d9925bcafd3b'),('49f991bb-5df1-4836-9c7c-0ab4c840456e','6 thick slices bread','undefined',6,'thick slices bread','2022-03-20 22:14:34.280466','b4191208-a0a1-4ea3-a1ce-e6cdeca0af94'),('5d8e0658-6064-49a8-9ea9-609f7c5ee36d','1 bulb small fennel','undefined',1,'bulb small fennel','2022-03-06 00:56:49.854662','ce7c42d8-f557-42e1-8e53-d9925bcafd3b'),('5e493bea-0f24-45cc-bb9d-28f9c736a54d','1 tsp cumin','tsp',1,' cumin','2022-03-06 00:56:49.863233','ce7c42d8-f557-42e1-8e53-d9925bcafd3b'),('5ef4fe16-563d-4731-95d8-921f71f32ac3','1 onion','undefined',1,' onion','2022-03-06 00:56:49.843487','ce7c42d8-f557-42e1-8e53-d9925bcafd3b'),('635186c7-3556-4705-a837-1ef86f71fa37','1 large egg','undefined',1,'large egg','2022-04-03 00:48:58.020493','dd24945a-27fb-47d8-994f-7470d8aaf38a'),('645f9d49-6988-452c-9f08-779b6125975b','2 cloves of garlic, peeled','undefined',2,'cloves of garlic, peeled','2022-03-13 23:39:14.282540','fed3dedf-43b3-4de5-9433-6028e601bcf1'),('658f8e68-9007-43f6-8e41-b86921375761','2 tablespoons mirin','tablespoons',2,'mirin','2022-03-20 23:18:49.342306','6570af5a-e811-45b8-a533-c4f06438e1ff'),('6a448fc8-9d0f-4a66-80c6-10b476b55ef5','340 g quinoa','g',340,' quinoa','2022-03-06 00:56:49.890942','ce7c42d8-f557-42e1-8e53-d9925bcafd3b'),('6d7b381d-66d0-4eea-b887-cf81f93aba1c','2 carrots, grated','undefined',2,'carrots, grated','2022-03-20 23:18:49.353039','6570af5a-e811-45b8-a533-c4f06438e1ff'),('753acbcd-3a31-4105-87ca-2fc9ad7cda81','1 teaspoon vanilla extract (Optional)','teaspoon',1,'vanilla extract (Optional)','2022-03-20 22:14:34.269272','b4191208-a0a1-4ea3-a1ce-e6cdeca0af94'),('7a39e13f-24a4-4c0d-9ae3-950d0cabc8f0','2 tablespoons unsalted butter, melted','tablespoons',2,'unsalted butter, melted','2022-04-03 00:48:58.026041','dd24945a-27fb-47d8-994f-7470d8aaf38a'),('836ba995-9e4a-4a15-888d-58b5c30ee302','1/4 cup mayonnaise','cup',0,'mayonnaise','2022-03-06 02:44:19.093477','3cd3f061-f3bc-4042-84c6-bb5f13722996'),('8707c3a8-9a87-44c3-a6a6-f2d185dbec7d','1 teaspoon baking powder','teaspoon',1,'baking powder','2022-04-03 00:48:57.985179','dd24945a-27fb-47d8-994f-7470d8aaf38a'),('8b91fcc7-8c4e-4fcb-a849-31c8ab779dd3','8 slices of whole grain or sourdough bread, toasted','slices',8,'whole grain or sourdough bread, toasted','2022-03-13 23:39:14.280364','fed3dedf-43b3-4de5-9433-6028e601bcf1'),('8bab6dd9-3d6f-41cd-b04b-b4f2db4d016d','3 tablespoons tahini','tablespoons',3,'tahini','2022-03-20 23:18:49.337213','6570af5a-e811-45b8-a533-c4f06438e1ff'),('91cb3da8-4348-4eef-b0af-52c5ce94c82d','1/4 cup plain Greek yogurt or sour cream','cup',0,'plain Greek yogurt or sour cream','2022-03-06 02:44:19.096521','3cd3f061-f3bc-4042-84c6-bb5f13722996'),('92032cc4-e04b-48d2-aca6-b1671fcce8f2','1 tsp apple cider vinegar (optional)','tsp',1,' apple cider vinegar (optional)','2022-03-06 00:56:49.893732','ce7c42d8-f557-42e1-8e53-d9925bcafd3b'),('9274adda-db10-47ec-a539-e3a7abcb29e3','1 tsp ground paprika','tsp',1,' ground paprika','2022-03-06 00:56:49.861467','ce7c42d8-f557-42e1-8e53-d9925bcafd3b'),('933fddad-ea36-43e2-a8f1-ab191b74713c','1/3 cup toasted sesame seeds, plus more for serving','cup',0,'toasted sesame seeds, plus more for serving','2022-03-20 23:18:49.333960','6570af5a-e811-45b8-a533-c4f06438e1ff'),('99b1d08e-d3ff-48e9-9ecc-7cb3cb7ae515','1 cup all-purpose flour','cup',1,'all-purpose flour','2022-04-03 00:48:57.979910','dd24945a-27fb-47d8-994f-7470d8aaf38a'),('9f533aa7-d534-42d3-821e-6d6601feb426','1 1/2 tablespoons freshly squeezed lime juice','tablespoons',1,'freshly squeezed lime juice','2022-03-20 23:18:49.338805','6570af5a-e811-45b8-a533-c4f06438e1ff'),('9f5d10da-5b91-42a0-aead-c36004b81c89','A tiny squeeze of lemon juice','undefined',NULL,'tiny squeeze of lemon juice','2022-03-13 23:39:14.274453','fed3dedf-43b3-4de5-9433-6028e601bcf1'),('9fe615d2-2e30-4302-ae89-b3c5e4cd571e','½ teaspoon baking soda','teaspoon',1,'baking soda','2022-04-03 00:48:57.990877','dd24945a-27fb-47d8-994f-7470d8aaf38a'),('a1b5cc50-b5a4-4f73-864e-c9055f44aadd','480 g chickpeas (drained)','g',480,' chickpeas (drained)','2022-03-06 00:56:49.840980','ce7c42d8-f557-42e1-8e53-d9925bcafd3b'),('a2e73229-3629-4803-8497-5b699bb609e6','1-2 tablespoons warm water','undefined',1,'2 tablespoons warm water','2022-03-20 23:18:49.347404','6570af5a-e811-45b8-a533-c4f06438e1ff'),('a7dfb6a1-611f-4b28-8231-b422c6aa1a80','1 stalk celery, washed and chopped','undefined',1,'stalk celery, washed and chopped','2022-03-13 23:39:14.271174','fed3dedf-43b3-4de5-9433-6028e601bcf1'),('ab53c5cd-b25f-4df3-9c25-9f647fdb8601','1 teaspoon vanilla extract','teaspoon',1,'vanilla extract','2022-04-03 00:48:58.030118','dd24945a-27fb-47d8-994f-7470d8aaf38a'),('adb11379-8384-4842-a33a-594c024b09e6','1 tablespoon sugar','tablespoon',1,'sugar','2022-03-20 23:18:49.343871','6570af5a-e811-45b8-a533-c4f06438e1ff'),('adf35bcf-e551-43f0-bbc8-3928e8a2545e','Salt and pepper','undefined',NULL,NULL,'2022-03-06 02:44:19.125136','3cd3f061-f3bc-4042-84c6-bb5f13722996'),('adf6aa2d-d93e-4188-9caf-4c7dc1db6c8d','¼ tsp cayenne pepper','tsp',0,' cayenne pepper','2022-03-06 00:56:49.883663','ce7c42d8-f557-42e1-8e53-d9925bcafd3b'),('b3a23eb3-cb9f-452a-b42c-ac3a99abe99a','750 ml water','ml',750,' water','2022-03-06 00:56:49.885454','ce7c42d8-f557-42e1-8e53-d9925bcafd3b'),('b45117fd-902b-406e-803f-97423f1a3df4','½ tsp ground cinnamon','tsp',1,' ground cinnamon','2022-03-06 00:56:49.874873','ce7c42d8-f557-42e1-8e53-d9925bcafd3b'),('b4d949c2-b48e-4759-8324-0bf832948aee','6 large eggs','undefined',6,'large eggs','2022-03-13 23:39:14.258950','fed3dedf-43b3-4de5-9433-6028e601bcf1'),('b8becd95-adc1-44ba-80ae-f60a578fe8db','¼ teaspoon salt','teaspoon',0,'salt','2022-04-03 00:48:57.995410','dd24945a-27fb-47d8-994f-7470d8aaf38a'),('b8cf5158-ff7d-4ade-a491-d1f98236aef2','1 small bunch of cilantro, chopped','undefined',1,'small bunch of cilantro, chopped','2022-03-20 23:18:49.360014','6570af5a-e811-45b8-a533-c4f06438e1ff'),('bad7235e-dfe2-484e-831b-a47a05544a86','½ cup miniature chocolate chips, or more to taste','cup',1,'miniature chocolate chips, or more to taste','2022-04-03 00:48:58.038140','dd24945a-27fb-47d8-994f-7470d8aaf38a'),('c3e6f75c-2e00-41a9-b902-72ce663f56dc','2 tablespoons coco aminos or soy sauce','tablespoons',2,'coco aminos or soy sauce','2022-03-20 23:18:49.340486','6570af5a-e811-45b8-a533-c4f06438e1ff'),('c4f0262c-74bb-4fa8-9937-19ef5fadee53','2 small handfuls of lettuce','undefined',2,'small handfuls of lettuce','2022-03-13 23:39:14.277188','fed3dedf-43b3-4de5-9433-6028e601bcf1'),('c611400d-be39-45a1-bc21-5098278a4a7c','1 tablespoon whole-grain mustard','tablespoon',1,'whole-grain mustard','2022-03-13 23:39:14.265426','fed3dedf-43b3-4de5-9433-6028e601bcf1'),('c9cb6f45-73b1-44a4-9e64-bd03eb61c818','30 g fresh herbs (mint, parsley, or cilantro) for serving','g',30,' fresh herbs (mint, parsley, or cilantro) for serving','2022-03-06 00:56:49.895233','ce7c42d8-f557-42e1-8e53-d9925bcafd3b'),('cadbbb2d-9401-4b66-bc89-9df953554b69','1/2 of a small lemon','undefined',1,'a small lemon','2022-03-06 02:44:19.118042','3cd3f061-f3bc-4042-84c6-bb5f13722996'),('cefcac2b-b1e5-48de-80f3-128072248bc5','½ tsp sea salt','tsp',1,' sea salt','2022-03-06 00:56:49.879888','ce7c42d8-f557-42e1-8e53-d9925bcafd3b'),('d1a44bda-da4e-473d-a87f-174c26a18697','1 lemon (juice, divided)','undefined',1,' lemon (juice, divided)','2022-03-06 00:56:49.892365','ce7c42d8-f557-42e1-8e53-d9925bcafd3b'),('d5e9b0be-56cc-4583-bcfe-91416b4cf540','¾ cup milk','cup',1,'milk','2022-04-03 00:48:57.940211','dd24945a-27fb-47d8-994f-7470d8aaf38a'),('d8ddf68d-1fd3-4dd7-afde-0e7a882af900','2 large eggs','undefined',2,'large eggs','2022-03-20 22:14:34.261221','b4191208-a0a1-4ea3-a1ce-e6cdeca0af94'),('dcc51cda-4558-4167-a324-23ee2f9309f8','3 cloves garlic','undefined',3,'cloves garlic','2022-03-06 00:56:49.845141','ce7c42d8-f557-42e1-8e53-d9925bcafd3b'),('dfc3cad2-c5d5-4c40-a343-6241d781acba','1 Tablespoon dill pickles','Tablespoon',1,'dill pickles','2022-03-06 02:44:19.102445','3cd3f061-f3bc-4042-84c6-bb5f13722996'),('e64d281b-dc55-40d8-ba67-50a5bb60fc65','½ teaspoon dried dill weed','teaspoon',1,'dried dill weed','2022-03-06 02:44:19.104466','3cd3f061-f3bc-4042-84c6-bb5f13722996'),('e7d30d19-47d6-4125-85cc-c657a7d16caa','Salt and pepper','undefined',NULL,NULL,'2022-03-13 23:39:14.269250','fed3dedf-43b3-4de5-9433-6028e601bcf1'),('e8557fef-f0f4-41b6-ab64-b86fbc96bfd0','1/4 teaspoon Worcestershire sauce','teaspoon',0,'Worcestershire sauce','2022-03-06 02:44:19.112906','3cd3f061-f3bc-4042-84c6-bb5f13722996'),('e9a2e8cc-073d-4137-af17-63d45f17a2d6','3 cups finely shredded green cabbage','cups',3,'finely shredded green cabbage','2022-03-20 23:18:49.349631','6570af5a-e811-45b8-a533-c4f06438e1ff'),('eb14732c-56c9-4f77-b705-ae125410b83d','2 tablespoons white sugar','tablespoons',2,'white sugar','2022-04-03 00:48:57.982553','dd24945a-27fb-47d8-994f-7470d8aaf38a'),('eb1c380e-2b73-4e93-9c1d-036040c2a2c1','2 tbsp homemade vegetable stock concentrate','tbsp',2,' homemade vegetable stock concentrate','2022-03-06 00:56:49.886877','ce7c42d8-f557-42e1-8e53-d9925bcafd3b'),('f9dfe8f9-18e3-4ba6-927f-d446b6566f12','1/4 cup minced yellow onion','cup',0,'minced yellow onion','2022-03-13 23:39:14.272781','fed3dedf-43b3-4de5-9433-6028e601bcf1'),('fd3bd169-7968-403e-af16-2ebe5fdee3c3','1 tablespoon sriracha, or to taste','tablespoon',1,'sriracha, or to taste','2022-03-20 23:18:49.345577','6570af5a-e811-45b8-a533-c4f06438e1ff');
/*!40000 ALTER TABLE `ingredients` ENABLE KEYS */;
UNLOCK TABLES;

--
-- Table structure for table `instructions`
--

DROP TABLE IF EXISTS `instructions`;
/*!40101 SET @saved_cs_client     = @@character_set_client */;
/*!50503 SET character_set_client = utf8mb4 */;
CREATE TABLE `instructions` (
  `id` varchar(36) NOT NULL,
  `raw` text NOT NULL,
  `created_at` datetime(6) NOT NULL DEFAULT CURRENT_TIMESTAMP(6),
  `recipeId` varchar(36) DEFAULT NULL,
  `index` int NOT NULL,
  PRIMARY KEY (`id`),
  KEY `FK_412eec8482892c972e1ff29ce24` (`recipeId`),
  CONSTRAINT `FK_412eec8482892c972e1ff29ce24` FOREIGN KEY (`recipeId`) REFERENCES `recipes` (`id`) ON DELETE CASCADE ON UPDATE CASCADE
) ENGINE=InnoDB DEFAULT CHARSET=utf8mb4 COLLATE=utf8mb4_0900_ai_ci;
/*!40101 SET character_set_client = @saved_cs_client */;

--
-- Dumping data for table `instructions`
--

LOCK TABLES `instructions` WRITE;
/*!40000 ALTER TABLE `instructions` DISABLE KEYS */;
INSERT INTO `instructions` VALUES ('04ce99be-2d0b-415c-9262-ff79dd7e08d6','Serve with fish and chips, crab cakes or salmon!','2022-03-06 02:44:19.132995','3cd3f061-f3bc-4042-84c6-bb5f13722996',3),('1c39ea35-3204-42ba-aa6e-d7055c369176','Store in the fridge for up to 2 weeks.','2022-03-06 02:44:19.131298','3cd3f061-f3bc-4042-84c6-bb5f13722996',2),('23cf5afc-9873-49c3-9108-775be0ae6142','Whisk milk, eggs, vanilla, cinnamon, and salt together in a shallow bowl.','2022-03-20 22:14:34.285818','b4191208-a0a1-4ea3-a1ce-e6cdeca0af94',1),('28be0da6-1114-4b36-9a6b-81fdc9b8db86','Add chickpeas to stew and let simmer for approx. 10 min. Before serving, add kale and salt to taste. Serve with fresh herbs and lemon juice. Enjoy!','2022-03-06 00:56:49.906658','ce7c42d8-f557-42e1-8e53-d9925bcafd3b',5),('2fdd3366-acf9-4ccd-9c8f-babc4f87f04e','Lightly butter a griddle and heat over medium-high heat.','2022-03-20 22:14:34.289586','b4191208-a0a1-4ea3-a1ce-e6cdeca0af94',2),('325bd357-c55c-4914-81e0-5db769086db4','Combine milk and vinegar in a bowl and set aside for 5 minutes to \"sour\" the milk. You are essentially making your own buttermilk with this step.','2022-04-03 00:48:58.071747','dd24945a-27fb-47d8-994f-7470d8aaf38a',1),('353a7717-3b19-464b-a739-1997983abf5e','Add the yogurt or mayonnaise, the mustard, a couple generous pinches of salt and pepper, celery, onion, and lemon juice. Mash with a fork. Don\'t completely overdo it, you want the egg mixture to have some texture. If you need to add a bit more yogurt to moisten up the mixture a bit, go for it a bit at a time. Taste, and adjust the seasoning - adding more salt and pepper if needed.','2022-03-13 23:39:14.291093','fed3dedf-43b3-4de5-9433-6028e601bcf1',3),('3ddf115d-140e-43fa-95a7-cb173578a883','Whisk egg, butter, and vanilla extract into \"soured\" milk until well combined. Pour flour mixture into the wet ingredients and whisk until just combined. Fold in chocolate chips. Batter will be thick. Allow batter to rest for 5 minutes.','2022-04-03 00:48:58.089417','dd24945a-27fb-47d8-994f-7470d8aaf38a',3),('61c5f939-ff1f-4d7e-8ff9-a92ef4a507be','Assemble the Coleslaw:','2022-03-20 23:18:49.367968','6570af5a-e811-45b8-a533-c4f06438e1ff',3),('6251bdb8-7d1b-48a9-8de0-83ebc03f758e','Meanwhile, prepare quinoa according to package instructions, boiling it with the cider vinegar and some of the lemon juice. When little white rings begin to form around the grains, drain any excess water and set quinoa aside.','2022-03-06 00:56:49.904226','ce7c42d8-f557-42e1-8e53-d9925bcafd3b',4),('6532ad90-1202-44c5-b4e0-804c65d83453','Mix all ingredients together in a bowl, Season with sat and pepper, to taste.','2022-03-06 02:44:19.127485','3cd3f061-f3bc-4042-84c6-bb5f13722996',1),('6afd4480-ca90-447c-9c9d-01e375c16a81','Place the eggs in a pot and cover with cold water by a 1/2-inch or so. Bring to a gentle boil. Now turn off the heat, cover, and let sit for exactly eight minutes. Have a big bowl of ice water ready and when the eggs are done cooking place them in the ice bath for three minutes or so - long enough to stop the cooking. Crack and peel each egg, place in a medium mixing bowl.','2022-03-13 23:39:14.289506','fed3dedf-43b3-4de5-9433-6028e601bcf1',2),('72d735e4-7306-4dff-8e87-f9796f629646','Grind the sesame seeds in a mortar and pestle or by pulsing in a food processor or blender until it is a fine meal. Add the tahini, lime juice, coco aminos or soy sauce, mirin, sugar, and sriracha. Stir until well combined. Stir in the warm water and stir, stir, stir, until creamy and uniform. Taste and add more sriracha of you like.','2022-03-20 23:18:49.366193','6570af5a-e811-45b8-a533-c4f06438e1ff',2),('88e83935-918c-4f50-bfe1-7c868765da99','In a large pot, heat the olive oil over medium heat. Add onion and garlic and sear quickly. Lower heat, add all of the spices, and sauté for approx. 2 min. Add sweet potatoes, carrots, bell pepper and fennel and sauté for approx. 2 more min.','2022-03-06 00:56:49.901238','ce7c42d8-f557-42e1-8e53-d9925bcafd3b',2),('8dc59338-86c5-4190-8491-ca3845872661','Combine flour, sugar, baking powder, baking soda, and salt in a large mixing bowl.','2022-04-03 00:48:58.080660','dd24945a-27fb-47d8-994f-7470d8aaf38a',2),('9580c945-254e-41fb-9280-71319dfb0f1f','Pour about ¼ cup of batter for each pancake onto the skillet. Cook until bubbles appear on the surface, 2 to 4 minutes. Flip pancake with a spatula, and cook until browned on the other side, 2 to 3 more minutes. Repeat with remaining batter. Serve immediately.','2022-04-03 00:48:58.095745','dd24945a-27fb-47d8-994f-7470d8aaf38a',5),('9778e53c-552b-448b-83c2-86b025020eac','Dunk bread in the egg mixture, soaking both sides. Transfer to the hot skillet and cook until golden, 3 to 4 minutes per side. Serve hot.','2022-03-20 22:14:34.291240','b4191208-a0a1-4ea3-a1ce-e6cdeca0af94',3),('9d9ad7bc-365f-4a8b-b112-9e91480436ba','Combine the cabbages, carrots, apple, scallions, and cilantro in a large bowl. Drizzle with about half of the spicy sesame dressing. Toss until everything is nicely coated, and then toss a bit more. Decide if you want more dressing and add a bit at a time until it is to your liking.','2022-03-20 23:18:49.369226','6570af5a-e811-45b8-a533-c4f06438e1ff',4),('b52d3d03-40a3-4254-a661-0c449e39c744','To assemble each egg salad sandwich: rub the toasts with garlic, place a bit of lettuce on a piece of toast, top with the egg salad mixture, and finish by creating a sandwich with a second piece of toast. Repeat with remaining slices.','2022-03-13 23:39:14.292716','fed3dedf-43b3-4de5-9433-6028e601bcf1',4),('b9cf8d28-8d18-41da-8e60-267730f02384','Peel and finely dice onion and garlic. Peel carrots and sweet potatoes and cut into bite-size pieces. Deseed and dice bell pepper. Remove leaves and core from fennel and chop rest into small pieces. Wash kale, remove leaves from stems, and cut or tear into bite-size pieces.','2022-03-06 00:56:49.899350','ce7c42d8-f557-42e1-8e53-d9925bcafd3b',1),('d446961b-e843-4b42-8fda-9e1393253e73','Heat a large skillet over medium-low heat, and coat with cooking spray.','2022-04-03 00:48:58.091774','dd24945a-27fb-47d8-994f-7470d8aaf38a',4),('d4e11aed-3de7-4856-9ca6-cccb2acdcf10','Make the Spicy Sesame Dressing:','2022-03-20 23:18:49.363053','6570af5a-e811-45b8-a533-c4f06438e1ff',1),('ef72eab5-6f1d-45fa-a26e-6da23c9b4629','Serve sprinkled with some extra sesame seeds. Leftover coleslaw will keep covered in the refrigerator for a few days. Simply re-toss and enjoy.','2022-03-20 23:18:49.370436','6570af5a-e811-45b8-a533-c4f06438e1ff',5),('f479ab51-b762-4a5d-8efd-418cc0845412','Stir in water, vegetable stock, and tomatoes and bring to a boil. Reduce heat and let simmer for approx. 15 – 20 min. until sweet potatoes are softened, but still firm.','2022-03-06 00:56:49.903094','ce7c42d8-f557-42e1-8e53-d9925bcafd3b',3);
/*!40000 ALTER TABLE `instructions` ENABLE KEYS */;
UNLOCK TABLES;

--
-- Table structure for table `meal`
--

DROP TABLE IF EXISTS `meal`;
/*!40101 SET @saved_cs_client     = @@character_set_client */;
/*!50503 SET character_set_client = utf8mb4 */;
CREATE TABLE `meal` (
  `id` varchar(36) NOT NULL,
  `name` varchar(255) NOT NULL,
  `index` int NOT NULL,
  PRIMARY KEY (`id`)
) ENGINE=InnoDB DEFAULT CHARSET=utf8mb4 COLLATE=utf8mb4_0900_ai_ci;
/*!40101 SET character_set_client = @saved_cs_client */;

--
-- Dumping data for table `meal`
--

LOCK TABLES `meal` WRITE;
/*!40000 ALTER TABLE `meal` DISABLE KEYS */;
INSERT INTO `meal` VALUES ('3d48cdf0-8b17-45fe-a7fd-b5aa32971615','Breakfast',1),('54187012-3fc6-4328-adaf-9a21ed3caaf9','Lunch',2),('69bfb57b-b8f4-47fc-b020-7b483b9def39','Dinner',3);
/*!40000 ALTER TABLE `meal` ENABLE KEYS */;
UNLOCK TABLES;

--
-- Table structure for table `meal_recipes`
--

DROP TABLE IF EXISTS `meal_recipes`;
/*!40101 SET @saved_cs_client     = @@character_set_client */;
/*!50503 SET character_set_client = utf8mb4 */;
CREATE TABLE `meal_recipes` (
  `id` int NOT NULL AUTO_INCREMENT,
  `recipeId` varchar(36) DEFAULT NULL,
  `mealId` varchar(36) DEFAULT NULL,
  `userId` varchar(36) DEFAULT NULL,
  `date` varchar(255) NOT NULL,
  `cooked` tinyint NOT NULL DEFAULT '0',
  PRIMARY KEY (`id`),
  KEY `FK_2fcbd4f4f265864015c6798229a` (`recipeId`),
  KEY `FK_6cdc1d6f4cd1ea58226c62627a3` (`mealId`),
  KEY `FK_e87883d8364c145522aaa464c15` (`userId`),
  CONSTRAINT `FK_2fcbd4f4f265864015c6798229a` FOREIGN KEY (`recipeId`) REFERENCES `recipes` (`id`) ON DELETE CASCADE ON UPDATE CASCADE,
  CONSTRAINT `FK_6cdc1d6f4cd1ea58226c62627a3` FOREIGN KEY (`mealId`) REFERENCES `meal` (`id`) ON DELETE CASCADE ON UPDATE CASCADE,
  CONSTRAINT `FK_e87883d8364c145522aaa464c15` FOREIGN KEY (`userId`) REFERENCES `users` (`id`) ON DELETE CASCADE ON UPDATE CASCADE
) ENGINE=InnoDB AUTO_INCREMENT=15 DEFAULT CHARSET=utf8mb4 COLLATE=utf8mb4_0900_ai_ci;
/*!40101 SET character_set_client = @saved_cs_client */;

--
-- Dumping data for table `meal_recipes`
--

LOCK TABLES `meal_recipes` WRITE;
/*!40000 ALTER TABLE `meal_recipes` DISABLE KEYS */;
INSERT INTO `meal_recipes` VALUES (7,'fed3dedf-43b3-4de5-9433-6028e601bcf1','54187012-3fc6-4328-adaf-9a21ed3caaf9','5b6683dc-4f86-4247-8ac1-22a1910d5a9e','3/31/2022',0),(8,'b4191208-a0a1-4ea3-a1ce-e6cdeca0af94','3d48cdf0-8b17-45fe-a7fd-b5aa32971615','5b6683dc-4f86-4247-8ac1-22a1910d5a9e','4/1/2022',0),(9,'fed3dedf-43b3-4de5-9433-6028e601bcf1','54187012-3fc6-4328-adaf-9a21ed3caaf9','e99113a7-f9cc-4cd2-afff-52ce32900a65','4/2/2022',0),(10,'ce7c42d8-f557-42e1-8e53-d9925bcafd3b','54187012-3fc6-4328-adaf-9a21ed3caaf9','e99113a7-f9cc-4cd2-afff-52ce32900a65','4/3/2022',0),(11,'ce7c42d8-f557-42e1-8e53-d9925bcafd3b','69bfb57b-b8f4-47fc-b020-7b483b9def39','5b6683dc-4f86-4247-8ac1-22a1910d5a9e','4/3/2022',0),(12,'6570af5a-e811-45b8-a533-c4f06438e1ff','54187012-3fc6-4328-adaf-9a21ed3caaf9','f2720afa-4b05-4816-8a1d-91d897db2856','4/3/2022',1),(13,'dd24945a-27fb-47d8-994f-7470d8aaf38a','54187012-3fc6-4328-adaf-9a21ed3caaf9','f2720afa-4b05-4816-8a1d-91d897db2856','4/3/2022',1),(14,'fed3dedf-43b3-4de5-9433-6028e601bcf1','3d48cdf0-8b17-45fe-a7fd-b5aa32971615','f2720afa-4b05-4816-8a1d-91d897db2856','4/4/2022',1);
/*!40000 ALTER TABLE `meal_recipes` ENABLE KEYS */;
UNLOCK TABLES;

--
-- Table structure for table `moods`
--

DROP TABLE IF EXISTS `moods`;
/*!40101 SET @saved_cs_client     = @@character_set_client */;
/*!50503 SET character_set_client = utf8mb4 */;
CREATE TABLE `moods` (
  `id` varchar(36) NOT NULL,
  `name` varchar(255) NOT NULL,
  `icon` varchar(255) NOT NULL,
  `active` tinyint NOT NULL DEFAULT '1',
  PRIMARY KEY (`id`)
) ENGINE=InnoDB DEFAULT CHARSET=utf8mb4 COLLATE=utf8mb4_0900_ai_ci;
/*!40101 SET character_set_client = @saved_cs_client */;

--
-- Dumping data for table `moods`
--

LOCK TABLES `moods` WRITE;
/*!40000 ALTER TABLE `moods` DISABLE KEYS */;
INSERT INTO `moods` VALUES ('13b94d8f-400a-472e-91b5-70afcc49cfaf','Energetic','💃',1),('55410636-a11f-496c-ac99-81b5c0db21a7','Normal','👌',1),('7eb703ff-4717-4f9b-8450-69a2c2191389','Mad','😤',1),('9cb24865-8634-4f2c-9451-a4b4fe6aa769','Good','🙃',1),('bd9a49c5-a416-43b8-b762-c1bbe30cd5de','Tired','😩',1),('dc21d004-7585-4a89-8dc1-a3e3d386a0ca','Sad','😔',1),('e14d4ea7-19a6-455e-bcf5-3e5b48fedd16','Happy','😄',1),('e24e1415-39c6-41ca-9498-96f1d7dd30af','Stressed','😥',1),('f7335a28-cd26-4059-8c48-0e5e16b5b8f2','Calm','🧘‍♀️',1),('ff7cad92-fe4e-42c2-bdb6-a1eed8b7b87b','Excited','👏',1);
/*!40000 ALTER TABLE `moods` ENABLE KEYS */;
UNLOCK TABLES;

--
-- Table structure for table `moods_records`
--

DROP TABLE IF EXISTS `moods_records`;
/*!40101 SET @saved_cs_client     = @@character_set_client */;
/*!50503 SET character_set_client = utf8mb4 */;
CREATE TABLE `moods_records` (
  `id` varchar(36) NOT NULL,
  `date` datetime NOT NULL,
  `moodId` varchar(36) DEFAULT NULL,
  `userId` varchar(36) DEFAULT NULL,
  `created_at` datetime(6) NOT NULL DEFAULT CURRENT_TIMESTAMP(6),
  PRIMARY KEY (`id`),
  KEY `FK_fa776a74e06bb9d169f5850528a` (`moodId`),
  KEY `FK_4fb18c49a1ec567c837f7baa30e` (`userId`),
  CONSTRAINT `FK_4fb18c49a1ec567c837f7baa30e` FOREIGN KEY (`userId`) REFERENCES `users` (`id`) ON DELETE CASCADE ON UPDATE CASCADE,
  CONSTRAINT `FK_fa776a74e06bb9d169f5850528a` FOREIGN KEY (`moodId`) REFERENCES `moods` (`id`) ON DELETE CASCADE ON UPDATE CASCADE
) ENGINE=InnoDB DEFAULT CHARSET=utf8mb4 COLLATE=utf8mb4_0900_ai_ci;
/*!40101 SET character_set_client = @saved_cs_client */;

--
-- Dumping data for table `moods_records`
--

LOCK TABLES `moods_records` WRITE;
/*!40000 ALTER TABLE `moods_records` DISABLE KEYS */;
INSERT INTO `moods_records` VALUES ('06710f38-1ec5-460c-87df-4339ff0be602','2022-03-07 03:55:05','55410636-a11f-496c-ac99-81b5c0db21a7','5b6683dc-4f86-4247-8ac1-22a1910d5a9e','2022-03-07 15:56:59.024570'),('1cc45cff-6902-4e41-bff7-0c498a76659d','2022-04-01 19:05:06','13b94d8f-400a-472e-91b5-70afcc49cfaf','e99113a7-f9cc-4cd2-afff-52ce32900a65','2022-04-01 19:05:06.408579'),('2a98203e-940f-4800-beb4-6188744b26a0','2022-03-05 16:31:01','bd9a49c5-a416-43b8-b762-c1bbe30cd5de','5b6683dc-4f86-4247-8ac1-22a1910d5a9e','2022-03-07 15:56:59.024570'),('3402779d-5b23-4a81-8316-289ebdba30e7','2022-03-05 20:41:31','55410636-a11f-496c-ac99-81b5c0db21a7','5b6683dc-4f86-4247-8ac1-22a1910d5a9e','2022-03-07 15:56:59.024570'),('3c6f8f4d-b412-448e-afc3-b2ba178bd0b6','2022-03-05 20:41:33','13b94d8f-400a-472e-91b5-70afcc49cfaf','5b6683dc-4f86-4247-8ac1-22a1910d5a9e','2022-03-07 15:56:59.024570'),('4fa951dd-3909-4320-a279-00f0eb17014b','2022-03-30 19:03:10','13b94d8f-400a-472e-91b5-70afcc49cfaf','5b6683dc-4f86-4247-8ac1-22a1910d5a9e','2022-03-30 19:03:09.584384'),('58725d05-3129-43da-9833-8f7ee48731c4','2022-03-09 20:42:40','e24e1415-39c6-41ca-9498-96f1d7dd30af','788d0c7c-d4d5-4f04-a9c9-0099c658a3ba','2022-03-09 20:42:39.795691'),('5b40ee3e-aefc-43e3-a72e-935ac83b4b17','2022-03-05 20:57:43','e14d4ea7-19a6-455e-bcf5-3e5b48fedd16','5b6683dc-4f86-4247-8ac1-22a1910d5a9e','2022-03-07 15:56:59.024570'),('600ad897-f868-4a66-953c-f4aa6dd6bfd5','2022-03-30 19:28:30','e14d4ea7-19a6-455e-bcf5-3e5b48fedd16','e99113a7-f9cc-4cd2-afff-52ce32900a65','2022-03-30 19:28:29.876680'),('71a422ec-9747-4387-8bf9-d65cb95051e6','2022-03-07 03:55:05','13b94d8f-400a-472e-91b5-70afcc49cfaf','5b6683dc-4f86-4247-8ac1-22a1910d5a9e','2022-03-07 15:56:59.024570'),('7b58b068-0485-4680-9284-5b36b6a72283','2022-03-05 20:57:44','e14d4ea7-19a6-455e-bcf5-3e5b48fedd16','5b6683dc-4f86-4247-8ac1-22a1910d5a9e','2022-03-07 15:56:59.024570'),('7dcdc08a-bce5-4229-a785-c5def878d75b','2022-03-05 20:57:41','e14d4ea7-19a6-455e-bcf5-3e5b48fedd16','5b6683dc-4f86-4247-8ac1-22a1910d5a9e','2022-03-07 15:56:59.024570'),('88cd5317-f3ef-44d4-a77e-689c55a86f57','2022-03-30 19:28:30','13b94d8f-400a-472e-91b5-70afcc49cfaf','e99113a7-f9cc-4cd2-afff-52ce32900a65','2022-03-30 19:28:29.865780'),('a13b5416-8d49-487f-bf30-27f076c23232','2022-03-05 20:41:37','13b94d8f-400a-472e-91b5-70afcc49cfaf','5b6683dc-4f86-4247-8ac1-22a1910d5a9e','2022-03-07 15:56:59.024570'),('a30c4423-ad78-452c-8b99-5aee1d0b4374','2022-04-01 19:05:06','bd9a49c5-a416-43b8-b762-c1bbe30cd5de','e99113a7-f9cc-4cd2-afff-52ce32900a65','2022-04-01 19:05:06.417198'),('a40a656d-2ac5-4a4f-8556-50b0d5c8d7ce','2022-03-07 17:10:43','55410636-a11f-496c-ac99-81b5c0db21a7','5b6683dc-4f86-4247-8ac1-22a1910d5a9e','2022-03-07 17:10:43.012082'),('a8266dc3-7a87-4511-b19b-70e1a4efbc69','2022-04-01 19:05:06','9cb24865-8634-4f2c-9451-a4b4fe6aa769','e99113a7-f9cc-4cd2-afff-52ce32900a65','2022-04-01 19:05:06.414292'),('b100048e-9b52-44c5-b429-498474c2863a','2022-03-07 18:09:23','13b94d8f-400a-472e-91b5-70afcc49cfaf','5b6683dc-4f86-4247-8ac1-22a1910d5a9e','2022-03-07 18:09:23.099298'),('c7be4498-5c8f-41c5-97a2-d52174e7625a','2022-03-07 17:10:53','55410636-a11f-496c-ac99-81b5c0db21a7','5b6683dc-4f86-4247-8ac1-22a1910d5a9e','2022-03-07 17:10:53.462844'),('d3deba38-70f5-4393-b86f-986eee3ad667','2022-03-05 20:57:26','9cb24865-8634-4f2c-9451-a4b4fe6aa769','5b6683dc-4f86-4247-8ac1-22a1910d5a9e','2022-03-07 15:56:59.024570'),('eb3d3e3c-3f92-4732-aed1-b5631cf226c3','2022-03-30 19:28:30','f7335a28-cd26-4059-8c48-0e5e16b5b8f2','e99113a7-f9cc-4cd2-afff-52ce32900a65','2022-03-30 19:28:29.881580'),('ef873270-42ca-4a5b-bb17-d6578e3addf9','2022-03-05 20:41:35','7eb703ff-4717-4f9b-8450-69a2c2191389','5b6683dc-4f86-4247-8ac1-22a1910d5a9e','2022-03-07 15:56:59.024570'),('fe287069-9b81-451b-9e18-ac9f410581ea','2022-03-05 20:41:31','13b94d8f-400a-472e-91b5-70afcc49cfaf','5b6683dc-4f86-4247-8ac1-22a1910d5a9e','2022-03-07 15:56:59.024570');
/*!40000 ALTER TABLE `moods_records` ENABLE KEYS */;
UNLOCK TABLES;

--
-- Table structure for table `nutrition`
--

DROP TABLE IF EXISTS `nutrition`;
/*!40101 SET @saved_cs_client     = @@character_set_client */;
/*!50503 SET character_set_client = utf8mb4 */;
CREATE TABLE `nutrition` (
  `id` varchar(36) NOT NULL,
  `code` varchar(255) NOT NULL,
  `name` varchar(255) NOT NULL,
  `unit` varchar(255) NOT NULL,
  PRIMARY KEY (`id`)
) ENGINE=InnoDB DEFAULT CHARSET=utf8mb4 COLLATE=utf8mb4_0900_ai_ci;
/*!40101 SET character_set_client = @saved_cs_client */;

--
-- Dumping data for table `nutrition`
--

LOCK TABLES `nutrition` WRITE;
/*!40000 ALTER TABLE `nutrition` DISABLE KEYS */;
INSERT INTO `nutrition` VALUES ('04a17b42-9c5a-4d14-a346-aac8ff1e996a','K','Potassium, K','mg'),('05203218-b755-4707-b69c-8fcd970ccc9f','TOCPHA','Vitamin E (alpha-tocopherol)','mg'),('12bea159-d23d-4aa1-b8b5-87dcdd317492','FAPU','Fatty acids, total polyunsaturated','g'),('16a37c47-3e05-45ae-b441-9fe5729807c2','THIA','Thiamin','mg'),('1a49414f-5edd-45a6-81b9-db91a615e601','VITD','Vitamin D (D2 + D3)','µg'),('1d1b52fc-ca72-4587-8533-d3d761c1f454','FOLFD','Folate, food','µg'),('1f517980-9b27-40e0-920e-f88120b8503e','PROCNT','Protein','g'),('2bb50176-fcb0-46e2-9469-9305bb605ac9','SUGAR.added','Added sugar','g'),('3103bd20-afb9-4c66-9753-8b00d6017193','CHOLE','Cholesterol','mg'),('32b911bd-0611-4610-ad03-987b0853ada0','FAT','Total lipid (fat)','g'),('331a0f8f-70eb-437d-9122-2a3ed76536a9','FOLDFE','Folate, DFE','µg'),('359a18ad-62dd-4ea6-a13c-fcc3f9bba9a7','SUGAR','Sugars, total','g'),('400b9868-cdee-4c6c-924f-27c25bfa6b28','VITC','Vitamin C, total ascorbic acid','mg'),('432f0a87-1a87-449a-abf0-dbdc73a2d1c1','P','Phosphorus, P','mg'),('5260e649-9b8c-4192-aa6b-72dbcb0a55cb','VITB12','Vitamin B-12','µg'),('5444b4ca-c639-4d0c-85c4-8fea99d16d4b','CHOCDF','Carbohydrate, by difference','g'),('5d98a6e9-b639-4a90-9f74-86e2909437df','FAMS','Fatty acids, total monounsaturated','g'),('667bca12-89ad-4bae-abca-2c3dc085d78f','ZN','Zinc, Zn','mg'),('6d1c7e6e-f51f-4c7f-82f6-a30deb42eb27','VITA_RAE','Vitamin A, RAE','µg'),('6e283f44-5288-4a0b-83f4-5726babe2722','Sugar.alcohol','Sugar alcohols','g'),('746d230a-fc8b-42a0-bd44-c88456346ca6','CA','Calcium, Ca','mg'),('8588d5b4-8a19-41ed-9729-9fcf37d55b01','RIBF','Riboflavin','mg'),('8661d1d3-3c97-46e6-85fe-a9246bbe6e8c','FOLAC','Folic acid','µg'),('8c1a7fd0-84e5-4698-92a4-f4f0dffd5a46','ENERC_KCAL','Energy','kcal'),('90f4101d-989c-454a-93da-fbde43afaf9a','NA','Sodium, Na','mg'),('93c883da-28ee-49a0-ae38-f64bbb822b7f','FASAT','Fatty acids, total saturated','g'),('9b84a10b-cdfa-4c66-9027-bfbd7d414d70','NIA','Niacin','mg'),('a431cd49-9250-4d3b-9efd-4838ec98922d','MG','Magnesium','mg'),('a548eb6e-fbb9-44da-8d9e-00184730c12b','FE','Iron, Fe','mg'),('b4e7b0c2-43b9-4b4a-ada9-4a76add4b352','FIBTG','Fiber, total dietary','g'),('d66e834e-5ebf-4aa7-972d-85068bba9835','WATER','Water','g'),('e4ce6ca1-1958-4c8a-86c5-ad5c3f1400fd','CA','Calcium','mg'),('eb75bf36-3fc3-4d23-b49a-309b87695465','VITB6A','Vitamin B-6','mg'),('f7c8409e-834b-4788-ad85-836a748ebf72','FATRN','Fatty acids, total trans','g'),('fc717f32-8aed-480e-bba5-b61c4d6116c2','CHOCDF.net','Carbohydrate (net)','g'),('fc875a22-c9b6-42f1-b4ca-a03b3d804926','VITK1','Vitamin K (phylloquinone)','µg');
/*!40000 ALTER TABLE `nutrition` ENABLE KEYS */;
UNLOCK TABLES;

--
-- Table structure for table `nutrition_recomendation`
--

DROP TABLE IF EXISTS `nutrition_recomendation`;
/*!40101 SET @saved_cs_client     = @@character_set_client */;
/*!50503 SET character_set_client = utf8mb4 */;
CREATE TABLE `nutrition_recomendation` (
  `id` varchar(36) NOT NULL,
  `name` varchar(255) NOT NULL,
  `code` varchar(255) DEFAULT NULL,
  `quantity` int NOT NULL,
  `unit` varchar(255) DEFAULT NULL,
  `population` varchar(255) NOT NULL,
  `ageStart` int NOT NULL,
  `ageEnd` int NOT NULL,
  PRIMARY KEY (`id`)
) ENGINE=InnoDB DEFAULT CHARSET=utf8mb4 COLLATE=utf8mb4_0900_ai_ci;
/*!40101 SET character_set_client = @saved_cs_client */;

--
-- Dumping data for table `nutrition_recomendation`
--

LOCK TABLES `nutrition_recomendation` WRITE;
/*!40000 ALTER TABLE `nutrition_recomendation` DISABLE KEYS */;
INSERT INTO `nutrition_recomendation` VALUES ('009135e9-9c11-484f-85b4-f1cc0c4256fb','Calcium','CA',1000,'mg','LACTATION',19,30),('018090a3-26ef-4277-bbce-a25bba2a5fa6','Water','WATER',2,'g','FEMALE',9,13),('01cdc246-024d-4b43-8a8b-92e08b0d5972','Vitamin A','VITA_RAE',600,'µg','FEMALE',9,13),('01e71ec9-fc97-4b25-b95c-5df3018ba462','Vitamin B-6','VITB6A',1,'mg','CHILDREN',4,8),('037728c1-7b48-4c69-974f-0b48c1eb4ed7','Protein','PROCNT',56,'g','MALE',70,100),('047ef358-6a42-45dc-a2f1-b4d271f7a9ca','Iron','FE',9,'mg','LACTATION',31,50),('0528938b-663f-49db-8037-95f024ce08a1','Niacin','NIA',6,'mg','CHILDREN',1,3),('054bae58-f594-4dd6-bd71-3d86fb7a826a','Water','WATER',1,'g','CHILDREN',1,3),('054c5a29-7195-4de0-8139-54c5a2252dd9','Magnesium','MG',400,'mg','MALE',19,30),('05f4bf51-4d2d-4cef-b477-5d22daa711e2','Iron','FE',8,'mg','MALE',70,100),('0654ea6f-4ddf-4213-90bc-1e1ff36b4380','Fat','FAPU',-1,'g','FEMALE',31,50),('06adfcc6-3eb3-4a3b-a25d-fd2f0231a588','Phosphorus','P',700,'mg','FEMALE',19,30),('06c0b9bf-1a71-40c0-b89c-54c9260bcd63','Magnesium','MG',320,'mg','FEMALE',31,50),('08031125-8a64-4602-8fa9-5d7b40260305','Water','WATER',3,'g','PREGNANCY',14,18),('0862de55-e732-45d0-aba8-4042ce27d1a3','Vitamin B-12','VITB12',3,'µg','LACTATION',14,18),('09022413-99bb-4669-8308-a62e74421aac','Iron','FE',27,'mg','PREGNANCY',31,50),('0930f719-96fc-43f0-aa00-8219843384f1','Phosphorus','P',1250,'mg','MALE',14,18),('0aa8d6dd-2b75-47c0-8be5-a49542d62d34','Fiber','FIBTG',28,'g','PREGNANCY',14,18),('0aebb70f-7074-4750-84e1-93cd80b58083','Sodium','NA',1500,'mg','MALE',19,30),('0b432814-951d-4dbe-a029-661d511d661c','Iron','FE',9,'mg','LACTATION',19,30),('0b6f5659-5e0f-467c-99d3-b15e482ad50a','Iron','FE',15,'mg','FEMALE',14,18),('0bdcefc4-dbe4-4259-a17a-88df79b029d9','Vitamin C','VITC',85,'mg','PREGNANCY',19,30),('0c6ea532-1d4f-4073-956f-c69f53ec8b5c','Vitamin D','VITD',15,'µg','MALE',51,70),('0cd18641-2f6d-4062-9ece-ff34998df4c2','Zinc','ZN',12,'mg','LACTATION',19,30),('0d12db87-5077-4737-9d43-c899b829e741','Niacin','NIA',17,'mg','LACTATION',31,50),('0d2ed9b6-5c24-4c78-8e0f-4380bf047def','Potassium','K',2900,'mg','PREGNANCY',31,50),('0e4549ae-3848-4144-bdaf-174abacac9fb','Thiamin','THIA',1,'mg','MALE',14,18),('0ea2b5e8-57b9-4135-a0d0-5f1c46035b55','Folate','FOLFD',400,'µg','FEMALE',14,18),('0eeb499b-0052-49b3-9e96-982652c5ac58','Folate','FOLFD',400,'µg','MALE',31,50),('0f1bd6c1-a002-4d63-ad93-ab1c9e103bd3','Carbohydrate','CHOCDF',130,'g','MALE',14,18),('0fbc41b8-5d94-4a57-a5f1-7cc65379a1f4','Protein','PROCNT',71,'g','PREGNANCY',31,50),('10ecf246-cf98-4fa9-9fc9-ebaf24011769','Vitamin D','VITD',15,'µg','FEMALE',51,70),('118eae23-8d3c-4cbe-a592-2082abe2a9c8','Fiber','FIBTG',30,'g','MALE',70,100),('12242d42-f617-4721-abd3-1fd8e3700b17','Iron','FE',27,'mg','PREGNANCY',14,18),('125c4a93-bb28-4547-a84c-3e802560fd68','Carbohydrate','CHOCDF',130,'g','MALE',51,70),('1390f803-c318-4528-aec3-aea42326ed16','Vitamin K','VITK1',90,'µg','LACTATION',31,50),('13a0d334-3689-4ef3-9057-eb7d329c66de','Phosphorus','P',700,'mg','LACTATION',31,50),('14678bb5-bfbb-405b-940d-5edf5a832bfc','Phosphorus','P',460,'mg','CHILDREN',1,3),('14eb0012-9c60-4300-b43e-28ab0bcf0a31','Vitamin D','VITD',20,'µg','MALE',70,100),('150b1e00-0fe2-49b5-b8ec-6ab273b205af','Folate','FOLFD',400,'µg','FEMALE',31,50),('1591dec6-9370-459f-9d3c-4ea0523f418f','Protein','PROCNT',13,'g','CHILDREN',1,3),('15fb8889-adc1-4071-9e77-2b25c94c733f','Water','WATER',3,'g','FEMALE',19,30),('17462000-63c7-4783-8721-efcc634faf4b','Calcium','CA',1300,'mg','PREGNANCY',14,18),('174a0f0a-6769-4096-abbd-55654903d10c','Vitamin B-12','VITB12',2,'µg','MALE',31,50),('174adde7-9cbf-4350-893e-fab4d4b450eb','Folate','FOLFD',200,'µg','CHILDREN',4,8),('1777b492-59bf-477a-8a63-154f2cf2ece1','Sodium','NA',1500,'mg','LACTATION',19,30),('188dba7d-c6ff-4e42-b55c-6e2ace164ed9','Magnesium','MG',410,'mg','MALE',14,18),('18a898c0-3c7f-4e88-b17c-ebf24252ccb2','Vitamin K','VITK1',75,'µg','LACTATION',14,18),('18e7d73d-b570-47e0-8e15-654143e97fb2','Protein','PROCNT',46,'g','FEMALE',31,50),('1958a958-5dc1-423a-8f2a-25d950f9c150','Riboflavin','RIBF',1,'mg','FEMALE',70,100),('19960d10-b555-4310-8574-f65f447f2911','Sodium','NA',800,'mg','CHILDREN',1,3),('19e82a42-eca5-4789-98d2-41997ea021b8','Protein','PROCNT',71,'g','LACTATION',14,18),('1a1799a3-3f12-40ee-8981-e3151a08679c','Vitamin E','TOCPHA',15,'mg','PREGNANCY',31,50),('1a703451-2c3c-425d-b113-c7d535f3aa99','Vitamin B-6','VITB6A',2,'mg','PREGNANCY',19,30),('1a7b521f-c8cd-4d32-8661-f0ab29f3c48a','Iron','FE',18,'mg','FEMALE',31,50),('1c797ddc-41ff-4e48-9a94-c0e8b6860cbb','Iron','FE',8,'mg','MALE',9,13),('1d390db7-e882-4d96-9a1f-606eac52e047','Vitamin C','VITC',85,'mg','PREGNANCY',31,50),('1d9238f9-1200-470d-8fc2-f330653056b6','Potassium','K',2600,'mg','FEMALE',19,30),('1db9f7ce-f216-4cfc-90f2-837de6baba64','Water','WATER',3,'g','PREGNANCY',31,50),('1de03763-1ebe-4073-8833-7894f4d174c5','Phosphorus','P',1250,'mg','FEMALE',14,18),('1e472250-d3f0-4430-bd0e-921fd9d93bd3','Vitamin B-6','VITB6A',1,'mg','MALE',9,13),('1fecf0b0-4c1e-4cf4-a915-8a4b8473802b','Calcium','CA',1300,'mg','MALE',14,18),('20e99843-31e5-4e3d-8d09-ac6275bbb05e','Vitamin C','VITC',90,'mg','MALE',51,70),('20eb9713-9a5f-4c63-bb2a-9f896c412878','Niacin','NIA',14,'mg','FEMALE',14,18),('223587ef-c2c8-4b0b-8b5c-1a11f1b22533','Iron','FE',18,'mg','FEMALE',19,30),('22e2fde0-b0a4-4579-8f30-224862c10538','Calcium','CA',1000,'mg','MALE',19,30),('2345847a-0063-4c6a-a64b-71108b258929','Vitamin E','TOCPHA',15,'mg','PREGNANCY',19,30),('235ac1d0-10fe-4d11-b036-b34234c21627','Vitamin B-6','VITB6A',2,'mg','FEMALE',51,70),('23da8248-41f1-4e82-a0b6-67903fd5ff2e','Vitamin E','TOCPHA',15,'mg','MALE',31,50),('2418464c-7455-4049-af36-345cf4ec9d80','Riboflavin','RIBF',1,'mg','FEMALE',14,18),('2473f4b4-4242-40dc-a1d0-f22d967c04b7','Calcium','CA',1200,'mg','MALE',70,100),('24936857-f0cd-43de-a776-712bacf44b64','Vitamin K','VITK1',90,'µg','PREGNANCY',31,50),('24c17322-9d6f-4b47-b3fb-d0294d39b8f3','Niacin','NIA',17,'mg','LACTATION',19,30),('2528e86a-9abd-4237-b8e0-8dc06ee27a88','Vitamin K','VITK1',90,'µg','FEMALE',51,70),('2663e60c-af54-4bdd-a5d6-0b9be0dae87c','Vitamin K','VITK1',90,'µg','FEMALE',70,100),('2672bb04-355f-4d04-89ff-8d05db4eaeac','Niacin','NIA',18,'mg','PREGNANCY',14,18),('275a278c-ae9b-47b2-a4ef-19498666138d','Iron','FE',8,'mg','MALE',31,50),('27e55c3e-f076-48ba-96db-737167f46811','Vitamin D','VITD',15,'µg','PREGNANCY',19,30),('27e8687e-0826-4c86-9216-1df644873ed4','Vitamin E','TOCPHA',15,'mg','PREGNANCY',14,18),('284d1edb-7f71-4e02-b0d9-64fdb589e6ef','Protein','PROCNT',46,'g','FEMALE',70,100),('2900bd27-1d29-4514-ab3f-8fc8f81861c3','Folate','FOLFD',400,'µg','MALE',19,30),('29739c53-e6e8-41ff-b961-dc26263758ca','Protein','PROCNT',71,'g','LACTATION',31,50),('2c03e102-e221-499e-8a2d-ca0657a15dab','Sodium','NA',1500,'mg','LACTATION',31,50),('2d977962-81df-49a5-a87d-3ef269979ed1','Water','WATER',4,'g','MALE',19,30),('2dc08f80-99dd-4f5c-9daa-4478b919db5c','Protein','PROCNT',71,'g','LACTATION',19,30),('2e167952-c39e-4f17-bd21-31812ffbe87e','Phosphorus','P',700,'mg','LACTATION',19,30),('2f391f1d-f6e2-42b2-a1e5-0c1dedb6e6af','Folate','FOLFD',400,'µg','MALE',51,70),('2f543b49-a2a2-4dfb-8210-44c55f073488','Carbohydrate','CHOCDF',130,'g','CHILDREN',4,8),('2faec4ce-8128-4fbf-bd75-b9fa199a6861','Potassium','K',3400,'mg','MALE',31,50),('2fdbc9cc-9754-4f83-9233-93e92466a8b4','Magnesium','MG',420,'mg','MALE',51,70),('2fe04842-452c-4221-9131-3399c57bde16','Vitamin B-6','VITB6A',2,'mg','FEMALE',70,100),('300aba07-2a56-47cf-b6f3-5136a154c8e1','Water','WATER',2,'g','MALE',9,13),('30579916-3abd-456e-a9bd-886b9418c105','Vitamin B-12','VITB12',2,'µg','MALE',70,100),('306440ac-8370-4bbb-b80c-86951c1e7cac','Vitamin B-6','VITB6A',1,'mg','FEMALE',9,13),('30bbd056-de38-4d9e-b450-2e9d7e42444d','Zinc','ZN',11,'mg','MALE',51,70),('3371db70-2aab-4f3e-93cf-f95f1a422267','Iron','FE',27,'mg','PREGNANCY',19,30),('33836dfb-df07-460b-8a3b-87f14f5521f3','Phosphorus','P',700,'mg','FEMALE',31,50),('3406245a-9c8d-4ba9-821b-c3671c276bfe','Thiamin','THIA',1,'mg','FEMALE',70,100),('34a88667-85fa-4624-829e-405b67e9fcf9','Magnesium','MG',420,'mg','MALE',70,100),('35215e43-50c1-41d7-8e98-680f8b2edf4c','Carbohydrate','CHOCDF',130,'g','FEMALE',19,30),('35d55c9d-07cc-4c7d-853e-769ac71cd8ad','Carbohydrate','CHOCDF',130,'g','FEMALE',9,13),('36a8d428-6269-4ef3-8307-47bf27c67ed5','Zinc','ZN',8,'mg','FEMALE',70,100),('36f0c459-df1d-48ba-b214-592309bc1658','Folate','FOLFD',400,'µg','MALE',14,18),('36f70299-3820-4dc1-95b9-75b40fea8af0','Fiber','FIBTG',29,'g','LACTATION',31,50),('370618df-373e-4e04-a0f1-aa1a9c15451b','Vitamin C','VITC',45,'mg','MALE',9,13),('37a42201-f6ed-465f-b029-45b510a4f3bb','Folate','FOLFD',300,'µg','FEMALE',9,13),('389ad45c-d212-4c19-9d14-4cf200554194','Potassium','K',2500,'mg','LACTATION',14,18),('397d4820-878c-486a-a0f5-de22c17ab719','Riboflavin','RIBF',2,'mg','LACTATION',19,30),('39daf159-fdd7-43a2-b15d-c3e26002e672','Phosphorus','P',700,'mg','PREGNANCY',19,30),('3a29a51b-9931-4d70-8465-b40fcbb224e8','Vitamin D','VITD',15,'µg','FEMALE',14,18),('3a3e6f1a-6e02-49f9-96b0-88338b5ba08f','Thiamin','THIA',1,'mg','LACTATION',14,18),('3aacb469-40b9-4453-bf2d-6c83ef7e76c5','Vitamin B-6','VITB6A',1,'mg','FEMALE',19,30),('3ad531ac-2fdd-4695-b05e-bee36a202b21','Potassium','K',3000,'mg','MALE',14,18),('3ca11112-02d7-4043-8ce4-18c2979b6c16','Carbohydrate','CHOCDF',130,'g','FEMALE',70,100),('3cc9f9c7-7cb4-4112-b41d-ee1277383945','Iron','FE',10,'mg','LACTATION',14,18),('3d3d15a9-ef14-40bb-9a6f-a5b93b3ed33c','Vitamin A','VITA_RAE',1200,'µg','LACTATION',14,18),('3dc1daa4-f195-433c-ab0d-2d187ac72823','Vitamin K','VITK1',90,'µg','FEMALE',19,30),('3ddf6b0b-00bf-405a-a3df-0e893f5ac5ae','Riboflavin','RIBF',1,'mg','CHILDREN',4,8),('3e25f12b-43b7-459c-999b-be4b203a89bd','Fiber','FIBTG',28,'g','PREGNANCY',19,30),('3f0cf6cc-2996-4463-85f0-547fc5d2a063','Zinc','ZN',11,'mg','PREGNANCY',31,50),('3fbcfa32-d27f-4c12-9914-99b2b44167d7','Phosphorus','P',700,'mg','FEMALE',51,70),('3fe8ddee-fe42-4d44-971d-1da2da4e09eb','Vitamin B-6','VITB6A',1,'mg','CHILDREN',1,3),('4153aa4d-81c1-4d66-824f-28f9a44395cd','Sodium','NA',1200,'mg','MALE',9,13),('423da63d-0ac3-49e5-a5a9-c9e08f3d4a15','Vitamin B-6','VITB6A',1,'mg','MALE',14,18),('42cc182b-5c29-4a08-9d71-fa4b9ca9c1da','Potassium','K',2600,'mg','FEMALE',31,50),('430afaf0-018a-4209-b967-d5c6709aa698','Thiamin','THIA',1,'mg','CHILDREN',1,3),('4316c3c2-0da6-461a-a884-c35ca42baa47','Thiamin','THIA',1,'mg','FEMALE',19,30),('447fe931-d4b3-4f24-a8c2-55151e0f2ef7','Zinc','ZN',3,'mg','CHILDREN',1,3),('4490b7a6-bad8-49f5-a840-09481849477b','Thiamin','THIA',1,'mg','MALE',70,100),('449dd7da-1771-411a-90c8-a42d1b413ddc','Vitamin A','VITA_RAE',770,'µg','PREGNANCY',31,50),('449e66bb-5216-46d7-814a-cc2a45d215d4','Vitamin C','VITC',75,'mg','FEMALE',19,30),('44c327e2-5ae1-437e-bd2b-fabab96ec908','Phosphorus','P',1250,'mg','LACTATION',14,18),('450049cc-ea60-4751-a2dc-e54bed4248e6','Vitamin E','TOCPHA',19,'mg','LACTATION',19,30),('45367062-7f8d-4751-9bc7-ca7d8fe21c81','Protein','PROCNT',34,'g','MALE',9,13),('45b124ee-41a1-4c52-9f1e-9f6a414a0d86','Vitamin E','TOCPHA',15,'mg','FEMALE',70,100),('45e1ef76-1996-4b62-a60c-78fd331dbd52','Carbohydrate','CHOCDF',175,'g','PREGNANCY',31,50),('46688410-759e-4e56-9bad-f676c186de85','Fiber','FIBTG',21,'g','FEMALE',70,100),('46be9fc5-358f-4640-8066-88048708f079','Magnesium','MG',400,'mg','PREGNANCY',14,18),('46d90f97-28ab-4baf-a462-83a17803e425','Zinc','ZN',8,'mg','FEMALE',51,70),('46f507a3-9371-480e-b5d5-98c1daf0ae2d','Carbohydrate','CHOCDF',210,'g','LACTATION',19,30),('470bc485-7c1e-443e-8a2f-fc55beb3d95c','Carbohydrate','CHOCDF',130,'g','MALE',9,13),('4740d6c8-6d97-4ffd-b710-3af2cef05666','Vitamin K','VITK1',75,'µg','FEMALE',14,18),('47f431f1-5937-43ba-9cb8-4c400e78d456','Phosphorus','P',1250,'mg','MALE',9,13),('48040390-1598-4499-ad61-bb92b69b4723','Niacin','NIA',16,'mg','MALE',70,100),('48c6ceb4-53ea-47cf-9457-bee9bbc55d08','Vitamin K','VITK1',90,'µg','PREGNANCY',19,30),('48eba0c3-ca09-460d-9a61-301f2b4d13c4','Zinc','ZN',9,'mg','FEMALE',14,18),('4918290d-6f50-4d04-8edd-1adcc5487b01','Water','WATER',4,'g','LACTATION',19,30),('493ded24-37ca-4f37-89af-87bdc3cfaf50','Fiber','FIBTG',26,'g','FEMALE',14,18),('4a27cb75-6075-4077-9329-26a236d13b4f','Vitamin C','VITC',25,'mg','CHILDREN',4,8),('4a705de3-4b4a-4552-aa9b-b2faaf7fffcd','Thiamin','THIA',1,'mg','MALE',19,30),('4ab7ba35-8214-4953-8081-79fcdafeed50','Fatty acids','FAPU',1,'g','LACTATION',31,50),('4b34d727-d008-418a-b965-47983bee9865','Vitamin K','VITK1',75,'µg','PREGNANCY',14,18),('4b3c3ddd-7f79-4300-bedf-17b2fb54c96c','Niacin','NIA',18,'mg','PREGNANCY',19,30),('4c0306ae-2dc3-4f5f-8640-84d71e62550e','Potassium','K',2800,'mg','LACTATION',31,50),('4c777dc6-ada1-4270-8497-56e805df2a3c','Fatty acids','FAPU',1,'g','CHILDREN',1,3),('4c8e60ee-cc96-4c6c-ac4a-05424683fcc7','Sodium','NA',1500,'mg','FEMALE',51,70),('4ca604e5-da3a-4bab-b38a-f3bf69147842','Fatty acids','FAPU',1,'g','FEMALE',19,30),('4d4fb46e-1c5e-4757-874d-d62289597134','Vitamin K','VITK1',60,'µg','MALE',9,13),('4df42b62-035b-4e47-afe6-3db54000e61f','Calcium','CA',1000,'mg','FEMALE',19,30),('4e1e3a28-3997-4b0d-b9d0-1f8ec26285a3','Protein','PROCNT',71,'g','PREGNANCY',19,30),('4e6e78c1-ab19-41f3-9bda-faef1e876d20','Vitamin C','VITC',90,'mg','MALE',31,50),('4e9c12b7-cde4-4fb3-8751-e720dec039e1','Vitamin A','VITA_RAE',400,'µg','CHILDREN',4,8),('4e9f2517-35b0-4ec2-b472-9026b352f34a','Fat','FAPU',-1,'g','LACTATION',31,50),('4f12eaa9-e317-44a6-90be-ff400881a5f0','Phosphorus','P',700,'mg','MALE',70,100),('4f7b9f1c-a853-4179-aed3-0601f54c8036','Vitamin E','TOCPHA',15,'mg','FEMALE',14,18),('4fd7d0fe-77e1-40fb-a74b-c4a53e1d2ed7','Fiber','FIBTG',25,'g','CHILDREN',4,8),('5280d8fa-e421-4fbb-87c9-cb67a9bdcddf','Carbohydrate','CHOCDF',175,'g','PREGNANCY',14,18),('532e07b8-7934-4513-81c6-7e8a789a8298','Magnesium','MG',420,'mg','MALE',31,50),('537af090-39bc-4811-88c9-44b4d8d91934','Riboflavin','RIBF',1,'mg','PREGNANCY',31,50),('53d1d3c0-f202-403a-8ee9-4b1d0a808280','Sodium','NA',1500,'mg','LACTATION',14,18),('542f43d3-f9d1-4aa3-8ad1-6dfdf10fa47c','Thiamin','THIA',1,'mg','LACTATION',31,50),('544158b0-05f3-4021-9dff-0574b9f669ed','Protein','PROCNT',71,'g','PREGNANCY',14,18),('55327f55-714c-401f-8e5b-b64bbbff7f3b','Riboflavin','RIBF',1,'mg','FEMALE',31,50),('55687543-2753-432a-a64a-5a9d21d538b0','Fat','FAPU',-1,'g','FEMALE',51,70),('56338ec3-0c6b-47a4-9e09-145526b96e5e','Thiamin','THIA',1,'mg','PREGNANCY',19,30),('564a50dd-3ffd-459b-874f-2bbabb350461','Potassium','K',2300,'mg','CHILDREN',4,8),('570840eb-a35f-4ac6-a705-c7950057d379','Magnesium','MG',130,'mg','CHILDREN',4,8),('574d4654-39dd-4edc-877a-b4a0328ce836','Vitamin D','VITD',15,'µg','CHILDREN',4,8),('57a5405c-d1b4-4273-a592-6a3efdde1a96','Vitamin K','VITK1',30,'µg','CHILDREN',1,3),('57f16bfc-ce3a-4d76-8911-d3c3e7afe18d','Zinc','ZN',11,'mg','MALE',31,50),('58919e2b-37df-4263-b8bf-2ec1feba3c18','Vitamin C','VITC',75,'mg','FEMALE',51,70),('5937822d-b64f-4f22-a639-8b9928f8780e','Potassium','K',2000,'mg','CHILDREN',1,3),('596ae208-5112-4f3c-93a6-5cf22a67b54e','Vitamin K','VITK1',120,'µg','MALE',70,100),('5999c215-3a15-4e15-b3e5-cc8050616d1c','Vitamin A','VITA_RAE',700,'µg','FEMALE',51,70),('59f73391-448b-4711-9423-1e53733f1b6e','Niacin','NIA',14,'mg','FEMALE',19,30),('5b5b84f6-c5ce-43c3-8299-01ea09ad054b','Fatty acids','FAPU',2,'g','MALE',70,100),('5b74149d-d7fa-4455-ba87-651c577bbb73','Vitamin C','VITC',120,'mg','LACTATION',31,50),('5c408b5d-1bf9-43fe-b0eb-347997b3a076','Carbohydrate','CHOCDF',210,'g','LACTATION',31,50),('5cc0250a-4f1b-4594-8baf-ef662370fd2a','Phosphorus','P',700,'mg','PREGNANCY',31,50),('5e0d40ab-cc83-4a99-b108-9291db55fcfa','Vitamin B-12','VITB12',2,'µg','FEMALE',70,100),('5f9b1b63-10e7-4286-88ae-79c0f0630cb2','Fatty acids','FAPU',1,'g','FEMALE',51,70),('5fec21f7-0ebd-4b6c-ac5b-968079a861b3','Water','WATER',2,'g','FEMALE',14,18),('5ffddba6-fa33-4e67-9246-a05736ce51e1','Vitamin C','VITC',120,'mg','LACTATION',19,30),('60aa4023-554f-4077-85f1-30c6075de0ad','Potassium','K',3400,'mg','MALE',51,70),('61b63a21-784d-472b-b02d-5169800736be','Carbohydrate','CHOCDF',130,'g','CHILDREN',1,3),('61f33f6c-81a4-47fe-940c-624db1761e55','Vitamin B-12','VITB12',3,'µg','PREGNANCY',31,50),('62a8b684-f32a-41dc-99c3-a46e10dd3c4c','Vitamin A','VITA_RAE',900,'µg','MALE',14,18),('62cc756d-4a2b-4235-ab2a-fcbeb3201309','Fiber','FIBTG',31,'g','MALE',9,13),('6496b066-49b9-482a-80b6-feca45c28450','Water','WATER',2,'g','CHILDREN',4,8),('65ede8b5-272a-4fe3-b272-e8ff1b8961a0','Carbohydrate','CHOCDF',130,'g','FEMALE',31,50),('6630065a-4c4c-40c9-9b3e-b34471ce5c2b','Vitamin E','TOCPHA',6,'mg','CHILDREN',1,3),('6634c405-aee2-4a41-96ee-bac6aaa18362','Iron','FE',8,'mg','MALE',51,70),('6642f7c7-17d3-4e82-834f-37d1c48fde87','Thiamin','THIA',1,'mg','FEMALE',9,13),('669048a9-0a1e-4d0f-ab5c-836047becdb9','Calcium','CA',1000,'mg','MALE',51,70),('6720c3cd-51d8-4738-a188-7ea1b1226eed','Vitamin C','VITC',115,'mg','LACTATION',14,18),('672cd346-0f9b-4560-8536-41f796af4f38','Riboflavin','RIBF',1,'mg','FEMALE',19,30),('67b16b6f-7a5d-49eb-b756-6124433c2d5c','Magnesium','MG',320,'mg','LACTATION',31,50),('689c4f1b-75a4-4910-9a1f-5dabc293c34e','Vitamin E','TOCPHA',15,'mg','MALE',51,70),('695d4d42-616d-4010-8da6-740226a9aec3','Vitamin D','VITD',15,'µg','CHILDREN',1,3),('69aa040f-cf0e-4100-9439-a8bdef73ce89','Zinc','ZN',11,'mg','MALE',14,18),('69df59d6-5a16-4d1d-9388-ad777761f31c','Vitamin A','VITA_RAE',300,'µg','CHILDREN',1,3),('6b8e72b5-6612-4f57-a571-9776b84f43ce','Vitamin B-12','VITB12',1,'µg','CHILDREN',4,8),('6bc5957c-f0b9-4b79-a15e-50eb2159e3f6','Calcium','CA',1300,'mg','LACTATION',14,18),('6c3f0fae-9622-4613-b9a6-d83f5758695f','Vitamin B-12','VITB12',2,'µg','FEMALE',51,70),('6c4a75d9-aebc-48c0-9267-54b03f38ff85','Fiber','FIBTG',19,'g','CHILDREN',1,3),('6ce6e1c3-1313-4088-ae9b-3e46dbc11215','Niacin','NIA',12,'mg','FEMALE',9,13),('6d0e61b0-e3df-4e8c-be6a-2b70ea2c740f','Vitamin E','TOCPHA',15,'mg','FEMALE',51,70),('6d29bcdf-61bd-4446-a7cd-a3890c7ee612','Magnesium','MG',80,'mg','CHILDREN',1,3),('6d8d1407-d101-4d03-b8ca-2b62f0b272a9','Folate','FOLFD',500,'µg','LACTATION',31,50),('6da7bc12-33dc-4cd2-bdfc-618da893512e','Potassium','K',2800,'mg','LACTATION',19,30),('6dbb4f97-7b32-4162-a93b-729e52fd2f9a','Fat','FAPU',-1,'g','PREGNANCY',19,30),('6f4344a5-3e5b-47cc-ab80-d3c4fbb551f4','Carbohydrate','CHOCDF',130,'g','MALE',31,50),('70030ebd-df4e-49e9-9c3b-0bb9965eec5a','Vitamin A','VITA_RAE',700,'µg','FEMALE',31,50),('71214eba-31a1-4482-8617-5381b25e9308','Fat','FAPU',-1,'g','FEMALE',70,100),('713ae5bf-53f4-4eba-8f7f-87a0ca1037fd','Fat','FAPU',-1,'g','PREGNANCY',31,50),('72660b65-cc08-49ef-ad87-b5bd01d5c983','Carbohydrate','CHOCDF',130,'g','FEMALE',51,70),('73c242c9-3a1b-4c5d-bc5f-d504b1dbea1e','Vitamin A','VITA_RAE',900,'µg','MALE',19,30),('741c5ac2-2bc8-47ec-b542-ede77632788f','Calcium','CA',1300,'mg','FEMALE',9,13),('741edfc6-5c67-4d05-96af-390a5d755f5a','Vitamin D','VITD',15,'µg','PREGNANCY',14,18),('7470d771-7a4a-416e-9a65-463c2c932259','Niacin','NIA',18,'mg','PREGNANCY',31,50),('74bbb74f-9951-4663-a563-11c5489246c2','Vitamin A','VITA_RAE',900,'µg','MALE',70,100),('74d207d7-92c0-4ae9-be51-6b75f10a34d7','Iron','FE',10,'mg','CHILDREN',4,8),('74ec2ab4-b7ce-4235-b4a1-cbd9c77a054c','Vitamin B-12','VITB12',3,'µg','LACTATION',19,30),('75440d57-0a4a-43bc-937a-397aaf63864b','Vitamin B-12','VITB12',2,'µg','MALE',14,18),('75694a57-53da-4e32-b86b-4b348dba3ab2','Riboflavin','RIBF',1,'mg','PREGNANCY',14,18),('75eace70-1e4e-44ff-a1b2-c5dce3356e49','Riboflavin','RIBF',1,'mg','MALE',19,30),('76272ebe-2ee2-49d6-b846-fe5da0f1ec27','Vitamin E','TOCPHA',7,'mg','CHILDREN',4,8),('76831fc9-1512-4140-b20a-ab60e1b168e9','Thiamin','THIA',1,'mg','CHILDREN',4,8),('7747200b-5900-4231-beb2-8bea550c6910','Vitamin B-12','VITB12',3,'µg','PREGNANCY',19,30),('775318f9-91d0-4858-98e9-c47b49cfc334','Fiber','FIBTG',25,'g','FEMALE',31,50),('77678171-c07a-4a3a-b2ca-ec186b2ada0c','Phosphorus','P',700,'mg','MALE',31,50),('79a96ed9-a8e0-4e09-a882-db083b3c6f0a','Vitamin C','VITC',80,'mg','PREGNANCY',14,18),('79b0169b-252e-4c05-80d1-1c7fbc21b8b8','Vitamin E','TOCPHA',15,'mg','FEMALE',31,50),('7a2a1a8a-49c9-42a1-9bbc-b222b6939f49','Fat','FAPU',-1,'g','FEMALE',14,18),('7ce4dd0c-dc61-4a08-8d2b-ff25a38b0170','Protein','PROCNT',19,'g','CHILDREN',4,8),('7d2404a3-a0e0-49ae-a205-2e620af7e1ea','Fat','FAPU',-1,'g','PREGNANCY',14,18),('7de14eda-c0d9-4804-9ee9-d112ff96646c','Phosphorus','P',500,'mg','CHILDREN',4,8),('7eb5a571-2ac9-483c-b7fb-ac4991096464','Vitamin A','VITA_RAE',900,'µg','MALE',51,70),('80c1488d-7fd5-469e-99ea-9c012e833109','Vitamin E','TOCPHA',11,'mg','FEMALE',9,13),('80d041b1-49ce-46e3-922d-8df37418a0e5','Protein','PROCNT',34,'g','FEMALE',9,13),('816c1471-6a2d-496f-8805-99955bd6b389','Vitamin C','VITC',90,'mg','MALE',70,100),('83140219-2680-4f0f-9ec1-4b61037a34d5','Niacin','NIA',14,'mg','FEMALE',51,70),('84a55a2b-501f-4400-a1d2-79bf5c83970c','Fat','FAPU',-1,'g','MALE',14,18),('84bd2523-8dff-4bc7-840f-a5f39a831917','Fiber','FIBTG',30,'g','MALE',51,70),('8514a218-75ac-4793-a409-e9eedd775e01','Vitamin B-12','VITB12',1,'µg','CHILDREN',1,3),('85d38d8b-f197-447c-ae91-237bef6754d9','Vitamin B-12','VITB12',3,'µg','LACTATION',31,50),('87fbfe99-1d07-49da-bd94-4ffd9e7110de','Vitamin B-6','VITB6A',1,'mg','FEMALE',31,50),('880a452d-efdf-4a4c-897c-11e5e400bd12','Magnesium','MG',240,'mg','FEMALE',9,13),('88c0ed6f-c391-4a16-ae86-83449baa8c28','Fat','FAPU',-1,'g','MALE',31,50),('89f4d44a-bdb5-4f7f-91b4-5acfe689ff7c','Riboflavin','RIBF',1,'mg','MALE',51,70),('8a6f3746-97c4-41db-be56-4fb12c873501','Magnesium','MG',360,'mg','PREGNANCY',31,50),('8a77d16e-61dc-40e6-9b44-9969f4872ec0','Thiamin','THIA',1,'mg','FEMALE',14,18),('8af178bb-0f75-41bc-a432-cc002dac4fdf','Potassium','K',3400,'mg','MALE',70,100),('8bd9eaa0-a01a-4805-867d-c920481b78c1','Vitamin B-6','VITB6A',1,'mg','MALE',19,30),('8d634197-3c95-443a-8036-673796078a3c','Potassium','K',2600,'mg','PREGNANCY',14,18),('8d8b58bb-2728-445b-99f9-35020e43739f','Phosphorus','P',1250,'mg','PREGNANCY',14,18),('8da2d373-9bc5-4e6e-bd96-411aac218f28','Folate','FOLFD',600,'µg','PREGNANCY',19,30),('8f274b4a-a4c4-490f-822e-47185f5963c5','Folate','FOLFD',600,'µg','PREGNANCY',14,18),('8f9b9e61-7d52-43d2-8d00-cbe29b51b46e','Niacin','NIA',8,'mg','CHILDREN',4,8),('8fa53f68-9acc-447a-8163-fb35ee8caa6a','Thiamin','THIA',1,'mg','MALE',31,50),('90b68cac-3db3-4ed4-8aa3-afbd69a51758','Fatty acids','FAPU',1,'g','CHILDREN',4,8),('910df2ed-f341-42c2-b4f9-d24b938b9663','Vitamin B-12','VITB12',2,'µg','FEMALE',14,18),('91397db7-aa10-4c8c-a871-bf33e6e53481','Zinc','ZN',12,'mg','PREGNANCY',14,18),('91708751-1e9e-4ec4-9c24-840c2496ece3','Fatty acids','FAPU',1,'g','FEMALE',14,18),('91da37c1-aba2-4f73-9489-a1a8dbb58e47','Thiamin','THIA',1,'mg','LACTATION',19,30),('91e61ed2-6348-4c30-ab7d-0949826fddbb','Vitamin B-12','VITB12',2,'µg','MALE',9,13),('924ca016-0a9c-40c9-ada7-859ebd5c6b4b','Calcium','CA',1300,'mg','MALE',9,13),('9272b356-89da-4ba8-a7c7-079a23b14070','Calcium','CA',1300,'mg','FEMALE',14,18),('927f0401-4fc4-4463-a4b7-ac4a87d1a361','Magnesium','MG',350,'mg','PREGNANCY',19,30),('93270e93-8b43-40d3-9c36-6adfb0eaee84','Vitamin E','TOCPHA',11,'mg','MALE',9,13),('9348e177-b0d4-4b10-97d4-b22ff29dd07e','Niacin','NIA',14,'mg','FEMALE',70,100),('94b09909-b46d-40e7-b864-994f5d071e26','Riboflavin','RIBF',1,'mg','MALE',70,100),('95dd3742-4d25-4b13-ae76-70c94ba35d6c','Zinc','ZN',11,'mg','MALE',19,30),('96251502-ca24-42d0-8465-ff6bfc1c2e09','Sodium','NA',1500,'mg','PREGNANCY',31,50),('96524fab-7bb2-43a7-93c2-72a7eb7cc9f5','Sodium','NA',1500,'mg','FEMALE',19,30),('96ac086e-a7e6-429a-83da-0c981938f92b','Vitamin B-6','VITB6A',2,'mg','PREGNANCY',31,50),('9741b7cd-a55b-4746-8a3f-19968f502c10','Calcium','CA',1000,'mg','PREGNANCY',31,50),('988ef260-7109-4ad8-bd10-413b538cb089','Carbohydrate','CHOCDF',130,'g','FEMALE',14,18),('997182b9-8c73-44cb-b5b1-df0dcc31434d','Vitamin E','TOCPHA',15,'mg','MALE',14,18),('99c3c1c4-bf60-4606-a9ef-0a8ba057e7db','Potassium','K',2900,'mg','PREGNANCY',19,30),('99fade27-3ab0-4fc7-a8a6-f76405a38483','Zinc','ZN',8,'mg','FEMALE',19,30),('9b1068c2-cca1-411f-a590-4d1943bd9f57','Niacin','NIA',16,'mg','MALE',51,70),('9b461ca3-0285-49c2-b02f-38b0e414a174','Sodium','NA',1500,'mg','MALE',51,70),('9b4f32d3-e27c-49a3-9eda-b90c08e29fa5','Water','WATER',4,'g','LACTATION',31,50),('9c862c18-531c-4b14-aeb1-91e7db766e20','Thiamin','THIA',1,'mg','PREGNANCY',14,18),('9d43f9c1-15c4-4ef9-89ee-b487803140ce','Protein','PROCNT',56,'g','MALE',51,70),('9db718b4-d598-4bfb-a750-6b49a905a7ad','Riboflavin','RIBF',1,'mg','CHILDREN',1,3),('9e4f3d7c-e3f5-47c5-95de-f56385c025d7','Sodium','NA',1500,'mg','PREGNANCY',19,30),('a137eca9-8897-41f3-bf87-9d6a72d6a0dd','Folate','FOLFD',500,'µg','LACTATION',19,30),('a13b3a56-2e67-4291-8258-a3734eebdc22','Potassium','K',2600,'mg','FEMALE',70,100),('a1dba3f3-a038-43ea-b2c3-f568c7ffb500','Fat','FAPU',-1,'g','FEMALE',19,30),('a26c7dbe-c4fb-486f-b04a-5688e7c44ca9','Magnesium','MG',310,'mg','LACTATION',19,30),('a2dd2f9d-a6ce-40b2-b751-b05024571abf','Sodium','NA',1500,'mg','MALE',70,100),('a3408f1c-9d36-4780-8679-17e7b0153d11','Vitamin K','VITK1',90,'µg','LACTATION',19,30),('a465b03c-204c-4f84-93c6-9dbe7e0b3370','Vitamin B-6','VITB6A',2,'mg','LACTATION',14,18),('a52e0748-3e66-4ffb-9b65-57b38319f4d2','Fat','FAPU',-1,'g','LACTATION',19,30),('a5a610db-3e50-4461-a9f9-fc7cb32de415','Thiamin','THIA',1,'mg','MALE',9,13),('a5aa17c4-4c4f-49f0-b6d2-85b30dfe906c','Fatty acids','FAPU',2,'g','MALE',19,30),('a5de528f-c871-4dcf-9e4b-6b62786efbf6','Vitamin K','VITK1',120,'µg','MALE',31,50),('a5e65ef2-f8c8-428e-9956-caba3d2b879a','Water','WATER',4,'g','LACTATION',14,18),('a623203e-cf1f-4865-b099-06b3a30339c3','Vitamin A','VITA_RAE',900,'µg','MALE',31,50),('a649bf4e-4bc7-4dba-b1f8-76fa65c077fd','Vitamin D','VITD',15,'µg','LACTATION',14,18),('a6b31d18-c5b9-4b85-94ad-c606349d8f5b','Vitamin C','VITC',75,'mg','MALE',14,18),('a703e3e8-dedc-4c9f-acbc-bbf1822c55dd','Protein','PROCNT',56,'g','MALE',19,30),('a72598d2-b751-4de9-9457-0fd8bc7feebd','Potassium','K',2500,'mg','MALE',9,13),('a7445a4d-c452-46d1-bd1b-ceccf3c8ba9d','Calcium','CA',700,'mg','CHILDREN',1,3),('a7ba0ba5-63a0-482c-8704-c1844df16948','Fat','FAPU',-1,'g','FEMALE',9,13),('a883e101-c87f-4628-971f-3568e6bb1f83','Riboflavin','RIBF',2,'mg','LACTATION',14,18),('a8dd252e-c6dc-4ec8-80dc-cc8028c6e863','Fiber','FIBTG',38,'g','MALE',14,18),('a9c642f2-b604-422c-bef2-0ff1aee69cbb','Phosphorus','P',700,'mg','MALE',51,70),('aa77eef5-84c6-4c4e-9bd0-4c43eeb86254','Vitamin B-6','VITB6A',2,'mg','PREGNANCY',14,18),('aa872544-c59f-4cf0-a079-0241f004ae1d','Potassium','K',2300,'mg','FEMALE',14,18),('ab0c02f0-e42d-4caa-972c-dab17166d149','Vitamin D','VITD',15,'µg','FEMALE',31,50),('ab5020ed-c4d8-4ebd-bb5f-e8c3e59a4f93','Vitamin D','VITD',15,'µg','MALE',14,18),('ab6a9ad3-df5f-47d5-8a8c-561fa628d3bf','Calcium','CA',1200,'mg','FEMALE',70,100),('ac0e73f1-d0d2-4d70-9c83-d868ecf05adc','Vitamin D','VITD',15,'µg','LACTATION',19,30),('ac1da1bb-4e1d-444a-8781-f92a9e155dcc','Vitamin A','VITA_RAE',770,'µg','PREGNANCY',19,30),('ad21e191-9cff-4bbd-bacc-f9286a4686a5','Fiber','FIBTG',26,'g','FEMALE',9,13),('ad3f0855-da34-4131-8544-cec507688ed5','Vitamin A','VITA_RAE',1300,'µg','LACTATION',31,50),('ad3fbcb0-4062-414e-b7ce-4700a53b63f0','Vitamin E','TOCPHA',19,'mg','LACTATION',14,18),('adb25988-b777-4a37-abb9-ec81d253c432','Folate','FOLFD',500,'µg','LACTATION',14,18),('ae62faef-f34a-4881-81bd-f0b807e2e27f','Vitamin K','VITK1',60,'µg','FEMALE',9,13),('ae696502-28b1-4b22-993a-8a497b88ce63','Water','WATER',3,'g','PREGNANCY',19,30),('b19cc75e-2bdb-4619-9f5e-66482363f23c','Niacin','NIA',16,'mg','MALE',14,18),('b22b2383-e0d1-42af-a376-3049ec423555','Potassium','K',3400,'mg','MALE',19,30),('b2465193-daa5-42ec-9577-4546d1f91b1e','Fat','FAPU',-1,'g','MALE',51,70),('b2547c4e-2764-4430-ab00-e660fd85a033','Niacin','NIA',12,'mg','MALE',9,13),('b3967782-394e-4784-96a0-ae34c1745dfc','Vitamin C','VITC',90,'mg','MALE',19,30),('b440e13e-256b-44d8-bbbb-db1ac3a70a07','Water','WATER',3,'g','FEMALE',51,70),('b492a324-417c-49bd-a7e2-0d1f46e3c946','Fatty acids','FAPU',2,'g','MALE',31,50),('b52ce6b7-f4f1-44c2-8d85-55f49c0adb63','Phosphorus','P',1250,'mg','FEMALE',9,13),('b578ca9c-94d0-48d7-b133-e7a77340ab48','Calcium','CA',1000,'mg','FEMALE',31,50),('b621efee-543f-4d2d-96f3-a1ff3d30cb5f','Fiber','FIBTG',28,'g','PREGNANCY',31,50),('b62d75b7-d4fe-4fa8-8010-d9ab63ba5b48','Vitamin E','TOCPHA',15,'mg','MALE',19,30),('b7efa2a2-c7ad-405f-9200-1f4f84203af8','Fatty acids','FAPU',1,'g','FEMALE',70,100),('b802871e-2252-4098-964d-a64b90faabcd','Fiber','FIBTG',29,'g','LACTATION',14,18),('b85b277d-b22e-4c00-b792-af7603bc6bda','Zinc','ZN',8,'mg','FEMALE',31,50),('b95501c0-4e98-4a30-b554-85c4c4a634d0','Niacin','NIA',14,'mg','FEMALE',31,50),('ba6da60c-8704-44ec-9f0e-536354c14bf0','Vitamin B-12','VITB12',3,'µg','PREGNANCY',14,18),('baefe1a8-6d3b-434f-a068-50c2997b81e5','Water','WATER',4,'g','MALE',70,100),('bafeef13-c2b5-4a40-93cc-463e8b7d5645','Magnesium','MG',320,'mg','FEMALE',51,70),('bb5ebaa5-2097-4715-9a74-a2a48cd62574','Potassium','K',2600,'mg','FEMALE',51,70),('bbef2818-f410-4252-bded-0e216f740c88','Niacin','NIA',16,'mg','MALE',31,50),('bc253de3-259d-408b-bc8d-e0377d620192','Fiber','FIBTG',25,'g','FEMALE',19,30),('bc432fdc-ea22-4f31-8ec9-1633a38868bd','Carbohydrate','CHOCDF',210,'g','LACTATION',14,18),('bc637667-41bf-4582-97cc-9b0cd5b71f4a','Water','WATER',3,'g','MALE',14,18),('bcbebc26-606d-4d92-b163-44fdb3469744','Fatty acids','FAPU',1,'g','PREGNANCY',19,30),('bd281110-3d5e-4efa-95d4-49cf1e6e813d','Riboflavin','RIBF',1,'mg','FEMALE',51,70),('bd2d434d-751b-4976-ac89-031a0960c92c','Sodium','NA',1500,'mg','MALE',31,50),('bd451a20-51b2-4e55-a25a-423adb099672','Fiber','FIBTG',38,'g','MALE',19,30),('bd5a2eea-81ac-428b-b8f3-ed60d1b8e549','Vitamin K','VITK1',75,'µg','MALE',14,18),('bdce7522-f50e-4b6d-93a9-efa9dde61ddb','Protein','PROCNT',46,'g','FEMALE',51,70),('beedf50e-0ef2-456a-bae5-68f096159392','Vitamin D','VITD',15,'µg','LACTATION',31,50),('bfa9a78a-6b60-4dc7-91d5-4cee80b33923','Calcium','CA',1200,'mg','FEMALE',51,70),('c00b42ce-a550-447f-ba86-e170d3ed6d54','Vitamin D','VITD',15,'µg','MALE',9,13),('c06ca05c-5e56-49e2-8fc0-73f2d61487b5','Vitamin A','VITA_RAE',700,'µg','FEMALE',19,30),('c11fb762-a4f8-4719-952d-44e56f294a40','Iron','FE',8,'mg','FEMALE',9,13),('c1df7fb0-3808-4e3a-a029-02b5aa05e082','Magnesium','MG',360,'mg','LACTATION',14,18),('c2356e6a-03f1-4150-895a-46188e7cb086','Zinc','ZN',8,'mg','MALE',9,13),('c2b036be-6d45-4ad7-9084-3bcb628f6862','Vitamin A','VITA_RAE',1300,'µg','LACTATION',19,30),('c2e26157-79bf-4c70-bc0f-a3fab3d25674','Protein','PROCNT',46,'g','FEMALE',14,18),('c2e2ea8c-ff41-42fe-8b86-b2759774cc4f','Fat','FAPU',-1,'g','LACTATION',14,18),('c4417375-d1e6-40ff-9ac9-fa1ef982c07c','Fatty acids','FAPU',2,'g','MALE',51,70),('c4e2b355-f475-4142-866a-409b74a203bb','Fat','FAPU',-1,'g','MALE',19,30),('c5135ab4-c6e9-4213-88c0-3cb66c987b70','Vitamin A','VITA_RAE',700,'µg','FEMALE',70,100),('c564a6cb-7704-42a9-b094-4fa8e1668e49','Folate','FOLFD',400,'µg','MALE',70,100),('c720d9d2-48ff-4386-93d2-36d6c564d4cc','Riboflavin','RIBF',1,'mg','MALE',31,50),('c75b8437-16f6-48e5-82b3-b4e54a15a6bd','Vitamin B-12','VITB12',2,'µg','FEMALE',19,30),('c7970b60-36c6-458d-b15f-606e4f7d8025','Sodium','NA',1000,'mg','CHILDREN',4,8),('c7b50322-cb7d-4d50-a0e2-a411248b0c0c','Magnesium','MG',320,'mg','FEMALE',70,100),('c7fd2337-f6c8-4334-9494-e1acd27309c1','Thiamin','THIA',1,'mg','FEMALE',31,50),('c9074d57-cf0c-49d7-90d9-629412e6be73','Carbohydrate','CHOCDF',130,'g','MALE',70,100),('c916ac07-84a8-48c3-a797-10f4fbcf4ed9','Sodium','NA',1500,'mg','MALE',14,18),('c97c793a-85ff-40b4-9a70-8b49d82a8847','Niacin','NIA',16,'mg','MALE',19,30),('ca313990-7c99-48f6-af36-abeb05700b4a','Folate','FOLFD',150,'µg','CHILDREN',1,3),('ca31b2d4-b0b1-4131-8638-6147b02568cd','Fiber','FIBTG',38,'g','MALE',31,50),('ca62bb6c-5ae7-4dac-96ff-7858fb7307a0','Water','WATER',3,'g','FEMALE',31,50),('ca67f588-215c-4f87-8c5f-59dd9bd830ca','Fatty acids','FAPU',2,'g','MALE',14,18),('cac2d134-1da8-4429-8377-f96ec51dca56','Calcium','CA',1000,'mg','MALE',31,50),('cb09dc89-a465-4af0-a159-4e910b9d7100','Vitamin C','VITC',75,'mg','FEMALE',70,100),('cbafe3d0-4511-47f7-8fba-d0872844e7f9','Iron','FE',7,'mg','CHILDREN',1,3),('ccb2386b-953a-4eaf-948f-f638c585d182','Water','WATER',4,'g','MALE',31,50),('ccfcbded-97c6-4d14-8fcb-30b73392a586','Vitamin E','TOCPHA',15,'mg','MALE',70,100),('cd04ca3f-87e6-4bf1-8f58-98befd23943c','Riboflavin','RIBF',2,'mg','LACTATION',31,50),('cd2daab8-6a89-4617-9335-70e9662f76c3','Calcium','CA',1000,'mg','PREGNANCY',19,30),('cd4ec0cf-c4ec-49f9-b2c1-63fac2e83883','Vitamin D','VITD',15,'µg','FEMALE',19,30),('cd5fe3de-503d-4473-a7b7-7dc989ebc285','Vitamin B-6','VITB6A',2,'mg','LACTATION',19,30),('ce76c07a-f7fc-4e38-a8b3-65d5b5c6e15b','Zinc','ZN',5,'mg','CHILDREN',4,8),('cec5c362-ee03-4f83-ac40-39f7476143c0','Water','WATER',4,'g','MALE',51,70),('cfaf9cbc-b2a8-4b8c-85f4-5b10ffc0d94c','Iron','FE',11,'mg','MALE',14,18),('d024953f-b840-49aa-a75d-0d6b7e904a03','Sodium','NA',1500,'mg','FEMALE',70,100),('d030d1cd-3af3-412d-92bd-2843892f21a7','Phosphorus','P',700,'mg','MALE',19,30),('d293669f-2e63-4999-ad03-888bccdea4c1','Riboflavin','RIBF',1,'mg','PREGNANCY',19,30),('d4aa4e9d-afe3-43a2-bc9d-37c1acbfa9c9','Zinc','ZN',12,'mg','LACTATION',31,50),('d4c41764-e871-47f0-a45f-b581fc74a290','Vitamin A','VITA_RAE',750,'µg','PREGNANCY',14,18),('d5527f9a-e4d5-4866-87d6-bab5f478d1be','Vitamin B-6','VITB6A',1,'mg','FEMALE',14,18),('d569e1da-3c81-4588-ba26-9247fd26c987','Fat','FAPU',-1,'g','MALE',9,13),('d60145a7-66a3-41b4-aa53-e426fa437f98','Fat','FAPU',-1,'g','MALE',70,100),('d6f71a58-adcf-4aac-9608-7ac1a65ea5ae','Vitamin B-12','VITB12',2,'µg','MALE',19,30),('d752b57f-a587-470a-9ac4-d1b19208847d','Vitamin C','VITC',75,'mg','FEMALE',31,50),('d7aead1d-521f-4f12-9571-451f4e34443b','Fiber','FIBTG',29,'g','LACTATION',19,30),('d8b5e37a-da60-42dc-8858-060fcb6d8464','Vitamin B-12','VITB12',2,'µg','FEMALE',9,13),('d93e110f-59dd-4a48-ba2b-155e1ae4cad8','Folate','FOLFD',400,'µg','FEMALE',19,30),('d9ff8aff-5868-4314-abde-09803f5b3416','Zinc','ZN',11,'mg','MALE',70,100),('da303c7d-68d3-4ef5-8ad0-7a2191d9fe54','Thiamin','THIA',1,'mg','PREGNANCY',31,50),('da5af552-e768-460e-951d-4658688b58e0','Vitamin C','VITC',45,'mg','FEMALE',9,13),('db288bf2-1cd8-493e-9fa7-4f5e5a7b7632','Zinc','ZN',13,'mg','LACTATION',14,18),('db6e727d-cb27-4223-ad11-d8677310641a','Sodium','NA',1500,'mg','PREGNANCY',14,18),('dbf20fdc-3670-4319-ab65-a45af7d794cc','Vitamin K','VITK1',90,'µg','FEMALE',31,50),('dd0ea54e-cb84-4f04-bc04-859803543cf8','Fatty acids','FAPU',1,'g','LACTATION',14,18),('dd5dda91-8b99-4348-b365-59c18c3470ff','Folate','FOLFD',400,'µg','FEMALE',70,100),('dd859f51-404d-45c6-86d3-a141dd890122','Calcium','CA',1000,'mg','CHILDREN',4,8),('dde15cf7-f5be-4641-b067-7339edc21682','Magnesium','MG',360,'mg','FEMALE',14,18),('de3c809a-4d86-4278-859f-035fd6521797','Vitamin D','VITD',15,'µg','MALE',31,50),('df384a8c-5287-43e4-b3bd-e3c913a1c2fa','Fat','FAPU',-1,'g','CHILDREN',4,8),('df53b044-2748-4d2d-bdea-b3c0973e3379','Riboflavin','RIBF',1,'mg','MALE',14,18),('df58449e-030e-4cbe-a706-3cc45ee23140','Protein','PROCNT',52,'g','MALE',14,18),('df66d49b-ff69-4455-bc03-55a80d96fed8','Vitamin E','TOCPHA',19,'mg','LACTATION',31,50),('df8937f5-8af5-43a0-a25a-02cd46ed53cc','Carbohydrate','CHOCDF',130,'g','MALE',19,30),('e0e9077f-9af7-4fbe-a8ec-a2a9071fa42f','Vitamin B-12','VITB12',2,'µg','FEMALE',31,50),('e13edc6e-ad0a-4aa6-822d-78a3c999aeae','Vitamin D','VITD',20,'µg','FEMALE',70,100),('e14ebedb-790c-4100-a8b0-91affc4e29cd','Niacin','NIA',17,'mg','LACTATION',14,18),('e27848c9-b31f-43b4-8662-c0907343b4a9','Thiamin','THIA',1,'mg','MALE',51,70),('e27dd61e-685f-49bd-b544-68f39708c5db','Vitamin B-6','VITB6A',2,'mg','LACTATION',31,50),('e2997173-9511-4894-90f1-48558a94e028','Sodium','NA',1500,'mg','FEMALE',14,18),('e2d2f2ef-eca3-4cdd-8062-d6f3307411a3','Thiamin','THIA',1,'mg','FEMALE',51,70),('e3343f34-2f8c-4c10-9ab4-3df6d6c7fa4f','Magnesium','MG',310,'mg','FEMALE',19,30),('e435a52d-738f-46de-a211-5e9725644bfd','Vitamin D','VITD',15,'µg','FEMALE',9,13),('e4a81572-172a-4cda-a28c-94e5137da064','Zinc','ZN',11,'mg','PREGNANCY',19,30),('e4c47976-0c72-4eef-ad90-4d5c995a81f8','Folate','FOLFD',300,'µg','MALE',9,13),('e59202cc-ff35-42f9-8245-3b7a289bb8d5','Folate','FOLFD',400,'µg','FEMALE',51,70),('e6773825-2a1a-4a9e-88fd-20dcc4f00e0b','Iron','FE',8,'mg','FEMALE',51,70),('e6a70882-aa9d-499d-91c3-8e02ee009a3e','Fatty acids','FAPU',1,'g','FEMALE',9,13),('e6f87def-29f6-4efe-a279-7d9b341774d9','Vitamin C','VITC',65,'mg','FEMALE',14,18),('e719b050-7cd9-4953-b09b-fc5b7f2a6e64','Vitamin A','VITA_RAE',700,'µg','FEMALE',14,18),('e7feb515-0c29-45c9-9940-daefe30e23f6','Vitamin A','VITA_RAE',600,'µg','MALE',9,13),('e8e541bb-ffa4-4f5c-a861-c1afaaad2064','Riboflavin','RIBF',1,'mg','FEMALE',9,13),('e99f8b1e-aa25-4fd2-a625-8d9d5e844cab','Vitamin C','VITC',15,'mg','CHILDREN',1,3),('ea5eff93-890e-4884-b390-71e61b21ac56','Phosphorus','P',700,'mg','FEMALE',70,100),('ea88365b-778e-4fcc-a738-dd0a47dd02b5','Zinc','ZN',8,'mg','FEMALE',9,13),('ecf1b823-2450-43df-abdf-791fde97d3cf','Fiber','FIBTG',21,'g','FEMALE',51,70),('ed071249-ec08-4408-bdff-c0747ff82e05','Iron','FE',8,'mg','MALE',19,30),('ee33bdd5-d3b5-40c8-8f4e-fb2bc63ac6d9','Vitamin K','VITK1',120,'µg','MALE',51,70),('efb44d74-6ea4-4c19-9051-80fa6ff65d35','Vitamin B-6','VITB6A',2,'mg','MALE',51,70),('f06e8ad3-783c-490c-b70a-56eb83be6548','Fatty acids','FAPU',1,'g','FEMALE',31,50),('f1520f36-3090-44da-8371-bc03b74ee24f','Protein','PROCNT',56,'g','MALE',31,50),('f18f73d3-32b2-455e-b305-ba1672d33e59','Sodium','NA',1200,'mg','FEMALE',9,13),('f1922356-1b81-4856-aef8-6b1f11af6374','Vitamin D','VITD',15,'µg','PREGNANCY',31,50),('f1a34a40-b6ac-41d4-9119-0c4fa8d8f767','Sodium','NA',1500,'mg','FEMALE',31,50),('f230f70f-5193-4338-9bc9-ddf3a11d76e3','Calcium','CA',1000,'mg','LACTATION',31,50),('f36c4150-17d9-4409-a8d6-780a5a3fd956','Fatty acids','FAPU',1,'g','LACTATION',19,30),('f395def3-c227-4bfd-a1d9-d69bc4a4b28a','Iron','FE',8,'mg','FEMALE',70,100),('f471218e-9943-4c00-97b1-9607b8de29bd','Carbohydrate','CHOCDF',175,'g','PREGNANCY',19,30),('f5851429-dc69-44b6-848d-896a5c680dad','Vitamin B-6','VITB6A',1,'mg','MALE',31,50),('f5957b32-3af8-491b-bbec-1080b7049f9b','Fatty acids','FAPU',1,'g','PREGNANCY',14,18),('f6870fc3-6c4c-49f9-9f0b-29f0a8c9372a','Vitamin K','VITK1',120,'µg','MALE',19,30),('f6ceec3a-429f-4d75-b839-65f37775769d','Fat','FAPU',-1,'g','CHILDREN',1,3),('f6d25c02-3212-4a11-83ba-4f43fdaf6b9f','Vitamin E','TOCPHA',15,'mg','FEMALE',19,30),('f74016ad-5b79-4f7b-8e7d-707f668e1156','Vitamin D','VITD',15,'µg','MALE',19,30),('f9a9d752-f914-4132-a14e-b767613b497a','Protein','PROCNT',46,'g','FEMALE',19,30),('fa1173de-84df-4d20-a206-e2131f2b1eaa','Fatty acids','FAPU',1,'g','PREGNANCY',31,50),('faa80a90-464a-454c-b524-ed71a796bbd9','Vitamin B-12','VITB12',2,'µg','MALE',51,70),('fb29e376-4824-4c0c-8a01-dc08b6407523','Magnesium','MG',240,'mg','MALE',9,13),('fcfb7593-da35-4bb3-b8f0-360fbef4d23a','Vitamin K','VITK1',55,'µg','CHILDREN',4,8),('fd426b6d-c227-407c-9847-84217fd65986','Vitamin B-6','VITB6A',2,'mg','MALE',70,100),('fd76d32b-98fa-4f57-ab29-87afdb17c46b','Folate','FOLFD',600,'µg','PREGNANCY',31,50),('fdf3f998-9b66-49ee-b2bf-15752becfa55','Riboflavin','RIBF',1,'mg','MALE',9,13),('fe26efcd-3ede-4b06-b467-5970ebc351ca','Fatty acids','FAPU',1,'g','MALE',9,13),('ff2d7386-cf56-4105-8957-59e2c00a9c94','Potassium','K',2300,'mg','FEMALE',9,13),('fff4bf8b-d34e-4049-b3cc-4ca21dcfec00','Water','WATER',3,'g','FEMALE',70,100);
/*!40000 ALTER TABLE `nutrition_recomendation` ENABLE KEYS */;
UNLOCK TABLES;

--
-- Table structure for table `recipe_diet_label`
--

DROP TABLE IF EXISTS `recipe_diet_label`;
/*!40101 SET @saved_cs_client     = @@character_set_client */;
/*!50503 SET character_set_client = utf8mb4 */;
CREATE TABLE `recipe_diet_label` (
  `id` varchar(36) NOT NULL,
  `label` varchar(255) NOT NULL,
  `recipeId` varchar(36) DEFAULT NULL,
  PRIMARY KEY (`id`),
  KEY `FK_5fab2ef76df46c5aa6bec7d3a6c` (`recipeId`),
  CONSTRAINT `FK_5fab2ef76df46c5aa6bec7d3a6c` FOREIGN KEY (`recipeId`) REFERENCES `recipes` (`id`) ON DELETE CASCADE ON UPDATE CASCADE
) ENGINE=InnoDB DEFAULT CHARSET=utf8mb4 COLLATE=utf8mb4_0900_ai_ci;
/*!40101 SET character_set_client = @saved_cs_client */;

--
-- Dumping data for table `recipe_diet_label`
--

LOCK TABLES `recipe_diet_label` WRITE;
/*!40000 ALTER TABLE `recipe_diet_label` DISABLE KEYS */;
INSERT INTO `recipe_diet_label` VALUES ('19925fa6-dce9-4fa9-bd45-16b6af8aaf9c','HIGH_FIBER','6570af5a-e811-45b8-a533-c4f06438e1ff'),('85b9cec7-b2fc-47d8-b243-bf4f11020c82','HIGH_FIBER','ce7c42d8-f557-42e1-8e53-d9925bcafd3b'),('bddaab4d-1118-465f-9464-4ab852eb17f2','LOW_CARB','3cd3f061-f3bc-4042-84c6-bb5f13722996'),('eca8c407-8112-4483-a157-0d1fbdcd188b','BALANCED','b4191208-a0a1-4ea3-a1ce-e6cdeca0af94'),('fbd73f9f-2160-45bb-afba-1e491e1914da','LOW_FAT','fed3dedf-43b3-4de5-9433-6028e601bcf1');
/*!40000 ALTER TABLE `recipe_diet_label` ENABLE KEYS */;
UNLOCK TABLES;

--
-- Table structure for table `recipe_health_label`
--

DROP TABLE IF EXISTS `recipe_health_label`;
/*!40101 SET @saved_cs_client     = @@character_set_client */;
/*!50503 SET character_set_client = utf8mb4 */;
CREATE TABLE `recipe_health_label` (
  `id` varchar(36) NOT NULL,
  `label` varchar(255) NOT NULL,
  `recipeId` varchar(36) DEFAULT NULL,
  PRIMARY KEY (`id`),
  KEY `FK_f67ef976548ecc6d684e5c3d614` (`recipeId`),
  CONSTRAINT `FK_f67ef976548ecc6d684e5c3d614` FOREIGN KEY (`recipeId`) REFERENCES `recipes` (`id`) ON DELETE CASCADE ON UPDATE CASCADE
) ENGINE=InnoDB DEFAULT CHARSET=utf8mb4 COLLATE=utf8mb4_0900_ai_ci;
/*!40101 SET character_set_client = @saved_cs_client */;

--
-- Dumping data for table `recipe_health_label`
--

LOCK TABLES `recipe_health_label` WRITE;
/*!40000 ALTER TABLE `recipe_health_label` DISABLE KEYS */;
INSERT INTO `recipe_health_label` VALUES ('00687da9-88d9-49be-8d98-90e60d3e0dc8','PESCATARIAN','6570af5a-e811-45b8-a533-c4f06438e1ff'),('0221de06-526a-45d7-a176-14374c1ab145','TREE_NUT_FREE','6570af5a-e811-45b8-a533-c4f06438e1ff'),('02fa54ea-2f29-4e8a-baf3-3865381f4a39','MOLLUSK_FREE','3cd3f061-f3bc-4042-84c6-bb5f13722996'),('087457fa-e68c-4766-8b21-ce259d44bdb3','NO_SUGAR_ADDED','3cd3f061-f3bc-4042-84c6-bb5f13722996'),('09457292-bb0a-4a4a-bb03-9defa4a510c8','EGG_FREE','ce7c42d8-f557-42e1-8e53-d9925bcafd3b'),('0a6de5bc-cdf4-4180-8f57-8e054f82a0f8','FISH_FREE','fed3dedf-43b3-4de5-9433-6028e601bcf1'),('0c032770-2bc0-450d-b23c-8bea7e3a659e','SULPHITE_FREE','3cd3f061-f3bc-4042-84c6-bb5f13722996'),('0da1806d-59ea-420a-a736-1940bff71a66','SULPHITE_FREE','b4191208-a0a1-4ea3-a1ce-e6cdeca0af94'),('0e855d03-dc3c-459c-99fe-a10b386d108b','KOSHER','ce7c42d8-f557-42e1-8e53-d9925bcafd3b'),('11ee2d63-c729-4577-a1bc-b0a90dae674b','DAIRY_FREE','ce7c42d8-f557-42e1-8e53-d9925bcafd3b'),('1236bfe9-5261-42c3-a239-cdba7230871e','SHELLFISH_FREE','b4191208-a0a1-4ea3-a1ce-e6cdeca0af94'),('133519af-9bbc-46cf-95b2-273bfaeabbaf','PESCATARIAN','dd24945a-27fb-47d8-994f-7470d8aaf38a'),('147bbe69-e9ad-492b-8be1-6d5d6ca77ea5','PORK_FREE','dd24945a-27fb-47d8-994f-7470d8aaf38a'),('18ace0f6-55e7-41c9-a2ae-530387350ae8','SUGAR_CONSCIOUS','3cd3f061-f3bc-4042-84c6-bb5f13722996'),('1d0edba5-bbcc-44ff-a517-b670e5958ff9','LUPINE_FREE','ce7c42d8-f557-42e1-8e53-d9925bcafd3b'),('1d5fb47a-a157-4a4c-a3a2-49d046838986','MOLLUSK_FREE','fed3dedf-43b3-4de5-9433-6028e601bcf1'),('20785085-92b1-4562-858b-4ceb4c070d9e','RED_MEAT_FREE','b4191208-a0a1-4ea3-a1ce-e6cdeca0af94'),('210a7fd1-fed1-474c-a0ce-88e3376445c3','MOLLUSK_FREE','ce7c42d8-f557-42e1-8e53-d9925bcafd3b'),('24e190ee-2399-4f1c-a627-158951679de8','DAIRY_FREE','6570af5a-e811-45b8-a533-c4f06438e1ff'),('25e2184c-f429-426a-9f93-c5786eeaf998','CRUSTACEAN_FREE','6570af5a-e811-45b8-a533-c4f06438e1ff'),('274f9d5f-d21b-4f4a-b2f8-f9d7e18a0508','CELERY_FREE','dd24945a-27fb-47d8-994f-7470d8aaf38a'),('2a30039a-89aa-4056-abfb-3e88f3500a48','KIDNEY_FRIENDLY','3cd3f061-f3bc-4042-84c6-bb5f13722996'),('2a40c362-9d37-420a-935d-42b2aa9732b9','PORK_FREE','6570af5a-e811-45b8-a533-c4f06438e1ff'),('2d4d2015-f528-449c-ac87-25b0011a8cf3','PESCATARIAN','b4191208-a0a1-4ea3-a1ce-e6cdeca0af94'),('2f43e0c7-314e-441b-a3a5-7915630e55ec','ALCOHOL_FREE','b4191208-a0a1-4ea3-a1ce-e6cdeca0af94'),('31b14488-df7b-46c1-b12b-d1b04f3e2e4d','RED_MEAT_FREE','ce7c42d8-f557-42e1-8e53-d9925bcafd3b'),('3245641b-095a-4ef7-8221-05dc86ba51f8','ALCOHOL_FREE','dd24945a-27fb-47d8-994f-7470d8aaf38a'),('367cbbb9-a616-43e8-9dd5-7820068c5fab','LOW_POTASSIUM','dd24945a-27fb-47d8-994f-7470d8aaf38a'),('388a06ed-dc7c-4cbc-859c-8cc0173ea61c','NO_OIL_ADDED','6570af5a-e811-45b8-a533-c4f06438e1ff'),('3c271937-2c9d-40c5-898d-290d40c5d743','LUPINE_FREE','fed3dedf-43b3-4de5-9433-6028e601bcf1'),('404ef4e0-69c3-4f9f-91f4-b41cf0f88f33','LUPINE_FREE','6570af5a-e811-45b8-a533-c4f06438e1ff'),('414eaef8-cf2d-476f-bb31-bcedee7768c2','VEGAN','6570af5a-e811-45b8-a533-c4f06438e1ff'),('44cff25d-8814-4daf-891c-71ba70ce1b67','FISH_FREE','ce7c42d8-f557-42e1-8e53-d9925bcafd3b'),('4640b836-9d59-45bf-914d-ef1229e059eb','SHELLFISH_FREE','ce7c42d8-f557-42e1-8e53-d9925bcafd3b'),('4739264b-c6f7-4ab1-992c-21f621d8d72b','SHELLFISH_FREE','6570af5a-e811-45b8-a533-c4f06438e1ff'),('47c3576e-cdaa-4999-ac88-65914aba45c1','KOSHER','6570af5a-e811-45b8-a533-c4f06438e1ff'),('4b06fd35-0b0e-49ba-a5fd-913f9818441d','MEDITERRANEAN','ce7c42d8-f557-42e1-8e53-d9925bcafd3b'),('4d178a6d-9917-4b28-8dea-e4a63e61ab38','KIDNEY_FRIENDLY','b4191208-a0a1-4ea3-a1ce-e6cdeca0af94'),('4d3bc986-9ddf-4635-bad7-d02174cfd808','LUPINE_FREE','b4191208-a0a1-4ea3-a1ce-e6cdeca0af94'),('4d9eab8c-f7bb-4162-b9dc-dffc7fcfa415','SOY_FREE','ce7c42d8-f557-42e1-8e53-d9925bcafd3b'),('54579aed-9519-4c02-9b86-4309b0ccad04','SHELLFISH_FREE','fed3dedf-43b3-4de5-9433-6028e601bcf1'),('54739e0c-5fef-4c8b-bd3f-6a6b44ae7c27','PORK_FREE','ce7c42d8-f557-42e1-8e53-d9925bcafd3b'),('56497c7c-fc53-4620-b595-6468344622de','ALCOHOL_FREE','fed3dedf-43b3-4de5-9433-6028e601bcf1'),('59b7852b-32ec-4aba-ae87-6dcce1c6af28','RED_MEAT_FREE','3cd3f061-f3bc-4042-84c6-bb5f13722996'),('5b92c2a3-aecc-4e46-b356-a60092a332d5','PORK_FREE','3cd3f061-f3bc-4042-84c6-bb5f13722996'),('5d9f0348-8ddf-4eba-85e2-c3311d8eb368','SESAME_FREE','3cd3f061-f3bc-4042-84c6-bb5f13722996'),('5e23a5f6-7721-4312-944c-4777ba82e2df','PORK_FREE','b4191208-a0a1-4ea3-a1ce-e6cdeca0af94'),('5ff87367-cbd5-4e44-8e47-2faee6191c68','CELERY_FREE','b4191208-a0a1-4ea3-a1ce-e6cdeca0af94'),('657636d3-eeb2-4021-8a6c-70d419a52552','FISH_FREE','b4191208-a0a1-4ea3-a1ce-e6cdeca0af94'),('65895c08-687f-4bfc-8ba8-b15d707b04ea','MILK_FREE','ce7c42d8-f557-42e1-8e53-d9925bcafd3b'),('67572830-5aa0-4d28-bbce-4d1954dc8743','SOY_FREE','fed3dedf-43b3-4de5-9433-6028e601bcf1'),('6822f969-ff31-4255-8979-c7e37b523c46','KOSHER','dd24945a-27fb-47d8-994f-7470d8aaf38a'),('6ebff0c7-1832-414c-9fe7-f27d5fdad4b0','RED_MEAT_FREE','fed3dedf-43b3-4de5-9433-6028e601bcf1'),('70089d58-7475-4282-b557-cdf48e87ebb1','CRUSTACEAN_FREE','fed3dedf-43b3-4de5-9433-6028e601bcf1'),('732e5ab8-5ceb-4cd4-9427-4e919775020e','CRUSTACEAN_FREE','ce7c42d8-f557-42e1-8e53-d9925bcafd3b'),('73d2ca0e-a90c-4185-95e4-63eedc97ffe7','GLUTEN_FREE','ce7c42d8-f557-42e1-8e53-d9925bcafd3b'),('73ec6402-b92a-42a0-a5c7-00d4c2408521','VEGETARIAN','dd24945a-27fb-47d8-994f-7470d8aaf38a'),('75bbb68a-38a3-4489-9ab6-9fbb55ea6a78','ALCOHOL_FREE','ce7c42d8-f557-42e1-8e53-d9925bcafd3b'),('766ab27f-5c1e-494d-a80c-96314e4f450b','RED_MEAT_FREE','6570af5a-e811-45b8-a533-c4f06438e1ff'),('78655155-8902-40c0-b508-019b335257f5','PEANUT_FREE','b4191208-a0a1-4ea3-a1ce-e6cdeca0af94'),('78f5f7d7-3c82-4764-998d-4dfe3297027e','MUSTARD_FREE','b4191208-a0a1-4ea3-a1ce-e6cdeca0af94'),('798a1b8b-fea2-4bb2-a5fd-06a38a5888db','CELERY_FREE','ce7c42d8-f557-42e1-8e53-d9925bcafd3b'),('79df9195-a140-4431-b66c-4e53237d2368','MUSTARD_FREE','6570af5a-e811-45b8-a533-c4f06438e1ff'),('7c6e6bdd-c8f1-42a9-98bb-c32dc8898c76','SESAME_FREE','fed3dedf-43b3-4de5-9433-6028e601bcf1'),('840bb480-fa9e-48bd-9a42-003ab123c24f','ALCOHOL_FREE','3cd3f061-f3bc-4042-84c6-bb5f13722996'),('85875ba0-2438-44c5-b81c-8e572f0ce030','LOW_POTASSIUM','3cd3f061-f3bc-4042-84c6-bb5f13722996'),('868c5fe3-9b09-485b-a7e5-e6f60e1df8f6','CRUSTACEAN_FREE','3cd3f061-f3bc-4042-84c6-bb5f13722996'),('8924ec7c-b54a-4475-89fd-239373bfee81','SOY_FREE','b4191208-a0a1-4ea3-a1ce-e6cdeca0af94'),('8a61e490-b36a-4448-8d7b-d88d6fe1b0ba','VEGETARIAN','fed3dedf-43b3-4de5-9433-6028e601bcf1'),('8f1a3396-34a0-455b-9964-62941d199cb4','KOSHER','fed3dedf-43b3-4de5-9433-6028e601bcf1'),('929f1773-7c1e-45f3-ac7d-438e89a02d04','MOLLUSK_FREE','b4191208-a0a1-4ea3-a1ce-e6cdeca0af94'),('94141e71-ac9d-4170-9ea9-78b806fe1d8a','PESCATARIAN','ce7c42d8-f557-42e1-8e53-d9925bcafd3b'),('96149890-856a-4dd3-b3a3-cfd625053470','SHELLFISH_FREE','dd24945a-27fb-47d8-994f-7470d8aaf38a'),('96b3a977-6df9-470b-a794-ad117484d6ca','VEGETARIAN','3cd3f061-f3bc-4042-84c6-bb5f13722996'),('9853dd3c-e152-47fc-b995-44711e34aae3','PEANUT_FREE','dd24945a-27fb-47d8-994f-7470d8aaf38a'),('9b7e39da-d00e-4ae8-87cb-00f3d8b36784','CELERY_FREE','3cd3f061-f3bc-4042-84c6-bb5f13722996'),('9d0385ac-b215-4f3f-a5e1-e571bfbbd353','PESCATARIAN','fed3dedf-43b3-4de5-9433-6028e601bcf1'),('9db38d72-e24d-4681-a59a-160673e8a196','MOLLUSK_FREE','6570af5a-e811-45b8-a533-c4f06438e1ff'),('9e68075d-5f1a-4982-a7e0-b57204743ee5','KOSHER','3cd3f061-f3bc-4042-84c6-bb5f13722996'),('9f4f79a2-e4f0-4ff0-a7e7-2892723bd79d','KOSHER','b4191208-a0a1-4ea3-a1ce-e6cdeca0af94'),('9f626e88-0cdc-46ae-8afc-001194548475','FISH_FREE','dd24945a-27fb-47d8-994f-7470d8aaf38a'),('a1488154-abc2-45be-8861-c32c945b4eb8','VEGETARIAN','ce7c42d8-f557-42e1-8e53-d9925bcafd3b'),('a20f9a67-b593-42ad-83e0-62aeabb42863','LUPINE_FREE','3cd3f061-f3bc-4042-84c6-bb5f13722996'),('a7e8b046-0c16-4b24-83da-ada8fee607b3','CELERY_FREE','6570af5a-e811-45b8-a533-c4f06438e1ff'),('aaa027ef-6177-4d94-b408-c65ed88ce1ac','SESAME_FREE','dd24945a-27fb-47d8-994f-7470d8aaf38a'),('aed4b254-c1e7-4458-a657-2b3775b477d9','PEANUT_FREE','ce7c42d8-f557-42e1-8e53-d9925bcafd3b'),('af61f950-1e20-4b9e-8156-c39db159c3e7','MILK_FREE','6570af5a-e811-45b8-a533-c4f06438e1ff'),('b1dd3384-02e8-4dbe-87ef-c1b7d1a79a0a','KETO_FRIENDLY','3cd3f061-f3bc-4042-84c6-bb5f13722996'),('b3a93975-55d1-42d3-a1d5-4e411bbbc105','EGG_FREE','6570af5a-e811-45b8-a533-c4f06438e1ff'),('b5c43469-11ba-4541-b11b-6c68fa80a028','LUPINE_FREE','dd24945a-27fb-47d8-994f-7470d8aaf38a'),('b6e1764c-54a5-49b5-ae90-8d383577e857','TREE_NUT_FREE','ce7c42d8-f557-42e1-8e53-d9925bcafd3b'),('b7ab0132-ab09-46ec-ba6b-bcbb7ae1329e','KIDNEY_FRIENDLY','dd24945a-27fb-47d8-994f-7470d8aaf38a'),('bee32e06-f847-4977-9ba3-1ef4b06109a8','PEANUT_FREE','3cd3f061-f3bc-4042-84c6-bb5f13722996'),('c3d3302b-63c5-458d-927d-66b550c51d5b','SOY_FREE','3cd3f061-f3bc-4042-84c6-bb5f13722996'),('c4f062c4-73aa-4109-9145-d405905278c5','PORK_FREE','fed3dedf-43b3-4de5-9433-6028e601bcf1'),('cb439b09-acf2-4c40-a3a6-1af35ae37b98','PEANUT_FREE','fed3dedf-43b3-4de5-9433-6028e601bcf1'),('cb771a37-5bb4-439c-b546-195eea0861dd','SULPHITE_FREE','ce7c42d8-f557-42e1-8e53-d9925bcafd3b'),('cc20d08f-446b-482a-8411-ecd7aad0711b','FISH_FREE','6570af5a-e811-45b8-a533-c4f06438e1ff'),('cd1726f2-8f2e-438d-b679-c9904f306b3e','TREE_NUT_FREE','b4191208-a0a1-4ea3-a1ce-e6cdeca0af94'),('ce5a7a09-9b76-4a5a-866e-38a195d1d7f6','TREE_NUT_FREE','fed3dedf-43b3-4de5-9433-6028e601bcf1'),('cf2c9270-fd03-4e7b-8e6d-fecf1bc05fb5','CRUSTACEAN_FREE','dd24945a-27fb-47d8-994f-7470d8aaf38a'),('d24cc1ec-6552-42fd-9e69-8ddad4aa438d','VEGETARIAN','6570af5a-e811-45b8-a533-c4f06438e1ff'),('d3987e7a-d4f3-45a6-9a9e-bd68e471fd65','CRUSTACEAN_FREE','b4191208-a0a1-4ea3-a1ce-e6cdeca0af94'),('d5f75b51-c152-43d0-a961-878103e4e1f9','TREE_NUT_FREE','3cd3f061-f3bc-4042-84c6-bb5f13722996'),('d8702757-ce56-4c47-8425-008ee87c0138','MUSTARD_FREE','dd24945a-27fb-47d8-994f-7470d8aaf38a'),('d950d7ba-fb0f-4fd2-aaf3-cdd159a8f27d','MUSTARD_FREE','ce7c42d8-f557-42e1-8e53-d9925bcafd3b'),('dbbe37c2-4d1e-4020-97f0-be1402ffe31a','MOLLUSK_FREE','dd24945a-27fb-47d8-994f-7470d8aaf38a'),('dc2b7531-cbf2-49d4-bb87-85984d54ac45','VEGAN','ce7c42d8-f557-42e1-8e53-d9925bcafd3b'),('dd58cb45-6ca3-45af-b3d6-cf90b6614d99','SHELLFISH_FREE','3cd3f061-f3bc-4042-84c6-bb5f13722996'),('e0759d5c-181c-40d2-a896-1333322cb4ed','WHEAT_FREE','ce7c42d8-f557-42e1-8e53-d9925bcafd3b'),('e4ca0a9d-6a56-406b-abfb-a1836bbb7797','PEANUT_FREE','6570af5a-e811-45b8-a533-c4f06438e1ff'),('e5048966-ef7b-41db-81d5-a0d3335fabea','SESAME_FREE','b4191208-a0a1-4ea3-a1ce-e6cdeca0af94'),('e76f5529-71b4-46a1-8b46-d77adff68327','SULPHITE_FREE','fed3dedf-43b3-4de5-9433-6028e601bcf1'),('e871cec6-5ea2-4007-bf96-a9504248d1a8','SESAME_FREE','ce7c42d8-f557-42e1-8e53-d9925bcafd3b'),('f059e5a0-fd22-44f3-be24-19a65478f718','VEGETARIAN','b4191208-a0a1-4ea3-a1ce-e6cdeca0af94'),('f4c9a33b-140e-410f-965d-b85686f8ac2e','TREE_NUT_FREE','dd24945a-27fb-47d8-994f-7470d8aaf38a'),('f8189bac-cade-468a-b3b0-487a003c617a','RED_MEAT_FREE','dd24945a-27fb-47d8-994f-7470d8aaf38a'),('fe91a3ac-0ca5-4be1-b996-0a0bac4f7bc8','NO_SUGAR_ADDED','ce7c42d8-f557-42e1-8e53-d9925bcafd3b');
/*!40000 ALTER TABLE `recipe_health_label` ENABLE KEYS */;
UNLOCK TABLES;

--
-- Table structure for table `recipe_total_daily`
--

DROP TABLE IF EXISTS `recipe_total_daily`;
/*!40101 SET @saved_cs_client     = @@character_set_client */;
/*!50503 SET character_set_client = utf8mb4 */;
CREATE TABLE `recipe_total_daily` (
  `id` varchar(36) NOT NULL,
  `label` varchar(255) NOT NULL,
  `code` varchar(255) NOT NULL,
  `unit` varchar(255) NOT NULL,
  `quantity` int NOT NULL,
  `recipeId` varchar(36) DEFAULT NULL,
  PRIMARY KEY (`id`),
  KEY `FK_99293fcaeac796b52559d874426` (`recipeId`),
  CONSTRAINT `FK_99293fcaeac796b52559d874426` FOREIGN KEY (`recipeId`) REFERENCES `recipes` (`id`) ON DELETE CASCADE ON UPDATE CASCADE
) ENGINE=InnoDB DEFAULT CHARSET=utf8mb4 COLLATE=utf8mb4_0900_ai_ci;
/*!40101 SET character_set_client = @saved_cs_client */;

--
-- Dumping data for table `recipe_total_daily`
--

LOCK TABLES `recipe_total_daily` WRITE;
/*!40000 ALTER TABLE `recipe_total_daily` DISABLE KEYS */;
INSERT INTO `recipe_total_daily` VALUES ('00bc6320-18ef-4852-8418-b38069b3b3ff','Niacin (B3)','NIA','%',170,'ce7c42d8-f557-42e1-8e53-d9925bcafd3b'),('011d4d83-b207-4d93-a140-f0435e7c2989','Potassium','K','%',2,'3cd3f061-f3bc-4042-84c6-bb5f13722996'),('025a4474-a872-40a4-8603-d291eb1b5a78','Cholesterol','CHOLE','%',11,'3cd3f061-f3bc-4042-84c6-bb5f13722996'),('03b496e9-db4d-4eb2-83d3-0eed879f7c29','Energy','ENERC_KCAL','%',228,'ce7c42d8-f557-42e1-8e53-d9925bcafd3b'),('04c5176b-fd63-4d8b-9bc7-700d4f747df0','Fiber','FIBTG','%',102,'6570af5a-e811-45b8-a533-c4f06438e1ff'),('0e5364f7-5dc3-40d4-ac10-320d5fbce6d8','Thiamin (B1)','THIA','%',91,'dd24945a-27fb-47d8-994f-7470d8aaf38a'),('0ee7e140-9678-4186-a2c0-5c5d02e0e12b','Zinc','ZN','%',67,'6570af5a-e811-45b8-a533-c4f06438e1ff'),('10301d70-581c-4256-a7a9-0e1513432b99','Cholesterol','CHOLE','%',0,'ce7c42d8-f557-42e1-8e53-d9925bcafd3b'),('10ae9c25-3fd9-41e3-b267-48c2b382c233','Niacin (B3)','NIA','%',63,'b4191208-a0a1-4ea3-a1ce-e6cdeca0af94'),('130bb7b5-d637-4c93-bec4-c69f37fd585d','Vitamin D','VITD','%',29,'b4191208-a0a1-4ea3-a1ce-e6cdeca0af94'),('14902ce3-b9e2-4bab-95b5-3e5efcfd290a','Phosphorus','P','%',260,'fed3dedf-43b3-4de5-9433-6028e601bcf1'),('17882cb2-f9a0-40ca-b106-658feb6257e3','Vitamin K','VITK1','%',33,'fed3dedf-43b3-4de5-9433-6028e601bcf1'),('1867ef0e-24a9-40e9-a683-5ab6f8e40270','Vitamin K','VITK1','%',352,'6570af5a-e811-45b8-a533-c4f06438e1ff'),('1b324b70-233c-4fe5-a1db-9718ecb6d264','Protein','PROCNT','%',12,'3cd3f061-f3bc-4042-84c6-bb5f13722996'),('1fb81aaf-ad55-4dbc-8394-209d92f2c28d','Carbs','CHOCDF','%',269,'ce7c42d8-f557-42e1-8e53-d9925bcafd3b'),('2184933f-a747-4caf-82b6-d96214e6a54c','Saturated','FASAT','%',182,'dd24945a-27fb-47d8-994f-7470d8aaf38a'),('2208296a-dbf6-4bb7-83b6-818be988b707','Sodium','NA','%',55,'dd24945a-27fb-47d8-994f-7470d8aaf38a'),('224f43ea-b17c-4211-83a9-4b15a30dff01','Phosphorus','P','%',85,'b4191208-a0a1-4ea3-a1ce-e6cdeca0af94'),('22a64e20-4079-481b-a8e5-109e79b24fcc','Folate equivalent (total)','FOLDFE','%',99,'dd24945a-27fb-47d8-994f-7470d8aaf38a'),('237ac37b-5cdf-4acd-957d-dd8156ee22aa','Vitamin K','VITK1','%',1181,'ce7c42d8-f557-42e1-8e53-d9925bcafd3b'),('25878bc6-71e5-4dd6-a033-8b414446ea5f','Phosphorus','P','%',526,'ce7c42d8-f557-42e1-8e53-d9925bcafd3b'),('2a14f6ec-4dba-4ff7-a8c7-03b89bee8ebe','Folate equivalent (total)','FOLDFE','%',71,'6570af5a-e811-45b8-a533-c4f06438e1ff'),('2b143971-df3e-4012-8500-0677c88b136c','Fiber','FIBTG','%',111,'fed3dedf-43b3-4de5-9433-6028e601bcf1'),('2c2aa3fb-6419-45ba-9749-805c6690bab1','Vitamin A','VITA_RAE','%',56,'fed3dedf-43b3-4de5-9433-6028e601bcf1'),('2c86fb6e-cd25-4b7e-8149-45cfbfa502a5','Protein','PROCNT','%',73,'b4191208-a0a1-4ea3-a1ce-e6cdeca0af94'),('2ea877ed-d6c3-4ea2-838c-4a57566ced0e','Vitamin E','TOCPHA','%',11,'dd24945a-27fb-47d8-994f-7470d8aaf38a'),('2eb2e7f8-bb94-4634-80df-9988a4f609f6','Energy','ENERC_KCAL','%',43,'6570af5a-e811-45b8-a533-c4f06438e1ff'),('309cd732-e842-4880-8dea-cf142dcee8b1','Thiamin (B1)','THIA','%',70,'b4191208-a0a1-4ea3-a1ce-e6cdeca0af94'),('30a0604c-b4b4-43d3-9ef5-316f710b6d48','Thiamin (B1)','THIA','%',106,'6570af5a-e811-45b8-a533-c4f06438e1ff'),('3229e101-bdcc-4965-b051-c0cd1fdd6aca','Vitamin E','TOCPHA','%',19,'6570af5a-e811-45b8-a533-c4f06438e1ff'),('34f0e1f6-0d77-40cd-9ba0-8d906f2ee7dc','Sodium','NA','%',30,'3cd3f061-f3bc-4042-84c6-bb5f13722996'),('36a2ff51-39c8-4172-9c2d-9f6448cfd24f','Carbs','CHOCDF','%',2,'3cd3f061-f3bc-4042-84c6-bb5f13722996'),('389f1d82-c7ba-4a38-9186-97af59ae1be8','Riboflavin (B2)','RIBF','%',476,'fed3dedf-43b3-4de5-9433-6028e601bcf1'),('38be8b7b-53b0-4362-abed-c796f14cc157','Thiamin (B1)','THIA','%',674,'fed3dedf-43b3-4de5-9433-6028e601bcf1'),('39c39f33-0caa-4d34-90ea-648d15fa5fc5','Vitamin B12','VITB12','%',69,'b4191208-a0a1-4ea3-a1ce-e6cdeca0af94'),('3c46dc25-9ae5-4366-8373-9246a169d7a3','Niacin (B3)','NIA','%',1,'3cd3f061-f3bc-4042-84c6-bb5f13722996'),('3e34cbcf-1d8b-4fad-88dd-e61687cb903f','Fat','FAT','%',76,'6570af5a-e811-45b8-a533-c4f06438e1ff'),('3f2a8a7b-38e4-4e30-90dc-6d7a93d2dd57','Vitamin A','VITA_RAE','%',1001,'ce7c42d8-f557-42e1-8e53-d9925bcafd3b'),('411dd9b2-bf8a-4f8c-a516-978cedaa5112','Vitamin D','VITD','%',40,'fed3dedf-43b3-4de5-9433-6028e601bcf1'),('42283457-c464-4130-a5ff-07414e92faf6','Vitamin B12','VITB12','%',0,'3cd3f061-f3bc-4042-84c6-bb5f13722996'),('43ada23a-7627-4618-8783-0cebfcab5f48','Saturated','FASAT','%',50,'ce7c42d8-f557-42e1-8e53-d9925bcafd3b'),('4451d1fe-96a5-4a57-8df0-deaed3116878','Vitamin A','VITA_RAE','%',0,'3cd3f061-f3bc-4042-84c6-bb5f13722996'),('4a3e8403-dc31-4870-80e6-7af837f2f37f','Magnesium','MG','%',100,'fed3dedf-43b3-4de5-9433-6028e601bcf1'),('4b2cee90-bfd7-4d58-bf98-a899566b4f1f','Vitamin B12','VITB12','%',111,'fed3dedf-43b3-4de5-9433-6028e601bcf1'),('4bc48929-d94f-4efd-ab4b-ed33641c55c3','Zinc','ZN','%',273,'ce7c42d8-f557-42e1-8e53-d9925bcafd3b'),('4bf19194-3847-4820-8726-20928e57b772','Iron','FE','%',84,'6570af5a-e811-45b8-a533-c4f06438e1ff'),('4caac96c-ae68-4958-9728-2bc66bc66398','Zinc','ZN','%',20,'dd24945a-27fb-47d8-994f-7470d8aaf38a'),('4fbe571a-4b08-4faf-9493-8eb69fa7d530','Energy','ENERC_KCAL','%',41,'b4191208-a0a1-4ea3-a1ce-e6cdeca0af94'),('5128b992-0dba-45cd-8212-204ff861d02a','Vitamin B6','VITB6A','%',614,'ce7c42d8-f557-42e1-8e53-d9925bcafd3b'),('51589e7f-e209-4e98-b8ff-4ed2329808e5','Fat','FAT','%',126,'ce7c42d8-f557-42e1-8e53-d9925bcafd3b'),('585bd72d-ece8-47e3-b4d4-cdf8ddd88851','Vitamin B6','VITB6A','%',145,'fed3dedf-43b3-4de5-9433-6028e601bcf1'),('593647b2-971b-4513-bfb5-077c711979d2','Vitamin C','VITC','%',728,'ce7c42d8-f557-42e1-8e53-d9925bcafd3b'),('5992c0b4-4e54-4ac0-9c1b-1b7b9094ae0f','Phosphorus','P','%',122,'dd24945a-27fb-47d8-994f-7470d8aaf38a'),('59f301d8-8061-473f-bbff-80d898f6177c','Magnesium','MG','%',363,'ce7c42d8-f557-42e1-8e53-d9925bcafd3b'),('5a196f15-f605-4eb7-b060-64ce8f0d9b17','Riboflavin (B2)','RIBF','%',91,'b4191208-a0a1-4ea3-a1ce-e6cdeca0af94'),('5a4f3b6f-e402-4344-b10b-e4441adf15bd','Fat','FAT','%',103,'dd24945a-27fb-47d8-994f-7470d8aaf38a'),('5b40f806-5e43-457f-a952-3335f3a1df75','Carbs','CHOCDF','%',70,'dd24945a-27fb-47d8-994f-7470d8aaf38a'),('5fee3123-e84e-43c2-a997-2b43aebde236','Niacin (B3)','NIA','%',48,'dd24945a-27fb-47d8-994f-7470d8aaf38a'),('62d564d1-7d3e-4896-83d2-5ba861c58222','Folate equivalent (total)','FOLDFE','%',2,'3cd3f061-f3bc-4042-84c6-bb5f13722996'),('6496158a-6a8c-481e-8821-0668ff6bd1e9','Thiamin (B1)','THIA','%',583,'ce7c42d8-f557-42e1-8e53-d9925bcafd3b'),('65db2c5a-290c-44eb-8259-ba0d6964b98b','Fiber','FIBTG','%',26,'dd24945a-27fb-47d8-994f-7470d8aaf38a'),('66d228a4-8c42-48a5-a3b1-49d088c567e5','Vitamin B6','VITB6A','%',16,'dd24945a-27fb-47d8-994f-7470d8aaf38a'),('6b2d68db-25e6-4fca-919f-47ece474295c','Vitamin B12','VITB12','%',55,'dd24945a-27fb-47d8-994f-7470d8aaf38a'),('6b362743-b39c-40b1-b3af-e665c3456951','Niacin (B3)','NIA','%',51,'6570af5a-e811-45b8-a533-c4f06438e1ff'),('6e5e79a1-1a3f-487a-a661-de108c9753c3','Calcium','CA','%',48,'b4191208-a0a1-4ea3-a1ce-e6cdeca0af94'),('728ade65-f7b5-4492-bd84-ab1b350aa932','Energy','ENERC_KCAL','%',24,'3cd3f061-f3bc-4042-84c6-bb5f13722996'),('72de61f2-831d-4ce6-a814-12208a20245c','Zinc','ZN','%',36,'b4191208-a0a1-4ea3-a1ce-e6cdeca0af94'),('73992462-8326-4139-a87b-f7657509ba84','Phosphorus','P','%',123,'6570af5a-e811-45b8-a533-c4f06438e1ff'),('742ecb56-1361-486b-8f32-69c2b5af96bc','Vitamin C','VITC','%',0,'b4191208-a0a1-4ea3-a1ce-e6cdeca0af94'),('759dbcaa-9e90-4057-be7c-2671615c1827','Iron','FE','%',44,'b4191208-a0a1-4ea3-a1ce-e6cdeca0af94'),('75f77173-7815-466d-9403-56f8d508924a','Vitamin C','VITC','%',1,'dd24945a-27fb-47d8-994f-7470d8aaf38a'),('772bc33b-6c1b-46c9-9b87-87b948e759b6','Potassium','K','%',42,'6570af5a-e811-45b8-a533-c4f06438e1ff'),('77d0b000-6c0e-49f8-9397-8dc1509d3adb','Sodium','NA','%',306,'fed3dedf-43b3-4de5-9433-6028e601bcf1'),('77e8b5c7-c5a6-4bde-b44c-7900679ec1f8','Saturated','FASAT','%',35,'6570af5a-e811-45b8-a533-c4f06438e1ff'),('77ef3409-6a6c-4fc1-8595-d0a1c18dbd0a','Riboflavin (B2)','RIBF','%',90,'dd24945a-27fb-47d8-994f-7470d8aaf38a'),('7af27608-6371-4363-8a13-8b267bf797ac','Potassium','K','%',43,'fed3dedf-43b3-4de5-9433-6028e601bcf1'),('7c92f5d0-53e5-41f7-a3cd-901646a470f2','Vitamin B12','VITB12','%',0,'6570af5a-e811-45b8-a533-c4f06438e1ff'),('7c99ed73-76a1-40d8-953d-292ec07fd0a1','Calcium','CA','%',134,'ce7c42d8-f557-42e1-8e53-d9925bcafd3b'),('7d3bac2c-e64f-4cb5-a999-2e6e0b49cfcf','Fat','FAT','%',49,'b4191208-a0a1-4ea3-a1ce-e6cdeca0af94'),('7e5a67d7-708f-4197-8284-3ceb0f05e043','Fat','FAT','%',75,'3cd3f061-f3bc-4042-84c6-bb5f13722996'),('81d36a85-0923-4e42-a85c-36dc73e7efde','Vitamin C','VITC','%',16,'3cd3f061-f3bc-4042-84c6-bb5f13722996'),('829861ee-c282-4a98-b251-8e473099d4a7','Magnesium','MG','%',26,'b4191208-a0a1-4ea3-a1ce-e6cdeca0af94'),('848d5f83-3597-4981-b1cd-7f4026545bf6','Folate equivalent (total)','FOLDFE','%',946,'ce7c42d8-f557-42e1-8e53-d9925bcafd3b'),('894f2e72-4f68-41d7-abb8-db5178d8e9f6','Vitamin B6','VITB6A','%',5,'3cd3f061-f3bc-4042-84c6-bb5f13722996'),('89f51b08-0d40-4910-960b-44fdfca4cfa4','Protein','PROCNT','%',324,'fed3dedf-43b3-4de5-9433-6028e601bcf1'),('8e3e1037-f792-4c36-9b4c-509d14f6c792','Phosphorus','P','%',3,'3cd3f061-f3bc-4042-84c6-bb5f13722996'),('8f8bbe92-7b5f-4b0a-9dbf-214168f5a5b0','Cholesterol','CHOLE','%',94,'dd24945a-27fb-47d8-994f-7470d8aaf38a'),('8face1f2-847b-490e-afb2-37954f87bcfd','Vitamin E','TOCPHA','%',172,'ce7c42d8-f557-42e1-8e53-d9925bcafd3b'),('90a3c70a-957b-4cd8-bd60-77c14fb548c0','Zinc','ZN','%',1,'3cd3f061-f3bc-4042-84c6-bb5f13722996'),('928a4a23-c26d-455d-b5fa-36517dfe66b0','Niacin (B3)','NIA','%',339,'fed3dedf-43b3-4de5-9433-6028e601bcf1'),('92acfafc-cae6-45ff-af3e-9ef358b4e06c','Potassium','K','%',10,'dd24945a-27fb-47d8-994f-7470d8aaf38a'),('94247f01-2834-486a-b205-2dd81b08e958','Iron','FE','%',277,'fed3dedf-43b3-4de5-9433-6028e601bcf1'),('980e4f7d-1207-4a03-b8c4-6e8613a3c6fc','Vitamin C','VITC','%',8,'fed3dedf-43b3-4de5-9433-6028e601bcf1'),('997d6405-51f3-4b91-ba0d-47bf2eea9ad5','Riboflavin (B2)','RIBF','%',2,'3cd3f061-f3bc-4042-84c6-bb5f13722996'),('9b0998a5-4d6a-4b1c-997d-8712d10a749d','Saturated','FASAT','%',45,'3cd3f061-f3bc-4042-84c6-bb5f13722996'),('9ba83a8d-3d8b-4844-ae55-4f498f9525b4','Folate equivalent (total)','FOLDFE','%',57,'b4191208-a0a1-4ea3-a1ce-e6cdeca0af94'),('9c391654-8b76-44bf-95bc-803d3237e8e0','Energy','ENERC_KCAL','%',79,'dd24945a-27fb-47d8-994f-7470d8aaf38a'),('9ee46991-3938-4058-a69c-c4dfe85e4c50','Potassium','K','%',14,'b4191208-a0a1-4ea3-a1ce-e6cdeca0af94'),('9f7fae36-829b-4c21-8340-8c4afe4a7a73','Carbs','CHOCDF','%',197,'fed3dedf-43b3-4de5-9433-6028e601bcf1'),('a1d47408-c4bd-4f14-8789-f121740de1c7','Vitamin E','TOCPHA','%',38,'fed3dedf-43b3-4de5-9433-6028e601bcf1'),('a2f9089e-5e73-4e43-b95b-82e9ca70c92a','Zinc','ZN','%',144,'fed3dedf-43b3-4de5-9433-6028e601bcf1'),('a3346341-88ad-4657-b1a5-844ccae3aa01','Iron','FE','%',48,'dd24945a-27fb-47d8-994f-7470d8aaf38a'),('a382d308-8245-4c90-80df-27424790d4c3','Riboflavin (B2)','RIBF','%',56,'6570af5a-e811-45b8-a533-c4f06438e1ff'),('a6d9be82-ec26-4ab0-9fe6-5fc4063c51ef','Magnesium','MG','%',3,'3cd3f061-f3bc-4042-84c6-bb5f13722996'),('a971eae5-7924-434b-bb08-1cc792ecddd2','Fiber','FIBTG','%',565,'ce7c42d8-f557-42e1-8e53-d9925bcafd3b'),('af21770e-2e70-43f1-97fc-e2c523d600e2','Vitamin C','VITC','%',184,'6570af5a-e811-45b8-a533-c4f06438e1ff'),('b05335c4-19aa-40f1-8272-65d5881128d0','Fat','FAT','%',90,'fed3dedf-43b3-4de5-9433-6028e601bcf1'),('b59ada5b-12f8-4946-a940-d48c41f2f5a6','Vitamin A','VITA_RAE','%',37,'b4191208-a0a1-4ea3-a1ce-e6cdeca0af94'),('b915ad24-a1de-484c-9238-124d66b658c8','Energy','ENERC_KCAL','%',177,'fed3dedf-43b3-4de5-9433-6028e601bcf1'),('bdd96be7-1c07-4d94-95c2-5ff94b5a565f','Carbs','CHOCDF','%',29,'6570af5a-e811-45b8-a533-c4f06438e1ff'),('bf673ab8-2995-43c8-88d2-62511c08d54e','Vitamin D','VITD','%',0,'ce7c42d8-f557-42e1-8e53-d9925bcafd3b'),('c1cdac70-d7a2-4851-83bd-54a82fffc7f0','Protein','PROCNT','%',358,'ce7c42d8-f557-42e1-8e53-d9925bcafd3b'),('c1f817a4-5307-43a7-b794-3e092a3b3e3f','Vitamin E','TOCPHA','%',1,'3cd3f061-f3bc-4042-84c6-bb5f13722996'),('c3bc8be2-4a88-4814-85c7-5f38a98d2349','Magnesium','MG','%',13,'dd24945a-27fb-47d8-994f-7470d8aaf38a'),('c4271aa8-02f7-4269-874d-a2eb9ef1b3a0','Vitamin D','VITD','%',0,'3cd3f061-f3bc-4042-84c6-bb5f13722996'),('cd3e3f7e-ac58-459d-877d-ef2d4a12f4bb','Saturated','FASAT','%',83,'fed3dedf-43b3-4de5-9433-6028e601bcf1'),('cd908e6b-79bf-4e69-a41c-d467bf24b05d','Calcium','CA','%',73,'dd24945a-27fb-47d8-994f-7470d8aaf38a'),('ce0ffa28-913b-40b9-86c8-8ec0c355b0bb','Calcium','CA','%',90,'6570af5a-e811-45b8-a533-c4f06438e1ff'),('cfd40a4f-0af3-46df-b86a-0778addc2fee','Vitamin B6','VITB6A','%',33,'b4191208-a0a1-4ea3-a1ce-e6cdeca0af94'),('d35b8a86-dbd6-4a95-b55a-f4653f5eccd9','Vitamin D','VITD','%',0,'6570af5a-e811-45b8-a533-c4f06438e1ff'),('d40729a9-6547-4352-a873-ce7749882996','Vitamin K','VITK1','%',9,'b4191208-a0a1-4ea3-a1ce-e6cdeca0af94'),('d67643fb-6147-40f9-a3ea-9302e5ae4fd9','Vitamin K','VITK1','%',4,'3cd3f061-f3bc-4042-84c6-bb5f13722996'),('d92998a0-d151-4e50-b925-6aff913d9eb0','Riboflavin (B2)','RIBF','%',259,'ce7c42d8-f557-42e1-8e53-d9925bcafd3b'),('dcc5f83d-6baa-4b9d-a909-7792d8c077a6','Folate equivalent (total)','FOLDFE','%',516,'fed3dedf-43b3-4de5-9433-6028e601bcf1'),('dce87eb0-8987-4dd7-a8e2-38682b8f995d','Iron','FE','%',4,'3cd3f061-f3bc-4042-84c6-bb5f13722996'),('dd71050d-62db-4e3a-b579-fa2e8a750988','Sodium','NA','%',98,'6570af5a-e811-45b8-a533-c4f06438e1ff'),('de28f2af-6921-44a2-95cb-2c588c59a44e','Vitamin A','VITA_RAE','%',40,'dd24945a-27fb-47d8-994f-7470d8aaf38a'),('de84c4b3-dad4-4e74-8225-5c14a689fe08','Vitamin B12','VITB12','%',0,'ce7c42d8-f557-42e1-8e53-d9925bcafd3b'),('dea0f6b4-90d0-4e7c-98d6-522edcac00a8','Sodium','NA','%',46,'b4191208-a0a1-4ea3-a1ce-e6cdeca0af94'),('e0ec50c5-de15-45a5-95a6-4119a65553f6','Calcium','CA','%',8,'3cd3f061-f3bc-4042-84c6-bb5f13722996'),('e145755d-6a51-4d4c-8e35-2c3f041ce68c','Vitamin E','TOCPHA','%',12,'b4191208-a0a1-4ea3-a1ce-e6cdeca0af94'),('e29b27fd-5ba4-46f4-81ab-1d7b972e94d1','Vitamin B6','VITB6A','%',94,'6570af5a-e811-45b8-a533-c4f06438e1ff'),('e3e43817-ef0c-4fa2-bea1-30487a352627','Vitamin A','VITA_RAE','%',134,'6570af5a-e811-45b8-a533-c4f06438e1ff'),('e6cc1593-8c41-4ef8-a653-30f9f513b476','Fiber','FIBTG','%',29,'b4191208-a0a1-4ea3-a1ce-e6cdeca0af94'),('ea766d62-11b3-4224-884a-59106d40f1c6','Vitamin K','VITK1','%',3,'dd24945a-27fb-47d8-994f-7470d8aaf38a'),('ec4a4f24-7575-47a2-8706-f7fe61fb9194','Calcium','CA','%',84,'fed3dedf-43b3-4de5-9433-6028e601bcf1'),('f11f3fa0-c19a-4b9e-bb44-e2cac16ce94d','Fiber','FIBTG','%',6,'3cd3f061-f3bc-4042-84c6-bb5f13722996'),('f147a2c5-a49f-4574-8414-f31dc7ccbe06','Cholesterol','CHOLE','%',0,'6570af5a-e811-45b8-a533-c4f06438e1ff'),('f416ed91-2d5d-4fa1-b890-132c08ea1a8b','Potassium','K','%',259,'ce7c42d8-f557-42e1-8e53-d9925bcafd3b'),('f498ccf7-e873-46ee-a79f-305e06c559c3','Vitamin D','VITD','%',25,'dd24945a-27fb-47d8-994f-7470d8aaf38a'),('f5cd6e81-e975-4a07-a74c-cda4d0504198','Iron','FE','%',308,'ce7c42d8-f557-42e1-8e53-d9925bcafd3b'),('f6c8416f-5f9e-4c74-b3e6-a0a282db3b69','Protein','PROCNT','%',61,'dd24945a-27fb-47d8-994f-7470d8aaf38a'),('f88c9f4c-4e1f-4c67-98fe-1e7afa928e04','Carbs','CHOCDF','%',31,'b4191208-a0a1-4ea3-a1ce-e6cdeca0af94'),('f9ad821f-9477-4888-8139-ceef79246cb3','Magnesium','MG','%',75,'6570af5a-e811-45b8-a533-c4f06438e1ff'),('f9e1d43d-d344-4d8d-ab86-338aa63a3a23','Protein','PROCNT','%',52,'6570af5a-e811-45b8-a533-c4f06438e1ff'),('f9f35d41-6485-4d76-af47-b2970212e27e','Thiamin (B1)','THIA','%',2,'3cd3f061-f3bc-4042-84c6-bb5f13722996'),('fb05d940-0976-44cf-a610-69fa59be2ed0','Saturated','FASAT','%',74,'b4191208-a0a1-4ea3-a1ce-e6cdeca0af94'),('fd49ee1e-7116-4649-92c9-55f51e821c52','Sodium','NA','%',372,'ce7c42d8-f557-42e1-8e53-d9925bcafd3b'),('fd971637-4ed1-4032-8bfc-86e7464ef631','Cholesterol','CHOLE','%',374,'fed3dedf-43b3-4de5-9433-6028e601bcf1'),('feaeb516-22d2-43c2-8cf6-91a3b390e63f','Cholesterol','CHOLE','%',140,'b4191208-a0a1-4ea3-a1ce-e6cdeca0af94');
/*!40000 ALTER TABLE `recipe_total_daily` ENABLE KEYS */;
UNLOCK TABLES;

--
-- Table structure for table `recipe_total_nutrition`
--

DROP TABLE IF EXISTS `recipe_total_nutrition`;
/*!40101 SET @saved_cs_client     = @@character_set_client */;
/*!50503 SET character_set_client = utf8mb4 */;
CREATE TABLE `recipe_total_nutrition` (
  `id` varchar(36) NOT NULL,
  `label` varchar(255) NOT NULL,
  `quantity` int NOT NULL,
  `unit` varchar(255) NOT NULL,
  `code` varchar(255) NOT NULL,
  `recipeId` varchar(36) DEFAULT NULL,
  PRIMARY KEY (`id`),
  KEY `FK_46976ae35e71554ae3beea13c4b` (`recipeId`),
  CONSTRAINT `FK_46976ae35e71554ae3beea13c4b` FOREIGN KEY (`recipeId`) REFERENCES `recipes` (`id`) ON DELETE CASCADE ON UPDATE CASCADE
) ENGINE=InnoDB DEFAULT CHARSET=utf8mb4 COLLATE=utf8mb4_0900_ai_ci;
/*!40101 SET character_set_client = @saved_cs_client */;

--
-- Dumping data for table `recipe_total_nutrition`
--

LOCK TABLES `recipe_total_nutrition` WRITE;
/*!40000 ALTER TABLE `recipe_total_nutrition` DISABLE KEYS */;
INSERT INTO `recipe_total_nutrition` VALUES ('00808593-6c49-4f7d-b511-5e348ca077eb','Vitamin D (D2 + D3)',4,'µg','VITD','dd24945a-27fb-47d8-994f-7470d8aaf38a'),('013410f6-b5f8-49b0-b44e-1eb84f97b0aa','Vitamin E (alpha-tocopherol)',2,'mg','TOCPHA','dd24945a-27fb-47d8-994f-7470d8aaf38a'),('01e88084-554c-4aae-bb85-afc857f56e60','Sodium, Na',712,'mg','NA','3cd3f061-f3bc-4042-84c6-bb5f13722996'),('02600190-170c-46d8-a3b0-0182369bbff2','Vitamin A, RAE',1206,'µg','VITA_RAE','6570af5a-e811-45b8-a533-c4f06438e1ff'),('02e70b50-a38f-42cb-8021-5e2e3022771c','Fatty acids, total polyunsaturated',5,'g','FAPU','b4191208-a0a1-4ea3-a1ce-e6cdeca0af94'),('05e2e7f5-8b0d-4c2b-9d92-e9b77f6548ee','Protein',179,'g','PROCNT','ce7c42d8-f557-42e1-8e53-d9925bcafd3b'),('070276fc-3f23-4eb9-89cc-c097805c6012','Vitamin B-6',0,'mg','VITB6A','dd24945a-27fb-47d8-994f-7470d8aaf38a'),('08fa02a8-9cd0-41ef-8db3-19b57271c83f','Folate, food',285,'µg','FOLFD','6570af5a-e811-45b8-a533-c4f06438e1ff'),('0affaa6c-ec11-405e-9441-f0faaab75ae9','Vitamin E (alpha-tocopherol)',2,'mg','TOCPHA','b4191208-a0a1-4ea3-a1ce-e6cdeca0af94'),('0be742bf-b595-440b-bebc-d97aa66ca007','Sodium, Na',7345,'mg','NA','fed3dedf-43b3-4de5-9433-6028e601bcf1'),('0eb2d92c-1066-4fff-979d-e62cd49ee737','Vitamin B-6',1,'mg','VITB6A','6570af5a-e811-45b8-a533-c4f06438e1ff'),('0f26899f-9d73-47a7-bbd4-95d7c7e7f6a9','Phosphorus, P',598,'mg','P','b4191208-a0a1-4ea3-a1ce-e6cdeca0af94'),('1359fb09-3ef6-4b70-b3e3-674dd3e366e0','Fatty acids, total monounsaturated',33,'g','FAMS','ce7c42d8-f557-42e1-8e53-d9925bcafd3b'),('1443270d-8855-4fcd-89f2-97f45a318034','Folate, DFE',8,'µg','FOLDFE','3cd3f061-f3bc-4042-84c6-bb5f13722996'),('14ed6f8f-9dbf-4e06-976d-ffca80e822f2','Water',699,'g','WATER','fed3dedf-43b3-4de5-9433-6028e601bcf1'),('151ddd62-6845-40d3-afd6-17db2cc709ee','Vitamin D (D2 + D3)',0,'µg','VITD','ce7c42d8-f557-42e1-8e53-d9925bcafd3b'),('164fe892-b45e-49ab-b05e-a5113d60f2b7','Protein',31,'g','PROCNT','dd24945a-27fb-47d8-994f-7470d8aaf38a'),('17d2966a-392a-4b3c-8123-824c101b0ca4','Vitamin B-12',3,'µg','VITB12','fed3dedf-43b3-4de5-9433-6028e601bcf1'),('1934b841-81c5-4572-844b-f5a38bb8094a','Thiamin',1,'mg','THIA','b4191208-a0a1-4ea3-a1ce-e6cdeca0af94'),('1a307b34-2a5a-4ab0-8ee8-ec5705b20421','Thiamin',0,'mg','THIA','3cd3f061-f3bc-4042-84c6-bb5f13722996'),('1a62ed15-025f-4916-9856-ca0fa8285a75','Zinc, Zn',16,'mg','ZN','fed3dedf-43b3-4de5-9433-6028e601bcf1'),('1eec7d23-5bb1-4dd1-9299-098c8b51b7b2','Carbohydrate, by difference',209,'g','CHOCDF','dd24945a-27fb-47d8-994f-7470d8aaf38a'),('206a7640-37b6-48f9-a387-cdbdfddcf322','Zinc, Zn',7,'mg','ZN','6570af5a-e811-45b8-a533-c4f06438e1ff'),('22b43d86-ba67-4141-94a2-52282a65fc29','Folate, food',169,'µg','FOLFD','b4191208-a0a1-4ea3-a1ce-e6cdeca0af94'),('23c7da4e-4f19-4a04-8872-b85ad71541fb','Vitamin K (phylloquinone)',1418,'µg','VITK1','ce7c42d8-f557-42e1-8e53-d9925bcafd3b'),('24bfae16-1cad-48bd-bf46-abbc99fb7425','Fatty acids, total trans',0,'g','FATRN','ce7c42d8-f557-42e1-8e53-d9925bcafd3b'),('26f823ac-a0df-4cd9-9939-48a744617789','Water',2726,'g','WATER','ce7c42d8-f557-42e1-8e53-d9925bcafd3b'),('26f8e745-4a19-44d9-a3df-2db295157124','Zinc, Zn',4,'mg','ZN','b4191208-a0a1-4ea3-a1ce-e6cdeca0af94'),('2a9d7abc-ef48-44e0-917a-fb029edc044b','Folate, food',8,'µg','FOLFD','3cd3f061-f3bc-4042-84c6-bb5f13722996'),('2c713681-b252-4bfb-8d93-19f7fe58c4e2','Vitamin C, total ascorbic acid',655,'mg','VITC','ce7c42d8-f557-42e1-8e53-d9925bcafd3b'),('2c803f16-1dd4-424f-b371-bc081fbad093','Vitamin A, RAE',358,'µg','VITA_RAE','dd24945a-27fb-47d8-994f-7470d8aaf38a'),('2cdd05c4-19de-4d06-b8ee-00af1d2de354','Iron, Fe',50,'mg','FE','fed3dedf-43b3-4de5-9433-6028e601bcf1'),('2d18e7a3-b9bf-40f5-9769-e3e9f347be6f','Protein',162,'g','PROCNT','fed3dedf-43b3-4de5-9433-6028e601bcf1'),('2eaab8b9-9022-4f7c-a3da-4e37324c4441','Calcium, Ca',903,'mg','CA','6570af5a-e811-45b8-a533-c4f06438e1ff'),('2ec95249-53ff-46df-bdb7-29d24a945ad5','Fatty acids, total monounsaturated',18,'g','FAMS','6570af5a-e811-45b8-a533-c4f06438e1ff'),('313224a3-028f-4345-8c9f-01b559cbcb92','Carbohydrate, by difference',808,'g','CHOCDF','ce7c42d8-f557-42e1-8e53-d9925bcafd3b'),('329419bf-d5ad-4bf1-a08c-7d53425f536c','Fatty acids, total saturated',10,'g','FASAT','ce7c42d8-f557-42e1-8e53-d9925bcafd3b'),('32da2a7c-13d6-4de5-9bfa-e3fd71427f23','Fatty acids, total monounsaturated',9,'g','FAMS','b4191208-a0a1-4ea3-a1ce-e6cdeca0af94'),('34e20b8f-82ce-419c-9cbc-74966990f411','Fiber, total dietary',7,'g','FIBTG','b4191208-a0a1-4ea3-a1ce-e6cdeca0af94'),('36856f67-7798-4f25-9ea6-9a042fc4acb7','Energy',863,'kcal','ENERC_KCAL','6570af5a-e811-45b8-a533-c4f06438e1ff'),('36c2d33c-16a4-4e4c-a80c-006a345f9e50','Fatty acids, total polyunsaturated',29,'g','FAPU','ce7c42d8-f557-42e1-8e53-d9925bcafd3b'),('3770a0c4-b646-4a5c-ac7f-3469e668539a','Cholesterol',419,'mg','CHOLE','b4191208-a0a1-4ea3-a1ce-e6cdeca0af94'),('388e1aa4-b89b-4558-8fbe-21fc827fa31f','Sugars, total',126,'g','SUGAR','ce7c42d8-f557-42e1-8e53-d9925bcafd3b'),('3a780d93-11cd-4821-a84b-b4f1a41e0367','Vitamin C, total ascorbic acid',15,'mg','VITC','3cd3f061-f3bc-4042-84c6-bb5f13722996'),('3ab0e4d0-afb3-4693-ab8d-9a82f49f6d24','Riboflavin',1,'mg','RIBF','dd24945a-27fb-47d8-994f-7470d8aaf38a'),('3f51b76d-eb27-47a2-85f5-3434420a805a','Magnesium, Mg',316,'mg','MG','6570af5a-e811-45b8-a533-c4f06438e1ff'),('40841e95-1159-4d9b-bdeb-834837d1fbbe','Cholesterol',1121,'mg','CHOLE','fed3dedf-43b3-4de5-9433-6028e601bcf1'),('41d50ce5-3469-4339-a476-4066d8410f5c','Fatty acids, total polyunsaturated',22,'g','FAPU','6570af5a-e811-45b8-a533-c4f06438e1ff'),('426501d5-c302-4f12-98a9-8a83bb8b904d','Vitamin E (alpha-tocopherol)',26,'mg','TOCPHA','ce7c42d8-f557-42e1-8e53-d9925bcafd3b'),('42a5337f-621a-49d4-980b-3ac6b0353703','Vitamin A, RAE',508,'µg','VITA_RAE','fed3dedf-43b3-4de5-9433-6028e601bcf1'),('43b972dd-4669-4006-bded-78ae8b1db8fa','Water',286,'g','WATER','b4191208-a0a1-4ea3-a1ce-e6cdeca0af94'),('43df677c-26b5-434e-ac1e-05db415fc06a','Iron, Fe',9,'mg','FE','dd24945a-27fb-47d8-994f-7470d8aaf38a'),('453f0e37-06cd-423e-9a02-eca412e60037','Energy',483,'kcal','ENERC_KCAL','3cd3f061-f3bc-4042-84c6-bb5f13722996'),('465ae936-0dc6-432e-aec9-e207b3f643ac','Vitamin K (phylloquinone)',3,'µg','VITK1','dd24945a-27fb-47d8-994f-7470d8aaf38a'),('4bf63340-a3e0-42c3-a182-770097851b57','Energy',4558,'kcal','ENERC_KCAL','ce7c42d8-f557-42e1-8e53-d9925bcafd3b'),('4c822c60-333b-4f93-b148-2565973d9899','Fatty acids, total polyunsaturated',4,'g','FAPU','dd24945a-27fb-47d8-994f-7470d8aaf38a'),('4ce20c95-c6c2-44d7-a5e6-77cc520cebe9','Vitamin B-6',0,'mg','VITB6A','3cd3f061-f3bc-4042-84c6-bb5f13722996'),('4cf73087-d694-4a73-95f9-c30c6825a7cd','Potassium, K',673,'mg','K','b4191208-a0a1-4ea3-a1ce-e6cdeca0af94'),('4dd18367-f9af-4c5c-8dc0-dfac25a48df0','Thiamin',8,'mg','THIA','fed3dedf-43b3-4de5-9433-6028e601bcf1'),('4eac5e6d-4520-4e0e-85d3-68c9d75ca7b2','Folic acid',193,'µg','FOLAC','dd24945a-27fb-47d8-994f-7470d8aaf38a'),('5063a48a-1605-4ea5-8e90-a139c8bc59c6','Vitamin B-12',0,'µg','VITB12','ce7c42d8-f557-42e1-8e53-d9925bcafd3b'),('53d54506-5492-43d1-860d-f1c509da9a2b','Calcium, Ca',841,'mg','CA','fed3dedf-43b3-4de5-9433-6028e601bcf1'),('54152513-2f86-4f47-b002-5a04bb90855b','Total lipid (fat)',58,'g','FAT','fed3dedf-43b3-4de5-9433-6028e601bcf1'),('545c7843-3a06-4af2-b2b4-cb741b4302b4','Riboflavin',1,'mg','RIBF','b4191208-a0a1-4ea3-a1ce-e6cdeca0af94'),('56bf4082-a535-4feb-a4f2-09a801dbde1d','Niacin',27,'mg','NIA','ce7c42d8-f557-42e1-8e53-d9925bcafd3b'),('56fae3e6-1d9b-4bc9-a426-5c2e1728f52d','Folate, DFE',2063,'µg','FOLDFE','fed3dedf-43b3-4de5-9433-6028e601bcf1'),('5726a5a7-92a9-49a8-9309-68f8e2df4dcb','Folate, DFE',285,'µg','FOLDFE','6570af5a-e811-45b8-a533-c4f06438e1ff'),('59cdb61a-a2f7-420d-9027-cf6f49e17f9e','Calcium, Ca',482,'mg','CA','b4191208-a0a1-4ea3-a1ce-e6cdeca0af94'),('5a02a2ee-a436-4bb8-a0ed-7bc5dca444c7','Protein',26,'g','PROCNT','6570af5a-e811-45b8-a533-c4f06438e1ff'),('5b97d2c2-ea60-46eb-b007-1cf7323d7931','Folate, food',3783,'µg','FOLFD','ce7c42d8-f557-42e1-8e53-d9925bcafd3b'),('5cef6698-3f60-4c57-a68f-d7f54479fa90','Sodium, Na',1330,'mg','NA','dd24945a-27fb-47d8-994f-7470d8aaf38a'),('5ddac4c0-aa26-45a4-b2f4-841a29a733bf','Niacin',54,'mg','NIA','fed3dedf-43b3-4de5-9433-6028e601bcf1'),('5e16bd84-0288-4b0d-9916-f51bef8f432c','Zinc, Zn',30,'mg','ZN','ce7c42d8-f557-42e1-8e53-d9925bcafd3b'),('5e93db02-0c75-462a-baa9-3bc16b6f1e67','Vitamin A, RAE',3,'µg','VITA_RAE','3cd3f061-f3bc-4042-84c6-bb5f13722996'),('60f15d22-0254-4ab6-bb91-e4ebaa793eae','Phosphorus, P',1820,'mg','P','fed3dedf-43b3-4de5-9433-6028e601bcf1'),('612e7444-327d-4110-b8b5-7cd3ea4b6e00','Folate, food',70,'µg','FOLFD','dd24945a-27fb-47d8-994f-7470d8aaf38a'),('6237a819-6c44-4f6f-b123-58c30324e885','Sugars, added',95,'g','SUGAR.added','dd24945a-27fb-47d8-994f-7470d8aaf38a'),('6408b691-5416-461b-bd4f-7238ccefe8f8','Magnesium, Mg',55,'mg','MG','dd24945a-27fb-47d8-994f-7470d8aaf38a'),('664c2b01-5c3a-453f-98da-29a8423afb7e','Vitamin D (D2 + D3)',6,'µg','VITD','fed3dedf-43b3-4de5-9433-6028e601bcf1'),('6803dc87-dca8-4a3a-9db8-ad9fad8b30b8','Energy',3539,'kcal','ENERC_KCAL','fed3dedf-43b3-4de5-9433-6028e601bcf1'),('6b1b3216-3cf3-4f87-9cc0-b0434bdf1437','Phosphorus, P',852,'mg','P','dd24945a-27fb-47d8-994f-7470d8aaf38a'),('6b28433d-ea5c-40c7-bba4-7854bcc57ccf','Vitamin D (D2 + D3)',0,'µg','VITD','3cd3f061-f3bc-4042-84c6-bb5f13722996'),('6b286351-cb2e-4d02-a02b-1b96bfdcda1e','Water',252,'g','WATER','dd24945a-27fb-47d8-994f-7470d8aaf38a'),('6be51c0c-1bd4-40c8-a813-b9365ffa3f20','Vitamin C, total ascorbic acid',1,'mg','VITC','dd24945a-27fb-47d8-994f-7470d8aaf38a'),('6c97b36f-e42c-4682-97dd-039b743d82fe','Vitamin K (phylloquinone)',39,'µg','VITK1','fed3dedf-43b3-4de5-9433-6028e601bcf1'),('6f1fc29c-341b-4b3b-a951-3a1c6fe0fe94','Iron, Fe',55,'mg','FE','ce7c42d8-f557-42e1-8e53-d9925bcafd3b'),('721eb137-456a-4519-9896-9dcfa6e53b47','Vitamin B-12',2,'µg','VITB12','b4191208-a0a1-4ea3-a1ce-e6cdeca0af94'),('7319ad83-bc2d-4b3f-8e5d-0d249483d864','Calcium, Ca',732,'mg','CA','dd24945a-27fb-47d8-994f-7470d8aaf38a'),('74a587ae-3200-4b50-8e73-39f55fc95e23','Sodium, Na',2355,'mg','NA','6570af5a-e811-45b8-a533-c4f06438e1ff'),('75825699-f8b5-4680-aecf-66036c046394','Vitamin E (alpha-tocopherol)',6,'mg','TOCPHA','fed3dedf-43b3-4de5-9433-6028e601bcf1'),('759b61ff-724a-4c8a-bbb7-c3f938365958','Phosphorus, P',18,'mg','P','3cd3f061-f3bc-4042-84c6-bb5f13722996'),('781110a5-db33-40d9-9d11-f15aa369096a','Sugars, total',105,'g','SUGAR','dd24945a-27fb-47d8-994f-7470d8aaf38a'),('7a131b17-45b6-4e16-b045-88478381eedf','Vitamin B-12',1,'µg','VITB12','dd24945a-27fb-47d8-994f-7470d8aaf38a'),('7abca8f9-46b5-4167-a1e3-60a4f67d9ded','Riboflavin',1,'mg','RIBF','6570af5a-e811-45b8-a533-c4f06438e1ff'),('7d2b7bd9-1bb2-4734-b1e8-ccbfa42cba32','Potassium, K',1964,'mg','K','6570af5a-e811-45b8-a533-c4f06438e1ff'),('7d70d242-7bb3-419a-8b4f-9e3b144556fa','Vitamin C, total ascorbic acid',166,'mg','VITC','6570af5a-e811-45b8-a533-c4f06438e1ff'),('7e1ed7f0-120f-451a-a156-7059c601695f','Folic acid',0,'µg','FOLAC','ce7c42d8-f557-42e1-8e53-d9925bcafd3b'),('7e4b9574-abaa-42c7-be91-e72ca35bee2c','Fiber, total dietary',1,'g','FIBTG','3cd3f061-f3bc-4042-84c6-bb5f13722996'),('80df89d9-21cf-4044-bffa-7e464848e275','Vitamin B-6',0,'mg','VITB6A','b4191208-a0a1-4ea3-a1ce-e6cdeca0af94'),('81d956b5-4c60-4104-ae8d-727566b88fe8','Total lipid (fat)',32,'g','FAT','b4191208-a0a1-4ea3-a1ce-e6cdeca0af94'),('8484988c-a31e-4928-a022-1b09898c9464','Fatty acids, total trans',0,'g','FATRN','fed3dedf-43b3-4de5-9433-6028e601bcf1'),('853c6db4-93ab-4d16-91fa-abd64b85055f','Protein',6,'g','PROCNT','3cd3f061-f3bc-4042-84c6-bb5f13722996'),('8a261032-7fdf-42e2-97b7-6d12323697fe','Vitamin K (phylloquinone)',423,'µg','VITK1','6570af5a-e811-45b8-a533-c4f06438e1ff'),('8c3103a1-ffbb-47e8-8604-24fa839670e1','Fatty acids, total polyunsaturated',15,'g','FAPU','fed3dedf-43b3-4de5-9433-6028e601bcf1'),('8ce0f512-1862-495f-914c-a5d055e9273b','Fatty acids, total monounsaturated',11,'g','FAMS','3cd3f061-f3bc-4042-84c6-bb5f13722996'),('8d2f8c2a-108a-4ca9-982a-dd317dd4212b','Niacin',8,'mg','NIA','6570af5a-e811-45b8-a533-c4f06438e1ff'),('8d9a0581-b1f5-448a-8933-d38bb7a2a4f0','Sugars, total',42,'g','SUGAR','6570af5a-e811-45b8-a533-c4f06438e1ff'),('8f1e8d3f-3f1a-455d-a61f-95384c4d6199','Vitamin E (alpha-tocopherol)',0,'mg','TOCPHA','3cd3f061-f3bc-4042-84c6-bb5f13722996'),('9000a579-d731-45cc-bfbd-554a86f4eb28','Fiber, total dietary',6,'g','FIBTG','dd24945a-27fb-47d8-994f-7470d8aaf38a'),('9101859f-0c5c-4742-967d-595939cf238d','Niacin',8,'mg','NIA','dd24945a-27fb-47d8-994f-7470d8aaf38a'),('935247fd-6b30-4c70-98e7-c7c74f659097','Vitamin B-6',8,'mg','VITB6A','ce7c42d8-f557-42e1-8e53-d9925bcafd3b'),('93deab32-531b-4e44-bfbe-513f15485ee3','Folic acid',0,'µg','FOLAC','6570af5a-e811-45b8-a533-c4f06438e1ff'),('95132ef5-9fea-4fec-935b-c57b2f7947ed','Sugars, total',4,'g','SUGAR','3cd3f061-f3bc-4042-84c6-bb5f13722996'),('95fbbc5d-cda9-4de1-8b21-eb50bd986798','Fatty acids, total trans',1,'g','FATRN','b4191208-a0a1-4ea3-a1ce-e6cdeca0af94'),('98307d52-8a78-4de7-ac28-2fb2d150ca0f','Folate, food',796,'µg','FOLFD','fed3dedf-43b3-4de5-9433-6028e601bcf1'),('985807d0-bdad-4068-a55e-b86af5dc93a6','Carbohydrate, by difference',88,'g','CHOCDF','6570af5a-e811-45b8-a533-c4f06438e1ff'),('991e6672-ef79-407c-b1d2-1e9269fae581','Fatty acids, total polyunsaturated',27,'g','FAPU','3cd3f061-f3bc-4042-84c6-bb5f13722996'),('a00f93cd-55a0-48f7-845a-a509913a6855','Carbohydrate, by difference',94,'g','CHOCDF','b4191208-a0a1-4ea3-a1ce-e6cdeca0af94'),('a3efcc2e-6562-446c-9f6a-ea6b2c8e67b6','Thiamin',1,'mg','THIA','dd24945a-27fb-47d8-994f-7470d8aaf38a'),('a4fed62f-a0c8-49db-bd00-30415fa141f1','Niacin',10,'mg','NIA','b4191208-a0a1-4ea3-a1ce-e6cdeca0af94'),('a55b5bfb-a634-490f-812a-aa5ba9315388','Magnesium, Mg',1524,'mg','MG','ce7c42d8-f557-42e1-8e53-d9925bcafd3b'),('a772e985-545f-4a35-85ae-cd81c04536f0','Water',45,'g','WATER','3cd3f061-f3bc-4042-84c6-bb5f13722996'),('a8e8ff20-508d-4b95-8622-54efc5203dd2','Fatty acids, total saturated',36,'g','FASAT','dd24945a-27fb-47d8-994f-7470d8aaf38a'),('aa17548d-8c94-4e89-a4e3-8b90cf596b18','Riboflavin',6,'mg','RIBF','fed3dedf-43b3-4de5-9433-6028e601bcf1'),('aa45fe9f-7bda-47e6-b94b-e636ced95b25','Fiber, total dietary',141,'g','FIBTG','ce7c42d8-f557-42e1-8e53-d9925bcafd3b'),('aa6abb2b-61d3-443d-a4fd-67ec93c345f0','Magnesium, Mg',108,'mg','MG','b4191208-a0a1-4ea3-a1ce-e6cdeca0af94'),('aaee205a-3099-492e-8aae-dc346421b103','Fatty acids, total saturated',7,'g','FASAT','6570af5a-e811-45b8-a533-c4f06438e1ff'),('af027c8d-03d1-45c4-956b-1e10a21cb6dd','Fatty acids, total trans',0,'g','FATRN','3cd3f061-f3bc-4042-84c6-bb5f13722996'),('af285fbc-4f1b-47fd-a31d-fdb2a31654ab','Fatty acids, total saturated',9,'g','FASAT','3cd3f061-f3bc-4042-84c6-bb5f13722996'),('af4eae2e-fa25-4f75-ad25-ca8fb8c31b18','Total lipid (fat)',49,'g','FAT','6570af5a-e811-45b8-a533-c4f06438e1ff'),('af73b6f4-f94f-4e25-a5b1-2def50c1b886','Carbohydrate, by difference',591,'g','CHOCDF','fed3dedf-43b3-4de5-9433-6028e601bcf1'),('b1500b1d-452c-47e8-9c93-57c76eab528e','Total lipid (fat)',49,'g','FAT','3cd3f061-f3bc-4042-84c6-bb5f13722996'),('b22474af-f3f8-4f06-80ef-31258ab86c12','Thiamin',7,'mg','THIA','ce7c42d8-f557-42e1-8e53-d9925bcafd3b'),('b2333389-76cf-44eb-a756-e7e5497dc35c','Magnesium, Mg',12,'mg','MG','3cd3f061-f3bc-4042-84c6-bb5f13722996'),('b33f9aaf-2e23-4dc2-801f-8d09599aa91e','Water',647,'g','WATER','6570af5a-e811-45b8-a533-c4f06438e1ff'),('b34440c4-679b-4039-9b6a-a632fa6d3a42','Riboflavin',3,'mg','RIBF','ce7c42d8-f557-42e1-8e53-d9925bcafd3b'),('b4aade1d-ba8b-4aac-ad59-1fd965464744','Calcium, Ca',1344,'mg','CA','ce7c42d8-f557-42e1-8e53-d9925bcafd3b'),('b60aefbe-eba3-43f8-8acb-25bd0eae6d2e','Vitamin A, RAE',9005,'µg','VITA_RAE','ce7c42d8-f557-42e1-8e53-d9925bcafd3b'),('b6cabc74-935e-42e9-90b0-fcc730c0f5f3','Fiber, total dietary',25,'g','FIBTG','6570af5a-e811-45b8-a533-c4f06438e1ff'),('b804648c-3ff0-4612-a019-f44370519754','Fatty acids, total monounsaturated',13,'g','FAMS','dd24945a-27fb-47d8-994f-7470d8aaf38a'),('b898b2ef-b1f1-453e-a0cd-d14e6b5920c7','Fatty acids, total monounsaturated',15,'g','FAMS','fed3dedf-43b3-4de5-9433-6028e601bcf1'),('b8a78493-4cd4-49a1-ac71-e96f6be44aa1','Sodium, Na',1098,'mg','NA','b4191208-a0a1-4ea3-a1ce-e6cdeca0af94'),('b926b32c-ee0f-4d62-beb5-9f01212a605e','Folic acid',745,'µg','FOLAC','fed3dedf-43b3-4de5-9433-6028e601bcf1'),('b9402e2f-45b0-48b6-a3f3-7744e7439862','Cholesterol',32,'mg','CHOLE','3cd3f061-f3bc-4042-84c6-bb5f13722996'),('baa1d1b2-bd63-4b7c-967c-2a8659b82202','Fiber, total dietary',28,'g','FIBTG','fed3dedf-43b3-4de5-9433-6028e601bcf1'),('badea20d-6c01-4dec-9ae1-201867fa26f2','Vitamin K (phylloquinone)',11,'µg','VITK1','b4191208-a0a1-4ea3-a1ce-e6cdeca0af94'),('bcae1947-e89b-40e8-9579-3e75c86d7007','Potassium, K',459,'mg','K','dd24945a-27fb-47d8-994f-7470d8aaf38a'),('bd6353a7-f4e2-4c8d-89e2-a36e44958e73','Iron, Fe',8,'mg','FE','b4191208-a0a1-4ea3-a1ce-e6cdeca0af94'),('be437f71-c05d-4d2c-b1c5-6ba36a5fde7b','Potassium, K',2015,'mg','K','fed3dedf-43b3-4de5-9433-6028e601bcf1'),('bfb67556-3701-4b75-8658-1d3c0afa6083','Vitamin C, total ascorbic acid',0,'mg','VITC','b4191208-a0a1-4ea3-a1ce-e6cdeca0af94'),('c26e6bfe-628c-4e81-8cf9-0b9be6e25749','Sugars, total',56,'g','SUGAR','fed3dedf-43b3-4de5-9433-6028e601bcf1'),('c27f8b6d-1e15-44ed-b93c-8be2c7348ce1','Vitamin E (alpha-tocopherol)',3,'mg','TOCPHA','6570af5a-e811-45b8-a533-c4f06438e1ff'),('c28a564d-5d61-41bd-9957-130de746288b','Potassium, K',105,'mg','K','3cd3f061-f3bc-4042-84c6-bb5f13722996'),('c2f120e1-5519-4678-8040-36bf0e078f2a','Riboflavin',0,'mg','RIBF','3cd3f061-f3bc-4042-84c6-bb5f13722996'),('c3885306-a25a-4caa-8e98-0debd1e1c781','Sugars, total',19,'g','SUGAR','b4191208-a0a1-4ea3-a1ce-e6cdeca0af94'),('c4641e5a-0687-465c-b5e2-aa7af493a76e','Zinc, Zn',2,'mg','ZN','dd24945a-27fb-47d8-994f-7470d8aaf38a'),('c4c218ff-fbb4-469d-82e6-02e647fefeb4','Vitamin C, total ascorbic acid',7,'mg','VITC','fed3dedf-43b3-4de5-9433-6028e601bcf1'),('c517b443-8cdd-44e6-b9d4-77a775e00fe7','Vitamin B-12',0,'µg','VITB12','6570af5a-e811-45b8-a533-c4f06438e1ff'),('c5231293-62c9-4d24-9ed4-af8fb3a229d3','Vitamin A, RAE',332,'µg','VITA_RAE','b4191208-a0a1-4ea3-a1ce-e6cdeca0af94'),('c5a79c48-71f7-42f2-b19e-a2c330c5363e','Cholesterol',282,'mg','CHOLE','dd24945a-27fb-47d8-994f-7470d8aaf38a'),('c7f50332-d76c-4545-b258-c7ac8f9e11d4','Fatty acids, total trans',1,'g','FATRN','dd24945a-27fb-47d8-994f-7470d8aaf38a'),('cac8a4c8-310e-49a6-8bf4-04076a4889f5','Cholesterol',0,'mg','CHOLE','ce7c42d8-f557-42e1-8e53-d9925bcafd3b'),('cb110d8b-7977-44c2-84d0-529fb934a81e','Magnesium, Mg',419,'mg','MG','fed3dedf-43b3-4de5-9433-6028e601bcf1'),('cb5f2979-c09c-4c70-abf5-6d67d02c4454','Total lipid (fat)',82,'g','FAT','ce7c42d8-f557-42e1-8e53-d9925bcafd3b'),('cb857387-a6e0-49b1-ae8d-23c4ca60ac31','Fatty acids, total saturated',15,'g','FASAT','b4191208-a0a1-4ea3-a1ce-e6cdeca0af94'),('cf87cf3e-0da6-4c9b-bfd8-ea2009bad6cf','Folic acid',35,'µg','FOLAC','b4191208-a0a1-4ea3-a1ce-e6cdeca0af94'),('cff87068-246f-4d9b-bec4-106b913b55aa','Niacin',0,'mg','NIA','3cd3f061-f3bc-4042-84c6-bb5f13722996'),('d1f515a8-73b5-4f0e-9873-459d12c01058','Energy',822,'kcal','ENERC_KCAL','b4191208-a0a1-4ea3-a1ce-e6cdeca0af94'),('d33142ac-9c41-470f-b624-cc86ff0d05eb','Cholesterol',0,'mg','CHOLE','6570af5a-e811-45b8-a533-c4f06438e1ff'),('d41b0457-6e20-49c1-9a9c-ec647475e5b0','Zinc, Zn',0,'mg','ZN','3cd3f061-f3bc-4042-84c6-bb5f13722996'),('d42707fa-2dff-4163-b175-e1693e2d5e09','Calcium, Ca',84,'mg','CA','3cd3f061-f3bc-4042-84c6-bb5f13722996'),('d56525f6-41f7-4c49-852d-0b1d8a8ebbbe','Folate, DFE',3783,'µg','FOLDFE','ce7c42d8-f557-42e1-8e53-d9925bcafd3b'),('d781da8f-1d3e-4314-8231-a9d1bd000b66','Phosphorus, P',3680,'mg','P','ce7c42d8-f557-42e1-8e53-d9925bcafd3b'),('d7fc8c00-698e-4601-878d-79c35169fb19','Energy',1581,'kcal','ENERC_KCAL','dd24945a-27fb-47d8-994f-7470d8aaf38a'),('da19b4db-72a3-46aa-b350-e75770601c91','Iron, Fe',1,'mg','FE','3cd3f061-f3bc-4042-84c6-bb5f13722996'),('ddae43f2-2c8b-4af2-b9ee-ec4440ee2f92','Thiamin',1,'mg','THIA','6570af5a-e811-45b8-a533-c4f06438e1ff'),('de1e47f0-12a2-4b3e-a495-4cd029ead3c5','Folate, DFE',397,'µg','FOLDFE','dd24945a-27fb-47d8-994f-7470d8aaf38a'),('e0bd763b-9323-457b-8914-25bf9f20be26','Carbohydrate, by difference',7,'g','CHOCDF','3cd3f061-f3bc-4042-84c6-bb5f13722996'),('e5e48a70-9c16-4228-8eb7-24f1ecd586d2','Vitamin B-12',0,'µg','VITB12','3cd3f061-f3bc-4042-84c6-bb5f13722996'),('e695ddc6-7c36-4ea3-bffa-806c3b90f56c','Sodium, Na',8928,'mg','NA','ce7c42d8-f557-42e1-8e53-d9925bcafd3b'),('e73084bd-9416-4c40-bc31-d2a47f82706f','Fatty acids, total trans',0,'g','FATRN','6570af5a-e811-45b8-a533-c4f06438e1ff'),('e7c5cb03-bd79-46b3-baf4-f2c854c6f4e6','Vitamin D (D2 + D3)',4,'µg','VITD','b4191208-a0a1-4ea3-a1ce-e6cdeca0af94'),('ebdd1f01-3a71-4d8d-a02b-3f301d3fb287','Vitamin K (phylloquinone)',5,'µg','VITK1','3cd3f061-f3bc-4042-84c6-bb5f13722996'),('ecc75a31-660d-443f-9ed2-8082562f494e','Phosphorus, P',858,'mg','P','6570af5a-e811-45b8-a533-c4f06438e1ff'),('f0da5240-8cea-40ea-aade-482def9ae0e0','Vitamin B-6',2,'mg','VITB6A','fed3dedf-43b3-4de5-9433-6028e601bcf1'),('f10f0478-f88b-44bd-8c68-c09310bfd763','Folate, DFE',228,'µg','FOLDFE','b4191208-a0a1-4ea3-a1ce-e6cdeca0af94'),('f30aa272-936f-4e75-b456-90aa4c5725a1','Iron, Fe',15,'mg','FE','6570af5a-e811-45b8-a533-c4f06438e1ff'),('f3ceaf8f-5b19-49ff-8f05-2207f67dc35e','Sugars, added',12,'g','SUGAR.added','6570af5a-e811-45b8-a533-c4f06438e1ff'),('f47ec38c-e894-425e-828f-64998be1cc53','Protein',36,'g','PROCNT','b4191208-a0a1-4ea3-a1ce-e6cdeca0af94'),('f5b3492d-fe82-444f-97bc-d23be9b5620d','Potassium, K',12159,'mg','K','ce7c42d8-f557-42e1-8e53-d9925bcafd3b'),('f6e9ff7c-11ef-4b37-9a6e-9d81266f1718','Vitamin D (D2 + D3)',0,'µg','VITD','6570af5a-e811-45b8-a533-c4f06438e1ff'),('f8105f65-26df-4ee9-b249-06016c772dae','Fatty acids, total saturated',17,'g','FASAT','fed3dedf-43b3-4de5-9433-6028e601bcf1'),('fe1bb0fc-72a5-44b3-927e-406103bfda4c','Total lipid (fat)',67,'g','FAT','dd24945a-27fb-47d8-994f-7470d8aaf38a'),('fe884947-4724-4d92-80e3-e951726d8387','Folic acid',0,'µg','FOLAC','3cd3f061-f3bc-4042-84c6-bb5f13722996');
/*!40000 ALTER TABLE `recipe_total_nutrition` ENABLE KEYS */;
UNLOCK TABLES;

--
-- Table structure for table `recipe_total_nutrition_kcal`
--

DROP TABLE IF EXISTS `recipe_total_nutrition_kcal`;
/*!40101 SET @saved_cs_client     = @@character_set_client */;
/*!50503 SET character_set_client = utf8mb4 */;
CREATE TABLE `recipe_total_nutrition_kcal` (
  `id` varchar(36) NOT NULL,
  `label` varchar(255) NOT NULL,
  `quantity` int NOT NULL,
  `unit` varchar(255) NOT NULL,
  `code` varchar(255) NOT NULL,
  `recipeId` varchar(36) DEFAULT NULL,
  PRIMARY KEY (`id`),
  KEY `FK_035f84d50d40b53d4cd7d980eb1` (`recipeId`),
  CONSTRAINT `FK_035f84d50d40b53d4cd7d980eb1` FOREIGN KEY (`recipeId`) REFERENCES `recipes` (`id`) ON DELETE CASCADE ON UPDATE CASCADE
) ENGINE=InnoDB DEFAULT CHARSET=utf8mb4 COLLATE=utf8mb4_0900_ai_ci;
/*!40101 SET character_set_client = @saved_cs_client */;

--
-- Dumping data for table `recipe_total_nutrition_kcal`
--

LOCK TABLES `recipe_total_nutrition_kcal` WRITE;
/*!40000 ALTER TABLE `recipe_total_nutrition_kcal` DISABLE KEYS */;
INSERT INTO `recipe_total_nutrition_kcal` VALUES ('18e879cb-5856-4998-990e-8606bbfdbfce','Energy',1582,'kcal','ENERC_KCAL','dd24945a-27fb-47d8-994f-7470d8aaf38a'),('1e064c0a-7363-4ce8-a949-90ac45f57a01','Energy',862,'kcal','ENERC_KCAL','6570af5a-e811-45b8-a533-c4f06438e1ff'),('28be811c-dcb4-401f-bf5c-0f286a8a8c97','Calories from carbohydrates',3144,'kcal','CHOCDF_KCAL','ce7c42d8-f557-42e1-8e53-d9925bcafd3b'),('4325e569-10e1-4344-9c73-eb7d1d528258','Calories from carbohydrates',29,'kcal','CHOCDF_KCAL','3cd3f061-f3bc-4042-84c6-bb5f13722996'),('517e7a62-0921-4c41-b5e8-3e3b46918a02','Energy',4558,'kcal','ENERC_KCAL','ce7c42d8-f557-42e1-8e53-d9925bcafd3b'),('5e50b057-d377-478e-9172-0822724251d6','Calories from protein',124,'kcal','PROCNT_KCAL','dd24945a-27fb-47d8-994f-7470d8aaf38a'),('61dda9db-eccf-4438-8a6e-0fb6f80e22ed','Calories from fat',425,'kcal','FAT_KCAL','6570af5a-e811-45b8-a533-c4f06438e1ff'),('6856a1f8-49b8-4336-9539-02829dbed357','Calories from fat',429,'kcal','FAT_KCAL','3cd3f061-f3bc-4042-84c6-bb5f13722996'),('7d9fb89c-862f-43c7-81ab-654474e54f6f','Calories from protein',148,'kcal','PROCNT_KCAL','b4191208-a0a1-4ea3-a1ce-e6cdeca0af94'),('80e9d1bc-e0a6-49ef-bba3-a6700bea6601','Energy',482,'kcal','ENERC_KCAL','3cd3f061-f3bc-4042-84c6-bb5f13722996'),('8f61444e-da4d-4ea0-a5c4-70e38294a4e4','Calories from fat',611,'kcal','FAT_KCAL','dd24945a-27fb-47d8-994f-7470d8aaf38a'),('94de79c1-ef83-4140-98f0-4bbae974fa78','Calories from protein',649,'kcal','PROCNT_KCAL','fed3dedf-43b3-4de5-9433-6028e601bcf1'),('999fb08e-9ea3-46ca-a87b-f7ca47cf85dd','Calories from fat',524,'kcal','FAT_KCAL','fed3dedf-43b3-4de5-9433-6028e601bcf1'),('9c1e0e99-6ef7-4b24-91df-16e49d2ca5c4','Calories from protein',24,'kcal','PROCNT_KCAL','3cd3f061-f3bc-4042-84c6-bb5f13722996'),('9c548c5b-0fa1-423c-8a30-5a183ca23865','Calories from carbohydrates',383,'kcal','CHOCDF_KCAL','b4191208-a0a1-4ea3-a1ce-e6cdeca0af94'),('a3de003b-c889-473e-ba1b-590be3aa1525','Calories from carbohydrates',2367,'kcal','CHOCDF_KCAL','fed3dedf-43b3-4de5-9433-6028e601bcf1'),('aff23b0f-d7eb-40bd-b53b-1cb563cb02c1','Calories from carbohydrates',338,'kcal','CHOCDF_KCAL','6570af5a-e811-45b8-a533-c4f06438e1ff'),('b2222991-bb20-4788-98d9-e243936ba1e0','Energy',3540,'kcal','ENERC_KCAL','fed3dedf-43b3-4de5-9433-6028e601bcf1'),('b8686c60-497b-4391-ab91-f27f60168e0e','Energy',823,'kcal','ENERC_KCAL','b4191208-a0a1-4ea3-a1ce-e6cdeca0af94'),('d078e169-74e4-444b-9d91-650d4b4d4344','Calories from protein',697,'kcal','PROCNT_KCAL','ce7c42d8-f557-42e1-8e53-d9925bcafd3b'),('d340e7ec-dd30-4aa3-8fe7-6034851a1999','Calories from protein',99,'kcal','PROCNT_KCAL','6570af5a-e811-45b8-a533-c4f06438e1ff'),('db0839c3-cadf-4524-9a51-99866e667a39','Calories from fat',717,'kcal','FAT_KCAL','ce7c42d8-f557-42e1-8e53-d9925bcafd3b'),('eeba0173-aa37-407d-ac62-0ab06a265043','Calories from fat',292,'kcal','FAT_KCAL','b4191208-a0a1-4ea3-a1ce-e6cdeca0af94'),('f1e3cde9-f814-4334-be40-915c58eedc66','Calories from carbohydrates',847,'kcal','CHOCDF_KCAL','dd24945a-27fb-47d8-994f-7470d8aaf38a');
/*!40000 ALTER TABLE `recipe_total_nutrition_kcal` ENABLE KEYS */;
UNLOCK TABLES;

--
-- Table structure for table `recipes`
--

DROP TABLE IF EXISTS `recipes`;
/*!40101 SET @saved_cs_client     = @@character_set_client */;
/*!50503 SET character_set_client = utf8mb4 */;
CREATE TABLE `recipes` (
  `id` varchar(36) NOT NULL,
  `name` varchar(255) NOT NULL,
  `serving` int DEFAULT NULL,
  `image` varchar(255) NOT NULL,
  `cook` varchar(255) DEFAULT NULL,
  `prep` varchar(255) DEFAULT NULL,
  `total` varchar(255) DEFAULT NULL,
  `url` varchar(255) NOT NULL,
  `public` tinyint NOT NULL DEFAULT '1',
  `created_at` datetime(6) NOT NULL DEFAULT CURRENT_TIMESTAMP(6),
  `description` text,
  PRIMARY KEY (`id`),
  UNIQUE KEY `IDX_19d2684dbf4692a00e0ca73578` (`url`)
) ENGINE=InnoDB DEFAULT CHARSET=utf8mb4 COLLATE=utf8mb4_0900_ai_ci;
/*!40101 SET character_set_client = @saved_cs_client */;

--
-- Dumping data for table `recipes`
--

LOCK TABLES `recipes` WRITE;
/*!40000 ALTER TABLE `recipes` DISABLE KEYS */;
INSERT INTO `recipes` VALUES ('3cd3f061-f3bc-4042-84c6-bb5f13722996','Tartar Sauce',NULL,'Tartar_Sauce.jpg','','','','https://tastesbetterfromscratch.com/tartar-sauce/',1,'2022-03-06 02:44:17.897809','This homemade Tartar Sauce recipe is creamy and fresh! It only takes 5 minutes to make, and tastes so much better than store-bought!'),('6570af5a-e811-45b8-a533-c4f06438e1ff','Spicy Sesame Coleslaw',NULL,'Spicy_Sesame_Coleslaw.jpg','','20 mins','20 mins','https://www.101cookbooks.com/spicy-sesame-coleslaw/',1,'2022-03-20 23:18:47.975286','A spicy sesame coleslaw with feathery green and red cabbages along with carrots, apples, and scallions tossed with a spicy, creamy sesame dressing.'),('b4191208-a0a1-4ea3-a1ce-e6cdeca0af94','French Toast',NULL,'French_Toast.jpg','10 mins ','5 mins ','15 mins ','https://www.allrecipes.com/recipe/7016/french-toast-i/',1,'2022-03-20 22:14:31.963070','This delicious French toast recipe can be ready in about 15 minutes with eggs, milk, a few spices, and your favorite bread.'),('ce7c42d8-f557-42e1-8e53-d9925bcafd3b','Moroccan-inspired chickpea stew',NULL,'Moroccan-inspired_chickpea_stew.jpg','','45 min.','','https://www.kitchenstories.com/en/recipes/moroccan-inspired-chickpea-stew',1,'2022-03-06 00:56:48.735727','Peel and finely dice onion and garlic. Peel carrots and sweet potatoes and cut into bite-size pieces. Deseed and dice bell pepper. Remove leaves and core from fennel and chop rest into small pieces. Wash kale, remove leaves from stems, and cut or tear into bite-size pieces.'),('dd24945a-27fb-47d8-994f-7470d8aaf38a','Chocolate Chip Pancakes',NULL,'Chocolate_Chip_Pancakes.jpg','10 mins ','10 mins ','30 mins ','https://www.allrecipes.com/recipe/8375465/chocolate-chip-pancakes/',1,'2022-04-03 00:48:56.245812','This is a great recipe for homemade chocolate chip pancakes - they are essentially buttermilk pancakes with chocolate chips, only you make your own buttermilk.'),('fed3dedf-43b3-4de5-9433-6028e601bcf1','The Perfect Egg Salad Sandwich',NULL,'The_Perfect_Egg_Salad_Sandwich.jpg','','10 mins','18 mins','https://www.101cookbooks.com/egg-salad/',1,'2022-03-13 23:39:12.974131','The perfect egg salad sandwich is all about the little tweaks and a smart ratio of eggs to other ingredients. This is my favorite. Served on garlic-rubbed toasted bread with chopped celery, onion, and whole-grain mustard.');
/*!40000 ALTER TABLE `recipes` ENABLE KEYS */;
UNLOCK TABLES;

--
-- Table structure for table `recipes_categories`
--

DROP TABLE IF EXISTS `recipes_categories`;
/*!40101 SET @saved_cs_client     = @@character_set_client */;
/*!50503 SET character_set_client = utf8mb4 */;
CREATE TABLE `recipes_categories` (
  `id` varchar(36) NOT NULL,
  `name` varchar(255) NOT NULL,
  `icon` varchar(255) DEFAULT NULL,
  `active` tinyint NOT NULL DEFAULT '1',
  PRIMARY KEY (`id`)
) ENGINE=InnoDB DEFAULT CHARSET=utf8mb4 COLLATE=utf8mb4_0900_ai_ci;
/*!40101 SET character_set_client = @saved_cs_client */;

--
-- Dumping data for table `recipes_categories`
--

LOCK TABLES `recipes_categories` WRITE;
/*!40000 ALTER TABLE `recipes_categories` DISABLE KEYS */;
INSERT INTO `recipes_categories` VALUES ('105ffb72-9d29-42fa-8c0d-e20284c9ff47','Juices','🥤',1),('277b3ac2-8e28-4e0b-976a-8cd430a51ef8','Salad','🥗',1),('87adce8d-ac5d-4feb-b543-7ea6c9a1f6cf','Soups','🍜',1),('8d428f6e-7a48-488a-b82f-b76293dc4d0c','Sauces','🥣',1),('9e5f81d0-882e-46ac-b710-0c5ef3711aaf','Baking','🍰',1),('b2ae91d1-a112-465b-805b-2a8e08b9d306','Dinner','🍲',1),('c7c8b49d-5604-41a6-be68-9f969eb9cbb0','Snaks','🥨',1),('ca8a71f8-94eb-400d-a1e0-53f2039eb746','Breakfast','🍳',1),('cea5fa80-99d1-4c63-be5b-90ee2dbf1731','Lunch','🥘',1);
/*!40000 ALTER TABLE `recipes_categories` ENABLE KEYS */;
UNLOCK TABLES;

--
-- Table structure for table `recipes_categories_recipes_categories`
--

DROP TABLE IF EXISTS `recipes_categories_recipes_categories`;
/*!40101 SET @saved_cs_client     = @@character_set_client */;
/*!50503 SET character_set_client = utf8mb4 */;
CREATE TABLE `recipes_categories_recipes_categories` (
  `recipesId` varchar(36) NOT NULL,
  `recipesCategoriesId` varchar(36) NOT NULL,
  PRIMARY KEY (`recipesId`,`recipesCategoriesId`),
  KEY `IDX_31c4451385cd72cb24a859759c` (`recipesId`),
  KEY `IDX_745485893309492dd13113b0f0` (`recipesCategoriesId`),
  CONSTRAINT `FK_31c4451385cd72cb24a859759c0` FOREIGN KEY (`recipesId`) REFERENCES `recipes` (`id`) ON DELETE CASCADE,
  CONSTRAINT `FK_745485893309492dd13113b0f0e` FOREIGN KEY (`recipesCategoriesId`) REFERENCES `recipes_categories` (`id`) ON DELETE CASCADE
) ENGINE=InnoDB DEFAULT CHARSET=utf8mb4 COLLATE=utf8mb4_0900_ai_ci;
/*!40101 SET character_set_client = @saved_cs_client */;

--
-- Dumping data for table `recipes_categories_recipes_categories`
--

LOCK TABLES `recipes_categories_recipes_categories` WRITE;
/*!40000 ALTER TABLE `recipes_categories_recipes_categories` DISABLE KEYS */;
INSERT INTO `recipes_categories_recipes_categories` VALUES ('3cd3f061-f3bc-4042-84c6-bb5f13722996','b2ae91d1-a112-465b-805b-2a8e08b9d306'),('3cd3f061-f3bc-4042-84c6-bb5f13722996','cea5fa80-99d1-4c63-be5b-90ee2dbf1731'),('6570af5a-e811-45b8-a533-c4f06438e1ff','277b3ac2-8e28-4e0b-976a-8cd430a51ef8'),('b4191208-a0a1-4ea3-a1ce-e6cdeca0af94','9e5f81d0-882e-46ac-b710-0c5ef3711aaf'),('ce7c42d8-f557-42e1-8e53-d9925bcafd3b','b2ae91d1-a112-465b-805b-2a8e08b9d306'),('dd24945a-27fb-47d8-994f-7470d8aaf38a','9e5f81d0-882e-46ac-b710-0c5ef3711aaf'),('fed3dedf-43b3-4de5-9433-6028e601bcf1','b2ae91d1-a112-465b-805b-2a8e08b9d306'),('fed3dedf-43b3-4de5-9433-6028e601bcf1','ca8a71f8-94eb-400d-a1e0-53f2039eb746'),('fed3dedf-43b3-4de5-9433-6028e601bcf1','cea5fa80-99d1-4c63-be5b-90ee2dbf1731');
/*!40000 ALTER TABLE `recipes_categories_recipes_categories` ENABLE KEYS */;
UNLOCK TABLES;

--
-- Table structure for table `record`
--

DROP TABLE IF EXISTS `record`;
/*!40101 SET @saved_cs_client     = @@character_set_client */;
/*!50503 SET character_set_client = utf8mb4 */;
CREATE TABLE `record` (
  `id` varchar(36) NOT NULL,
  `time` datetime NOT NULL,
  `value` int NOT NULL,
  `categoryId` int DEFAULT NULL,
  `userId` varchar(36) DEFAULT NULL,
  `date` datetime NOT NULL,
  `created_at` datetime(6) NOT NULL DEFAULT CURRENT_TIMESTAMP(6),
  PRIMARY KEY (`id`),
  KEY `FK_73168a64f6e1844723c2b180cee` (`categoryId`),
  KEY `FK_8675cd3761984947c2506f39a25` (`userId`),
  CONSTRAINT `FK_73168a64f6e1844723c2b180cee` FOREIGN KEY (`categoryId`) REFERENCES `record_category` (`id`) ON DELETE CASCADE ON UPDATE CASCADE,
  CONSTRAINT `FK_8675cd3761984947c2506f39a25` FOREIGN KEY (`userId`) REFERENCES `users` (`id`) ON DELETE CASCADE ON UPDATE CASCADE
) ENGINE=InnoDB DEFAULT CHARSET=utf8mb4 COLLATE=utf8mb4_0900_ai_ci;
/*!40101 SET character_set_client = @saved_cs_client */;

--
-- Dumping data for table `record`
--

LOCK TABLES `record` WRITE;
/*!40000 ALTER TABLE `record` DISABLE KEYS */;
INSERT INTO `record` VALUES ('0edd6275-ab10-431f-bb6c-85c93fc2fcd0','2022-03-06 03:09:17',200,6,'5b6683dc-4f86-4247-8ac1-22a1910d5a9e','2022-03-06 03:09:17','2022-03-07 15:56:12.756581'),('265fb0a9-13f4-459f-9ee2-41566ee5680c','2022-03-04 17:30:33',200,6,'81ab7e31-26ee-4e37-af14-7fea556bc1e5','2022-03-04 17:30:33','2022-03-07 15:56:12.756581'),('683895a6-9381-4976-b2b5-720fd5812394','2022-03-09 16:07:00',200,6,'788d0c7c-d4d5-4f04-a9c9-0099c658a3ba','2022-03-09 16:51:19','2022-03-09 17:41:49.031332'),('82b50e37-7804-41d8-9e42-c166b7cb096f','2022-04-03 23:30:33',90,6,'f2720afa-4b05-4816-8a1d-91d897db2856','2022-04-03 23:30:33','2022-04-03 23:31:07.041498'),('8be518f5-7cd0-479f-a73b-22dfc23260bf','2022-02-26 18:44:35',90,8,NULL,'2022-02-26 18:44:35','2022-03-07 15:56:12.756581'),('b8796993-db00-49a5-9bbc-3698b907a799','2022-04-03 23:30:33',10,10,'f2720afa-4b05-4816-8a1d-91d897db2856','2022-04-03 23:30:33','2022-04-03 23:32:18.414451'),('b93ed5c6-c7c8-4eaf-84dd-c27236eb8391','2022-04-03 00:57:06',666666,6,'8f667396-4b9b-4ab5-9683-041170bbdfc6','2022-04-03 00:57:06','2022-04-03 01:01:01.505228');
/*!40000 ALTER TABLE `record` ENABLE KEYS */;
UNLOCK TABLES;

--
-- Table structure for table `record_category`
--

DROP TABLE IF EXISTS `record_category`;
/*!40101 SET @saved_cs_client     = @@character_set_client */;
/*!50503 SET character_set_client = utf8mb4 */;
CREATE TABLE `record_category` (
  `id` int NOT NULL AUTO_INCREMENT,
  `name` varchar(255) NOT NULL,
  `icon` varchar(255) DEFAULT NULL,
  `unit` varchar(255) NOT NULL,
  PRIMARY KEY (`id`)
) ENGINE=InnoDB AUTO_INCREMENT=11 DEFAULT CHARSET=utf8mb4 COLLATE=utf8mb4_0900_ai_ci;
/*!40101 SET character_set_client = @saved_cs_client */;

--
-- Dumping data for table `record_category`
--

LOCK TABLES `record_category` WRITE;
/*!40000 ALTER TABLE `record_category` DISABLE KEYS */;
INSERT INTO `record_category` VALUES (6,'Crabs','🥗','g'),(7,'Fast Insulin','💉','unit'),(8,'BS','🩸','mg/dl'),(9,'Correction','💉','unit'),(10,'Basal Insulin','💉','unit');
/*!40000 ALTER TABLE `record_category` ENABLE KEYS */;
UNLOCK TABLES;

--
-- Table structure for table `reset_password`
--

DROP TABLE IF EXISTS `reset_password`;
/*!40101 SET @saved_cs_client     = @@character_set_client */;
/*!50503 SET character_set_client = utf8mb4 */;
CREATE TABLE `reset_password` (
  `id` varchar(36) NOT NULL,
  `expired` tinyint NOT NULL DEFAULT '0',
  `created_at` datetime(6) NOT NULL DEFAULT CURRENT_TIMESTAMP(6),
  `userId` varchar(36) DEFAULT NULL,
  PRIMARY KEY (`id`),
  KEY `FK_6315a559e0b7920bdbdf142e306` (`userId`),
  CONSTRAINT `FK_6315a559e0b7920bdbdf142e306` FOREIGN KEY (`userId`) REFERENCES `users` (`id`) ON DELETE CASCADE ON UPDATE CASCADE
) ENGINE=InnoDB DEFAULT CHARSET=utf8mb4 COLLATE=utf8mb4_0900_ai_ci;
/*!40101 SET character_set_client = @saved_cs_client */;

--
-- Dumping data for table `reset_password`
--

LOCK TABLES `reset_password` WRITE;
/*!40000 ALTER TABLE `reset_password` DISABLE KEYS */;
/*!40000 ALTER TABLE `reset_password` ENABLE KEYS */;
UNLOCK TABLES;

--
-- Table structure for table `special_condition`
--

DROP TABLE IF EXISTS `special_condition`;
/*!40101 SET @saved_cs_client     = @@character_set_client */;
/*!50503 SET character_set_client = utf8mb4 */;
CREATE TABLE `special_condition` (
  `id` varchar(36) NOT NULL,
  `name` varchar(255) NOT NULL,
  PRIMARY KEY (`id`)
) ENGINE=InnoDB DEFAULT CHARSET=utf8mb4 COLLATE=utf8mb4_0900_ai_ci;
/*!40101 SET character_set_client = @saved_cs_client */;

--
-- Dumping data for table `special_condition`
--

LOCK TABLES `special_condition` WRITE;
/*!40000 ALTER TABLE `special_condition` DISABLE KEYS */;
INSERT INTO `special_condition` VALUES ('4df57d96-ef11-4e80-99e7-b517946a231b','Other'),('60d04aa6-9be6-4c6e-ba70-35fbf9d95dd9','Type 1 Diabetes'),('ce700b20-d851-4d84-92b5-3d038a414a0f','Celiac Disease'),('de4aef75-852c-4411-bcb0-01cac2b783d3','Allergies and Intolerances'),('f969929a-7f07-4d8c-8947-8feb079861c6','Thyroid');
/*!40000 ALTER TABLE `special_condition` ENABLE KEYS */;
UNLOCK TABLES;

--
-- Table structure for table `user_information`
--

DROP TABLE IF EXISTS `user_information`;
/*!40101 SET @saved_cs_client     = @@character_set_client */;
/*!50503 SET character_set_client = utf8mb4 */;
CREATE TABLE `user_information` (
  `id` varchar(36) NOT NULL,
  `weight` int NOT NULL,
  `height` int NOT NULL,
  `gender` varchar(255) NOT NULL,
  `bmi` int NOT NULL,
  `birth` datetime NOT NULL,
  PRIMARY KEY (`id`)
) ENGINE=InnoDB DEFAULT CHARSET=utf8mb4 COLLATE=utf8mb4_0900_ai_ci;
/*!40101 SET character_set_client = @saved_cs_client */;

--
-- Dumping data for table `user_information`
--

LOCK TABLES `user_information` WRITE;
/*!40000 ALTER TABLE `user_information` DISABLE KEYS */;
/*!40000 ALTER TABLE `user_information` ENABLE KEYS */;
UNLOCK TABLES;

--
-- Table structure for table `users`
--

DROP TABLE IF EXISTS `users`;
/*!40101 SET @saved_cs_client     = @@character_set_client */;
/*!50503 SET character_set_client = utf8mb4 */;
CREATE TABLE `users` (
  `id` varchar(36) NOT NULL,
  `name` varchar(255) NOT NULL,
  `email` varchar(255) NOT NULL,
  `username` varchar(255) NOT NULL,
  `password` varchar(255) NOT NULL,
  `created_at` datetime(6) NOT NULL DEFAULT CURRENT_TIMESTAMP(6),
  `version` int NOT NULL DEFAULT '1',
  `weight` int NOT NULL,
  `height` int NOT NULL,
  `gender` varchar(255) NOT NULL,
  `bmi` int NOT NULL,
  `birth` datetime NOT NULL,
  PRIMARY KEY (`id`),
  UNIQUE KEY `IDX_97672ac88f789774dd47f7c8be` (`email`),
  UNIQUE KEY `IDX_fe0bb3f6520ee0469504521e71` (`username`)
) ENGINE=InnoDB DEFAULT CHARSET=utf8mb4 COLLATE=utf8mb4_0900_ai_ci;
/*!40101 SET character_set_client = @saved_cs_client */;

--
-- Dumping data for table `users`
--

LOCK TABLES `users` WRITE;
/*!40000 ALTER TABLE `users` DISABLE KEYS */;
INSERT INTO `users` VALUES ('5b6683dc-4f86-4247-8ac1-22a1910d5a9e','Brahim','berkassebrahim@gmail.com','avocado','$2b$05$q7KhkTbe5In7RttXC5jEuOSBPu6vOrvkowo02OCkz0DaFsg5QwFry','2022-02-28 23:55:10.378789',1,100,180,'MALE',1703,'2000-04-09 00:00:00'),('788d0c7c-d4d5-4f04-a9c9-0099c658a3ba','User test','testuser@gmail.com','user','$2b$05$3QnaxCY0otZDwvEMJXqmvuX/BJMyKnewf1w0FoxcxoIN1I/9ivIA6','2022-03-09 16:37:44.237514',1,70,180,'MALE',1770,'2000-04-09 00:00:00'),('81ab7e31-26ee-4e37-af14-7fea556bc1e5','Ayoub','ayoub@gmail.com','ayoub','$2b$05$QZ1ogAOwDbu1bSIkCglmrenvsJaEUUmQ6D/DmcSvKD/d0NDQYKa9q','2022-03-01 22:18:38.912078',1,75,184,'MALE',1856,'2000-04-09 00:00:00'),('8f667396-4b9b-4ab5-9683-041170bbdfc6','a','a','a','$2b$05$YBw93ih93eSDYS5fDC1kTeXWGeHsVKbfO0WV3U/.1VvT0hLnE6y12','2022-04-03 00:43:05.955686',1,50,100,'MALE',1118,'2000-04-10 00:00:00'),('e3f2d409-686d-455f-9a2d-05d45613c0af','Brahim Berkasse','ber@gmail.com','avocados','$2b$05$zG.Y9/WMqwAqM.kWrZToieEA.AhiEgKSveRxAGuICzbvs0dsuYDb2','2022-03-01 16:33:08.528924',1,70,183,'MALE',1785,'2000-04-09 00:00:00'),('e99113a7-f9cc-4cd2-afff-52ce32900a65','S','Rrr@55.com','R','$2b$05$nmnh9toBxmnFVE5wRzfi9.5doD3t2CP1ir6XXlbnhRICMWqRdPs16','2022-03-30 19:26:28.672985',1,64,180,'FEMALE',1506,'2000-04-09 00:00:00'),('f2720afa-4b05-4816-8a1d-91d897db2856','H','h','h','$2b$05$1cMqtR3/hscVaTcaFU3gQ.7C1sklbs2RHoOvE06O.4CVQIVEWfPma','2022-04-03 02:17:55.633300',1,19,19,'MALE',314,'2000-04-17 00:00:00');
/*!40000 ALTER TABLE `users` ENABLE KEYS */;
UNLOCK TABLES;

--
-- Table structure for table `users_specialconditions_special_condition`
--

DROP TABLE IF EXISTS `users_specialconditions_special_condition`;
/*!40101 SET @saved_cs_client     = @@character_set_client */;
/*!50503 SET character_set_client = utf8mb4 */;
CREATE TABLE `users_specialconditions_special_condition` (
  `usersId` varchar(36) NOT NULL,
  `specialConditionId` varchar(36) NOT NULL,
  PRIMARY KEY (`usersId`,`specialConditionId`),
  KEY `IDX_3405a0e9ca7efda67eccb80534` (`usersId`),
  KEY `IDX_f8970fa0f6e3df1a523fab63a8` (`specialConditionId`),
  CONSTRAINT `FK_3405a0e9ca7efda67eccb805341` FOREIGN KEY (`usersId`) REFERENCES `users` (`id`) ON DELETE CASCADE,
  CONSTRAINT `FK_f8970fa0f6e3df1a523fab63a8a` FOREIGN KEY (`specialConditionId`) REFERENCES `special_condition` (`id`) ON DELETE CASCADE
) ENGINE=InnoDB DEFAULT CHARSET=utf8mb4 COLLATE=utf8mb4_0900_ai_ci;
/*!40101 SET character_set_client = @saved_cs_client */;

--
-- Dumping data for table `users_specialconditions_special_condition`
--

LOCK TABLES `users_specialconditions_special_condition` WRITE;
/*!40000 ALTER TABLE `users_specialconditions_special_condition` DISABLE KEYS */;
INSERT INTO `users_specialconditions_special_condition` VALUES ('5b6683dc-4f86-4247-8ac1-22a1910d5a9e','60d04aa6-9be6-4c6e-ba70-35fbf9d95dd9'),('5b6683dc-4f86-4247-8ac1-22a1910d5a9e','f969929a-7f07-4d8c-8947-8feb079861c6'),('788d0c7c-d4d5-4f04-a9c9-0099c658a3ba','60d04aa6-9be6-4c6e-ba70-35fbf9d95dd9'),('788d0c7c-d4d5-4f04-a9c9-0099c658a3ba','de4aef75-852c-4411-bcb0-01cac2b783d3'),('788d0c7c-d4d5-4f04-a9c9-0099c658a3ba','f969929a-7f07-4d8c-8947-8feb079861c6'),('81ab7e31-26ee-4e37-af14-7fea556bc1e5','4df57d96-ef11-4e80-99e7-b517946a231b'),('8f667396-4b9b-4ab5-9683-041170bbdfc6','4df57d96-ef11-4e80-99e7-b517946a231b'),('e3f2d409-686d-455f-9a2d-05d45613c0af','60d04aa6-9be6-4c6e-ba70-35fbf9d95dd9'),('e3f2d409-686d-455f-9a2d-05d45613c0af','f969929a-7f07-4d8c-8947-8feb079861c6'),('e99113a7-f9cc-4cd2-afff-52ce32900a65','4df57d96-ef11-4e80-99e7-b517946a231b');
/*!40000 ALTER TABLE `users_specialconditions_special_condition` ENABLE KEYS */;
UNLOCK TABLES;
/*!40103 SET TIME_ZONE=@OLD_TIME_ZONE */;

/*!40101 SET SQL_MODE=@OLD_SQL_MODE */;
/*!40014 SET FOREIGN_KEY_CHECKS=@OLD_FOREIGN_KEY_CHECKS */;
/*!40014 SET UNIQUE_CHECKS=@OLD_UNIQUE_CHECKS */;
/*!40101 SET CHARACTER_SET_CLIENT=@OLD_CHARACTER_SET_CLIENT */;
/*!40101 SET CHARACTER_SET_RESULTS=@OLD_CHARACTER_SET_RESULTS */;
/*!40101 SET COLLATION_CONNECTION=@OLD_COLLATION_CONNECTION */;
/*!40111 SET SQL_NOTES=@OLD_SQL_NOTES */;

-- Dump completed on 2022-04-03 23:35:40
