-- MySQL dump 10.13  Distrib 8.0.28, for macos12.2 (arm64)
--
-- Host: localhost    Database: opencc
-- ------------------------------------------------------
-- Server version	8.0.28

/*!40101 SET @OLD_CHARACTER_SET_CLIENT=@@CHARACTER_SET_CLIENT */;
/*!40101 SET @OLD_CHARACTER_SET_RESULTS=@@CHARACTER_SET_RESULTS */;
/*!40101 SET @OLD_COLLATION_CONNECTION=@@COLLATION_CONNECTION */;
/*!50503 SET NAMES utf8mb4 */;
/*!40103 SET @OLD_TIME_ZONE=@@TIME_ZONE */;
/*!40103 SET TIME_ZONE='+00:00' */;
/*!40014 SET @OLD_UNIQUE_CHECKS=@@UNIQUE_CHECKS, UNIQUE_CHECKS=0 */;
/*!40014 SET @OLD_FOREIGN_KEY_CHECKS=@@FOREIGN_KEY_CHECKS, FOREIGN_KEY_CHECKS=0 */;
/*!40101 SET @OLD_SQL_MODE=@@SQL_MODE, SQL_MODE='NO_AUTO_VALUE_ON_ZERO' */;
/*!40111 SET @OLD_SQL_NOTES=@@SQL_NOTES, SQL_NOTES=0 */;

--
-- Table structure for table `activities`
--

DROP TABLE IF EXISTS `activities`;
/*!40101 SET @saved_cs_client     = @@character_set_client */;
/*!50503 SET character_set_client = utf8mb4 */;
CREATE TABLE `activities` (
  `id` varchar(36) NOT NULL,
  `feedback` varchar(255) DEFAULT NULL,
  `calories` int DEFAULT NULL,
  `categoryId` varchar(36) DEFAULT NULL,
  `userId` varchar(36) DEFAULT NULL,
  `duration` varchar(255) NOT NULL,
  `created_at` datetime(6) NOT NULL DEFAULT CURRENT_TIMESTAMP(6),
  PRIMARY KEY (`id`),
  KEY `FK_5a2cfe6f705df945b20c1b22c71` (`userId`),
  KEY `FK_da47c633d8bb7ee8ca9009788d4` (`categoryId`),
  CONSTRAINT `FK_5a2cfe6f705df945b20c1b22c71` FOREIGN KEY (`userId`) REFERENCES `users` (`id`) ON DELETE CASCADE ON UPDATE CASCADE,
  CONSTRAINT `FK_da47c633d8bb7ee8ca9009788d4` FOREIGN KEY (`categoryId`) REFERENCES `activity_categories` (`id`)
) ENGINE=InnoDB DEFAULT CHARSET=utf8mb4 COLLATE=utf8mb4_0900_ai_ci;
/*!40101 SET character_set_client = @saved_cs_client */;

--
-- Dumping data for table `activities`
--

LOCK TABLES `activities` WRITE;
/*!40000 ALTER TABLE `activities` DISABLE KEYS */;
INSERT INTO `activities` VALUES ('99954618-2819-4386-b7f1-a0c485e4c1f9','Intense',819,'9ff2f091-fe75-46f6-8eb8-927b75da13be','5b6683dc-4f86-4247-8ac1-22a1910d5a9e','2:0:0','2022-06-24 01:07:47.538721'),('af59ccb5-f910-46ed-80aa-477b9ffb281c','Normal',341,'6ec861c4-0edd-4dab-b339-66bbe7ebc61a','5b6683dc-4f86-4247-8ac1-22a1910d5a9e','1:0:0','2022-06-24 01:07:38.902242'),('b09ebeea-35d8-4672-a685-27ba080d9e98','Intense',1023,'9ff2f091-fe75-46f6-8eb8-927b75da13be','5b6683dc-4f86-4247-8ac1-22a1910d5a9e','2:30:0','2022-06-24 02:29:55.773726');
/*!40000 ALTER TABLE `activities` ENABLE KEYS */;
UNLOCK TABLES;

--
-- Table structure for table `activity_calories`
--

DROP TABLE IF EXISTS `activity_calories`;
/*!40101 SET @saved_cs_client     = @@character_set_client */;
/*!50503 SET character_set_client = utf8mb4 */;
CREATE TABLE `activity_calories` (
  `id` int NOT NULL AUTO_INCREMENT,
  `name` varchar(255) NOT NULL,
  `zone` int NOT NULL,
  `val` int NOT NULL,
  `categoryId` varchar(36) DEFAULT NULL,
  PRIMARY KEY (`id`),
  KEY `FK_4d4a72381128425ecb71ed5a588` (`categoryId`),
  CONSTRAINT `FK_4d4a72381128425ecb71ed5a588` FOREIGN KEY (`categoryId`) REFERENCES `activity_categories` (`id`) ON DELETE CASCADE ON UPDATE CASCADE
) ENGINE=InnoDB AUTO_INCREMENT=33 DEFAULT CHARSET=utf8mb4 COLLATE=utf8mb4_0900_ai_ci;
/*!40101 SET character_set_client = @saved_cs_client */;

--
-- Dumping data for table `activity_calories`
--

LOCK TABLES `activity_calories` WRITE;
/*!40000 ALTER TABLE `activity_calories` DISABLE KEYS */;
/*!40000 ALTER TABLE `activity_calories` ENABLE KEYS */;
UNLOCK TABLES;

--
-- Table structure for table `activity_categories`
--

DROP TABLE IF EXISTS `activity_categories`;
/*!40101 SET @saved_cs_client     = @@character_set_client */;
/*!50503 SET character_set_client = utf8mb4 */;
CREATE TABLE `activity_categories` (
  `id` varchar(36) NOT NULL,
  `name` varchar(255) NOT NULL,
  `icon` varchar(255) DEFAULT NULL,
  `highmet` float NOT NULL,
  `lowmet` float NOT NULL,
  PRIMARY KEY (`id`)
) ENGINE=InnoDB DEFAULT CHARSET=utf8mb4 COLLATE=utf8mb4_0900_ai_ci;
/*!40101 SET character_set_client = @saved_cs_client */;

--
-- Dumping data for table `activity_categories`
--

LOCK TABLES `activity_categories` WRITE;
/*!40000 ALTER TABLE `activity_categories` DISABLE KEYS */;
INSERT INTO `activity_categories` VALUES ('2275e200-9890-4db5-8063-27afe8cb85f6','Cardio','🏋️‍♀️',6,4),('51a201bc-b788-4f91-9181-3b5ee2cd3cd7','Judo','🥋',10.3,10.3),('645a7900-89ab-4780-a8cb-f20f7d4937a0','Run','🏃‍♀️',8,6),('6ec861c4-0edd-4dab-b339-66bbe7ebc61a','Skateboarding','🛹',6,5),('9ff2f091-fe75-46f6-8eb8-927b75da13be','Tennis','🎾',7.3,6),('a3965f11-5dae-4a69-85b2-aa7c25ad1a0c','Boxing','🥊',12.8,7.8),('cd535552-f3b1-43af-9cd3-11aaf7a70a6b','Cycling','🚴‍♂️',7.5,7.5),('d003e182-811d-43dd-8ebc-813985b42ab3','BasketBall','🏀',8,6),('e532648c-3166-45ed-a8ce-95a9721c5248','Yoga','🧘‍♀️',3.8,2.3),('f39f0195-1a85-4d82-a508-bdc23cd541b9','Swimming','🏊‍♀️',9.8,5.8);
/*!40000 ALTER TABLE `activity_categories` ENABLE KEYS */;
UNLOCK TABLES;

--
-- Table structure for table `admin`
--

DROP TABLE IF EXISTS `admin`;
/*!40101 SET @saved_cs_client     = @@character_set_client */;
/*!50503 SET character_set_client = utf8mb4 */;
CREATE TABLE `admin` (
  `id` varchar(36) NOT NULL,
  `name` varchar(255) DEFAULT NULL,
  `email` varchar(255) DEFAULT NULL,
  `username` varchar(255) NOT NULL,
  `password` varchar(255) NOT NULL,
  PRIMARY KEY (`id`),
  UNIQUE KEY `IDX_5e568e001f9d1b91f67815c580` (`username`),
  UNIQUE KEY `IDX_de87485f6489f5d0995f584195` (`email`)
) ENGINE=InnoDB DEFAULT CHARSET=utf8mb4 COLLATE=utf8mb4_0900_ai_ci;
/*!40101 SET character_set_client = @saved_cs_client */;

--
-- Dumping data for table `admin`
--

LOCK TABLES `admin` WRITE;
/*!40000 ALTER TABLE `admin` DISABLE KEYS */;
INSERT INTO `admin` VALUES ('6d007196-702f-4c69-b70a-26ab22a00de2',NULL,NULL,'admin','$2b$05$75GVNul63o95ZKMzo0JjiuiRw8AZFPB02nQlp/zruOlDJ/AzZoRMO');
/*!40000 ALTER TABLE `admin` ENABLE KEYS */;
UNLOCK TABLES;

--
-- Table structure for table `cooked_recipe`
--

DROP TABLE IF EXISTS `cooked_recipe`;
/*!40101 SET @saved_cs_client     = @@character_set_client */;
/*!50503 SET character_set_client = utf8mb4 */;
CREATE TABLE `cooked_recipe` (
  `id` varchar(36) NOT NULL,
  `recipeId` varchar(36) DEFAULT NULL,
  `userId` varchar(36) DEFAULT NULL,
  `created_at` datetime(6) NOT NULL DEFAULT CURRENT_TIMESTAMP(6),
  PRIMARY KEY (`id`),
  KEY `FK_17600d06fd7fc32c611fa975f29` (`recipeId`),
  KEY `FK_5af9ce17d58e46d8f42a750e7bd` (`userId`),
  CONSTRAINT `FK_17600d06fd7fc32c611fa975f29` FOREIGN KEY (`recipeId`) REFERENCES `recipes` (`id`) ON DELETE CASCADE ON UPDATE CASCADE,
  CONSTRAINT `FK_5af9ce17d58e46d8f42a750e7bd` FOREIGN KEY (`userId`) REFERENCES `users` (`id`) ON DELETE CASCADE ON UPDATE CASCADE
) ENGINE=InnoDB DEFAULT CHARSET=utf8mb4 COLLATE=utf8mb4_0900_ai_ci;
/*!40101 SET character_set_client = @saved_cs_client */;

--
-- Dumping data for table `cooked_recipe`
--

LOCK TABLES `cooked_recipe` WRITE;
/*!40000 ALTER TABLE `cooked_recipe` DISABLE KEYS */;
INSERT INTO `cooked_recipe` VALUES ('001afefd-c8bf-4a22-8323-9b74e57d9347','6be4228a-6480-4110-8653-982ceb7f2865','5b6683dc-4f86-4247-8ac1-22a1910d5a9e','2022-06-24 00:00:00.000000'),('00ca4e7e-c7ae-4d45-9057-c3d138c46156','017b9644-3cb9-4388-8359-2c356c787ba9','5b6683dc-4f86-4247-8ac1-22a1910d5a9e','2022-06-05 00:00:00.000000'),('103eec35-4b44-412a-8318-44603a25a3cf','59a7e595-d0b8-4e67-9d62-87209a1ab37b','d5896690-0773-4257-834a-2254a7b9eccf','2022-06-19 00:00:00.000000'),('124177df-00b5-427d-baf4-cb4ee96272fe','017b9644-3cb9-4388-8359-2c356c787ba9','d5896690-0773-4257-834a-2254a7b9eccf','2022-06-19 00:44:59.129422'),('43c31829-a0b7-4070-bfa7-992d13c1166f','59a7e595-d0b8-4e67-9d62-87209a1ab37b','d5896690-0773-4257-834a-2254a7b9eccf','2022-06-19 02:00:00.000000'),('46f8d69f-ff10-4d9c-9656-d705b2b3d249','f49aca18-7c3a-4eb9-850e-5295ecc69a93','5b6683dc-4f86-4247-8ac1-22a1910d5a9e','2022-05-29 22:14:40.597349'),('55d07d23-463c-4ce9-ae5a-af763e480913','017b9644-3cb9-4388-8359-2c356c787ba9','5b6683dc-4f86-4247-8ac1-22a1910d5a9e','2022-05-31 00:00:00.000000'),('6012942e-352e-418f-a782-03be24946302','f49aca18-7c3a-4eb9-850e-5295ecc69a93','5b6683dc-4f86-4247-8ac1-22a1910d5a9e','2022-05-29 22:16:20.037463'),('71ba61b0-d23e-4528-b448-96330664bc72','f49aca18-7c3a-4eb9-850e-5295ecc69a93','5b6683dc-4f86-4247-8ac1-22a1910d5a9e','2022-05-29 19:12:36.372339'),('848cca32-40d5-43f5-991d-7555c5bcacf6','f49aca18-7c3a-4eb9-850e-5295ecc69a93','5b6683dc-4f86-4247-8ac1-22a1910d5a9e','2022-05-29 22:18:50.949595'),('9b40b34c-84b1-4989-aabf-252c967c58be','59a7e595-d0b8-4e67-9d62-87209a1ab37b','5b6683dc-4f86-4247-8ac1-22a1910d5a9e','2022-06-14 17:31:57.428504'),('aaa5494d-2745-4194-93ce-d77a3e98cb25','017b9644-3cb9-4388-8359-2c356c787ba9','5b6683dc-4f86-4247-8ac1-22a1910d5a9e','2022-06-05 00:00:00.000000'),('cf1edfbd-4697-425b-a885-c96f6a43ce9d','458f9b70-b1c3-4c1f-b4b6-343ed3d4a6d7','5b6683dc-4f86-4247-8ac1-22a1910d5a9e','2022-06-24 00:00:00.000000'),('e459c326-fc2f-46f5-a198-86dda3470f89','6be4228a-6480-4110-8653-982ceb7f2865','5b6683dc-4f86-4247-8ac1-22a1910d5a9e','2022-06-21 00:00:00.000000'),('ec99faaf-f68e-409b-bd11-6430bbe9469c','f49aca18-7c3a-4eb9-850e-5295ecc69a93','5b6683dc-4f86-4247-8ac1-22a1910d5a9e','2022-05-29 22:19:31.702021'),('f9696e4c-1839-4f9e-aa3f-88d05c7456dd','017b9644-3cb9-4388-8359-2c356c787ba9','5b6683dc-4f86-4247-8ac1-22a1910d5a9e','2022-06-05 00:00:00.000000');
/*!40000 ALTER TABLE `cooked_recipe` ENABLE KEYS */;
UNLOCK TABLES;

--
-- Table structure for table `diet_food_filter`
--

DROP TABLE IF EXISTS `diet_food_filter`;
/*!40101 SET @saved_cs_client     = @@character_set_client */;
/*!50503 SET character_set_client = utf8mb4 */;
CREATE TABLE `diet_food_filter` (
  `id` varchar(36) NOT NULL,
  `healthlabelId` varchar(36) DEFAULT NULL,
  `userId` varchar(36) DEFAULT NULL,
  PRIMARY KEY (`id`),
  KEY `FK_e8e87b77521ac75dbacd6a11dd0` (`healthlabelId`),
  KEY `FK_fae7a7f81c17dab2c741cd75075` (`userId`),
  CONSTRAINT `FK_e8e87b77521ac75dbacd6a11dd0` FOREIGN KEY (`healthlabelId`) REFERENCES `health_label_refrence` (`id`) ON DELETE CASCADE ON UPDATE CASCADE,
  CONSTRAINT `FK_fae7a7f81c17dab2c741cd75075` FOREIGN KEY (`userId`) REFERENCES `users` (`id`) ON DELETE CASCADE ON UPDATE CASCADE
) ENGINE=InnoDB DEFAULT CHARSET=utf8mb4 COLLATE=utf8mb4_0900_ai_ci;
/*!40101 SET character_set_client = @saved_cs_client */;

--
-- Dumping data for table `diet_food_filter`
--

LOCK TABLES `diet_food_filter` WRITE;
/*!40000 ALTER TABLE `diet_food_filter` DISABLE KEYS */;
INSERT INTO `diet_food_filter` VALUES ('05743e32-6b9c-4774-9f7b-a71240ecdeac','89304d41-9a83-4752-8f6f-36520dba7963','0bfcc70f-d371-4809-abaa-c8c6972c4295'),('20534107-bd84-469a-88af-7acea31f5123','6a0bd4d6-8337-4dc7-b2f8-16569bddf297','0bfcc70f-d371-4809-abaa-c8c6972c4295'),('26abd7c8-454d-42b7-9d31-ea863e0b2bd8','654e0c4a-802c-4635-9fef-a9cd90edee44','0bfcc70f-d371-4809-abaa-c8c6972c4295'),('3625b95e-9bcb-46e8-9f83-0037eb39ca77','61aa8b06-cb17-4667-b3a3-f0d7a8e13f86','0bfcc70f-d371-4809-abaa-c8c6972c4295'),('96553afa-aa8b-4d0b-b4e5-75f03de5d926','7a101500-bbfd-40cb-844b-fdf0574b41ad','0bfcc70f-d371-4809-abaa-c8c6972c4295'),('ac702a11-a73c-477e-84ae-2333c93e7fdb','9749cc93-3ef3-4fda-b742-ea271332d65c','0bfcc70f-d371-4809-abaa-c8c6972c4295'),('eef444c2-9a3b-418e-bc83-be2578db6c02','90806848-f19b-44a4-bcc0-9c644c6c4629','0bfcc70f-d371-4809-abaa-c8c6972c4295');
/*!40000 ALTER TABLE `diet_food_filter` ENABLE KEYS */;
UNLOCK TABLES;

--
-- Table structure for table `diet_record`
--

DROP TABLE IF EXISTS `diet_record`;
/*!40101 SET @saved_cs_client     = @@character_set_client */;
/*!50503 SET character_set_client = utf8mb4 */;
CREATE TABLE `diet_record` (
  `id` varchar(36) NOT NULL,
  `type` varchar(255) NOT NULL,
  `created_at` datetime(6) NOT NULL DEFAULT CURRENT_TIMESTAMP(6),
  `unit` varchar(255) NOT NULL,
  `value` int NOT NULL,
  `userId` varchar(36) DEFAULT NULL,
  PRIMARY KEY (`id`),
  KEY `FK_19ec7e05a71bd5101a1374b19c9` (`userId`),
  CONSTRAINT `FK_19ec7e05a71bd5101a1374b19c9` FOREIGN KEY (`userId`) REFERENCES `users` (`id`) ON DELETE CASCADE ON UPDATE CASCADE
) ENGINE=InnoDB DEFAULT CHARSET=utf8mb4 COLLATE=utf8mb4_0900_ai_ci;
/*!40101 SET character_set_client = @saved_cs_client */;

--
-- Dumping data for table `diet_record`
--

LOCK TABLES `diet_record` WRITE;
/*!40000 ALTER TABLE `diet_record` DISABLE KEYS */;
INSERT INTO `diet_record` VALUES ('21553568-5982-42bb-8e4f-e72ebb13b491','WEIGHT','2022-06-19 19:31:16.007539','kg',65,'5b6683dc-4f86-4247-8ac1-22a1910d5a9e'),('239b5c6f-33cc-4731-a10c-41c0a192b3b3','WEIGHT','2022-06-15 01:09:21.334548','kg',100,'5b6683dc-4f86-4247-8ac1-22a1910d5a9e'),('36da743e-9217-47cf-802c-7c48e94555f3','WEIGHT','2022-06-19 17:15:58.137893','kg',70,'d5896690-0773-4257-834a-2254a7b9eccf'),('822c7713-f2e2-4f3f-9593-8c7f7e5958b7','IN_CALORIES','2022-06-22 00:06:06.475201','Cal',100,'5b6683dc-4f86-4247-8ac1-22a1910d5a9e'),('8c438618-169a-49db-b82a-30b8c6636625','IN_CALORIES','2022-06-19 04:17:24.757708','Cal',100,'d5896690-0773-4257-834a-2254a7b9eccf'),('9b166263-04fd-4389-a1c4-bd0b5e1cac1b','WEIGHT','2022-06-17 01:20:36.099104','kg',63,'5b6683dc-4f86-4247-8ac1-22a1910d5a9e'),('a4b567be-8400-40c3-9a57-194c2f815139','IN_CALORIES','2022-06-19 00:47:22.198622','Cal',600,'d5896690-0773-4257-834a-2254a7b9eccf'),('b1293514-a4c6-435d-be2e-b51638f5e952','BURNED_CALORIES','2022-06-19 04:17:17.328442','Cal',100,'d5896690-0773-4257-834a-2254a7b9eccf'),('bdab85df-d2f9-4a2e-b0f6-3860212a5500','WEIGHT','2022-06-17 01:47:04.993192','kg',120,'5b6683dc-4f86-4247-8ac1-22a1910d5a9e'),('c3347b1f-db45-4e44-8766-44afc32de62f','WEIGHT','2022-06-15 01:15:24.618795','kg',60,'5b6683dc-4f86-4247-8ac1-22a1910d5a9e'),('fd37840a-b319-483c-ad4c-231a01a88ae5','WEIGHT','2022-06-17 01:15:54.107017','kg',61,'5b6683dc-4f86-4247-8ac1-22a1910d5a9e');
/*!40000 ALTER TABLE `diet_record` ENABLE KEYS */;
UNLOCK TABLES;

--
-- Table structure for table `early_access_request`
--

DROP TABLE IF EXISTS `early_access_request`;
/*!40101 SET @saved_cs_client     = @@character_set_client */;
/*!50503 SET character_set_client = utf8mb4 */;
CREATE TABLE `early_access_request` (
  `id` varchar(36) NOT NULL,
  `userId` varchar(36) DEFAULT NULL,
  `service` varchar(255) NOT NULL,
  PRIMARY KEY (`id`),
  KEY `FK_b544ea999d1618dede3962a85c6` (`userId`),
  CONSTRAINT `FK_b544ea999d1618dede3962a85c6` FOREIGN KEY (`userId`) REFERENCES `users` (`id`) ON DELETE CASCADE ON UPDATE CASCADE
) ENGINE=InnoDB DEFAULT CHARSET=utf8mb4 COLLATE=utf8mb4_0900_ai_ci;
/*!40101 SET character_set_client = @saved_cs_client */;

--
-- Dumping data for table `early_access_request`
--

LOCK TABLES `early_access_request` WRITE;
/*!40000 ALTER TABLE `early_access_request` DISABLE KEYS */;
INSERT INTO `early_access_request` VALUES ('dbec8fad-4423-4ca9-a3fa-4914876b5e65','5b6683dc-4f86-4247-8ac1-22a1910d5a9e','MENTAL_HEALTH');
/*!40000 ALTER TABLE `early_access_request` ENABLE KEYS */;
UNLOCK TABLES;

--
-- Table structure for table `health_label_refrence`
--

DROP TABLE IF EXISTS `health_label_refrence`;
/*!40101 SET @saved_cs_client     = @@character_set_client */;
/*!50503 SET character_set_client = utf8mb4 */;
CREATE TABLE `health_label_refrence` (
  `id` varchar(36) NOT NULL,
  `label` varchar(255) NOT NULL,
  `param` varchar(255) NOT NULL,
  `description` varchar(255) NOT NULL,
  PRIMARY KEY (`id`)
) ENGINE=InnoDB DEFAULT CHARSET=utf8mb4 COLLATE=utf8mb4_0900_ai_ci;
/*!40101 SET character_set_client = @saved_cs_client */;

--
-- Dumping data for table `health_label_refrence`
--

LOCK TABLES `health_label_refrence` WRITE;
/*!40000 ALTER TABLE `health_label_refrence` DISABLE KEYS */;
INSERT INTO `health_label_refrence` VALUES ('07a8483c-5a48-458f-b564-52d0ed6382e4','VEGETARIAN','vegetarian','No meat, poultry, or fish'),('0d5d313b-8eb5-48a4-bbe3-e6a6a3ae688f','EGG FREE','egg-free','No eggs or products containing eggs'),('1baf8347-2f66-4eb1-8236-f40c24f962f3','KIDNEY FRIENDLY','kidney-friendly','phosphorus less than 250 mg AND potassium less than 500 mg AND sodium less than 500 mg'),('1f1685d9-d615-4d84-8c3b-a8cca589963d','DASH','DASH','Dietary Approaches to Stop Hypertension diet'),('21651dc9-7a33-4f00-9222-882b388472a2','LOW SUGAR','low-sugar','No simple sugars – glucose, dextrose, galactose, fructose, sucrose, lactose, maltose'),('2954ae8b-619f-4baf-86ba-6c5e62efd58e','PORK FREE','pork-free','Does not contain pork or derivatives'),('4f68714b-d2a0-4d0c-bc25-0c31e1400867','SHELLFISH FREE','shellfish-free','No shellfish or shellfish derivatives'),('51fbbd21-e4b5-4733-895a-be7cacff9aef','DAIRY FREE','dairy-free','No dairy; no lactose'),('5771c1fa-2965-4056-be18-0346458518ac','IMMUNO SUPPORTIVE','immuno-supportive','Recipes which fit a science-based approach to eating to strengthen the immune system'),('57d9d520-1062-4450-9fe2-0639212d6171','WHEAT FREE','wheat-free','No wheat, can have gluten though'),('5a61233d-2e3d-4271-ad82-eee61c4230fd','PESCATARIAN','pecatarian','Does not contain meat or meat based products, can contain dairy and fish'),('61aa8b06-cb17-4667-b3a3-f0d7a8e13f86','PALEO','paleo','Excludes what are perceived to be agricultural products; grains, legumes, dairy products, potatoes, refined salt, refined sugar, and processed oils'),('654e0c4a-802c-4635-9fef-a9cd90edee44','SESAME FREE','sesame-free','Does not contain sesame seed or derivatives'),('6a0bd4d6-8337-4dc7-b2f8-16569bddf297','MEDITERRANEAN','Mediterranean','Mediterranean diet'),('7a101500-bbfd-40cb-844b-fdf0574b41ad','CELERY FREE','celery-free','Does not contain celery or derivatives'),('7f44741c-f732-4178-aa05-8516148eab32','FODMAP FREE','fodmap-free','Does not contain FODMAP foods'),('7fcb2e87-287b-4c7b-9906-6c95253d7d3d','TREE NUT FREE','tree-nut-free','No tree nuts or products containing tree nuts'),('89304d41-9a83-4752-8f6f-36520dba7963','SULFITE FREE','sulfite-free','No Sulfites'),('90806848-f19b-44a4-bcc0-9c644c6c4629','LOW POTASSIUM','low-potassium','Less than 150mg per serving'),('91fc1599-62a7-4ca2-85d8-c319c0dcea44','MUSTARD FREE','mustard-free','Does not contain mustard or derivatives'),('95fa29fd-cf46-47ca-b3a0-cc8e9e9af1c9','PEANUT FREE','peanut-free','No peanuts or products containing peanuts'),('9749cc93-3ef3-4fda-b742-ea271332d65c','NO OIL ADDED','No-oil-added','No oil added except to what is contained in the basic ingredients'),('a8f135fd-9749-46d7-a63d-eef3faa09a7a','FISH FREE','fish-free','No fish or fish derivatives'),('b186eab6-1f00-4d5f-9957-0a4102593fc5','ALCOHOL FREE','alcohol-free','No alcohol used or contained'),('b60ef886-3e85-4a1f-97d8-fcaa5fd76193','GLUTEN FREE','gluten-free','No ingredients containing gluten'),('bf257f69-0eae-47bb-881a-7a3d116daed6','RED MEAT FREE','red-meat-free','Does not contain beef, lamb, pork, duck, goose, game, horse, and other types of red meat or products containing red meat.'),('cc9d0e41-b454-4662-823e-a63e861f9073','KETO FRIENDLY','keto-friendly','Maximum 7 grams of net carbs per serving'),('d2555004-8e28-475c-99d0-e716d492142e','SOY FREE','soy-free','No soy or products containing soy'),('e11ffabb-ac53-4600-8cf9-4c63bab8b765','ALCOHOL COCKTAIL','alcohol-cocktail','Describes an alcoholic cocktail'),('e17a700a-0c16-4349-8e73-139a76366d5b','VEGAN','vegan','No meat, poultry, fish, dairy, eggs or honey'),('e54a22eb-69e6-49e0-9c55-07559727a5d9','KOSHER','kosher','Contains only ingredients allowed by the kosher diet. However it does not guarantee kosher preparation of the ingredients themselves'),('e7f4b62b-adc7-4d25-89b8-d99f3d77bc7c','MOLLUSK FREE','mollusk-free','No mollusks'),('eca0b699-7995-4cd7-9569-3f80d8454d17','SUGAR CONSCIOUS','sugar-conscious','Less than 4g of sugar per serving'),('f324794a-e469-48fe-a898-86fbe29feffd','LUPINE FREE','lupine-free','Does not contain lupine or derivatives'),('f93d1034-4147-482c-a332-6e75b679aad5','CRUSTCEAN FREE','crustacean-free','Does not contain crustaceans (shrimp, lobster etc.) or derivatives');
/*!40000 ALTER TABLE `health_label_refrence` ENABLE KEYS */;
UNLOCK TABLES;

--
-- Table structure for table `ingredients`
--

DROP TABLE IF EXISTS `ingredients`;
/*!40101 SET @saved_cs_client     = @@character_set_client */;
/*!50503 SET character_set_client = utf8mb4 */;
CREATE TABLE `ingredients` (
  `id` varchar(36) NOT NULL,
  `raw` varchar(255) NOT NULL,
  `unit` varchar(255) DEFAULT NULL,
  `ingredients` varchar(255) DEFAULT NULL,
  `created_at` datetime(6) NOT NULL DEFAULT CURRENT_TIMESTAMP(6),
  `recipeId` varchar(36) DEFAULT NULL,
  `amount` varchar(255) DEFAULT NULL,
  PRIMARY KEY (`id`),
  KEY `FK_f20a9542c7a02105fa40a08d95b` (`recipeId`),
  CONSTRAINT `FK_f20a9542c7a02105fa40a08d95b` FOREIGN KEY (`recipeId`) REFERENCES `recipes` (`id`) ON DELETE CASCADE ON UPDATE CASCADE
) ENGINE=InnoDB DEFAULT CHARSET=utf8mb4 COLLATE=utf8mb4_0900_ai_ci;
/*!40101 SET character_set_client = @saved_cs_client */;

--
-- Dumping data for table `ingredients`
--

LOCK TABLES `ingredients` WRITE;
/*!40000 ALTER TABLE `ingredients` DISABLE KEYS */;
INSERT INTO `ingredients` VALUES ('00b4049f-c18b-4f1b-9fcd-de29099dd6db','3 tablespoons tahini','tablespoon','tahini','2022-05-30 22:30:10.851951','017b9644-3cb9-4388-8359-2c356c787ba9','3'),('0b857e85-08d0-4c97-a90e-ea74c54bf46e','41 tablespoons olive oil, divided','tablespoon','olive oil, divided','2022-06-20 18:31:28.924370','6be4228a-6480-4110-8653-982ceb7f2865','41'),('0bc47377-0791-429d-b29f-9d6cec2143d5','¼ cup coarsely chopped fresh basil','cup','coarsely chopped fresh basil','2022-06-20 18:31:17.678115','6be4228a-6480-4110-8653-982ceb7f2865','0.25'),('0e16647b-0523-4958-92db-1c165f7f8195','1 quart vanilla ice cream, softened','quart','vanilla ice cream, softened','2022-06-19 18:32:10.438238','09ed5f45-5bb0-4d0d-8057-fc164271233c','1'),('10333d76-e389-4498-b8de-b289007b56c9','2 tablespoons white sugar','tablespoon','white sugar','2022-06-19 18:32:10.420349','09ed5f45-5bb0-4d0d-8057-fc164271233c','2'),('12e6a50e-0bdf-4cd9-a306-f80a47af8b7b','¼ cup dark corn syrup','cup','dark corn syrup','2022-06-19 18:35:09.439870','458f9b70-b1c3-4c1f-b4b6-343ed3d4a6d7','0.25'),('1b26d260-b6af-4ab3-8a9e-12f2b2fba63b',' Kosher salt',NULL,'Kosher salt','2022-05-28 23:52:55.840386','7782efc9-c625-49d9-84be-c634e27660d1',NULL),('237fb6b8-2b6d-4da2-92a1-93078e010190','1 frozen banana',NULL,'frozen banana','2022-05-28 23:52:55.842119','7782efc9-c625-49d9-84be-c634e27660d1','1'),('23ac2d00-3c8e-41cc-944f-0a1caeed035e','1 ⅓ cups finely chopped peanuts',NULL,'⅓ cups finely chopped peanuts','2022-06-19 18:32:10.412643','09ed5f45-5bb0-4d0d-8057-fc164271233c','1'),('2653b57f-6f16-456d-ac33-64bac25bf151','salt and ground black pepper to taste',NULL,'salt and ground black pepper to taste','2022-06-20 18:31:42.006521','6be4228a-6480-4110-8653-982ceb7f2865',NULL),('3bbd4a9f-64c9-4faa-a623-dcdfbfcf0269','¼ cup chopped cilantro','cup','chopped cilantro','2022-06-05 23:08:22.832528','39f9256e-6092-4c56-a4eb-934ef2125f07','0.25'),('3cde0842-d8a8-49b2-b871-643ddefa1320','½ cup buttermilk','cup','buttermilk','2022-05-28 23:52:55.845184','7782efc9-c625-49d9-84be-c634e27660d1','0.5'),('41176a28-c73c-4440-a36a-3126c6803089','2 avocados, peeled and pitted',NULL,'avocados, peeled and pitted','2022-06-05 23:08:22.816850','39f9256e-6092-4c56-a4eb-934ef2125f07','2'),('443c0cf8-df94-4ecf-963c-953b846dc0bb','1 pound strawberries, hulled, halved','pound','strawberries, hulled, halved','2022-05-28 03:20:52.408641','f49aca18-7c3a-4eb9-850e-5295ecc69a93','1'),('487c0d86-6193-4879-95eb-84ddd0f694d5','¼ cup peanut butter','cup','peanut butter','2022-06-19 18:32:10.425138','09ed5f45-5bb0-4d0d-8057-fc164271233c','0.25'),('49266cfe-c37d-4ec5-a1f5-f0245c355b82','2 cloves garlic, minced, divided','clove','garlic, minced, divided','2022-06-20 18:31:22.597944','6be4228a-6480-4110-8653-982ceb7f2865','2'),('4c78d921-34de-45b5-a1b0-bc067fb1977c','1 pound strawberries, hulled, halved','pound','strawberries, hulled, halved','2022-05-30 22:30:10.834952','017b9644-3cb9-4388-8359-2c356c787ba9','1'),('52f6eb3f-6619-4153-b29b-827f55ff1f0f',' Kosher salt','q.b.','Kosher salt','2022-05-28 03:20:52.443649','f49aca18-7c3a-4eb9-850e-5295ecc69a93','0'),('561f1c32-cd15-46a5-b317-f908a519f1c1',' Crushed toasted sesame seeds (for serving; optional)','q.b.','Crushed toasted sesame seeds (for serving; optional)','2022-05-28 03:20:52.460124','f49aca18-7c3a-4eb9-850e-5295ecc69a93','0'),('57bfbfee-d991-44d2-8372-7ab855800616','2 medium tomatoes, diced','medium','tomatoes, diced','2022-06-20 18:31:08.386559','6be4228a-6480-4110-8653-982ceb7f2865','2'),('5f38061e-4644-40d0-9b6c-ad691fd980af','⅛ cup whole cloves','cup','whole cloves','2022-06-05 23:01:57.668553','59a7e595-d0b8-4e67-9d62-87209a1ab37b','0.125'),('6ba0f51d-badf-47ed-946d-7fb5857d3f65','¼ cup dark corn syrup','cup','dark corn syrup','2022-06-05 23:01:57.674101','59a7e595-d0b8-4e67-9d62-87209a1ab37b','0.25'),('783ecad9-ecef-487e-a7c3-09b9e4469d92','2 tablespoons balsamic vinegar, or to taste','tablespoon','balsamic vinegar, or to taste','2022-06-20 18:31:49.404799','6be4228a-6480-4110-8653-982ceb7f2865','2'),('7f8ecde2-e0cb-40bc-b9be-d458e3436307','1 pound strawberries, hulled, halved','pound','strawberries, hulled, halved','2022-05-28 23:52:55.836513','7782efc9-c625-49d9-84be-c634e27660d1','1'),('849412bc-7ede-490e-976d-b821c4e4f630','3 tablespoons chopped peanuts','tablespoon','chopped peanuts','2022-06-19 18:32:10.435151','09ed5f45-5bb0-4d0d-8057-fc164271233c','3'),('89226087-1ad5-459e-b8b3-87f59af13bfc','¼ cup mini candy-coated chocolate pieces (Optional)','cup','mini candy-coated chocolate pieces (Optional)','2022-06-19 18:32:10.441486','09ed5f45-5bb0-4d0d-8057-fc164271233c','0.25'),('8aade16b-ea05-4af0-94ba-f7bf82bf5b50','1 frozen banana',NULL,'frozen banana','2022-05-28 03:20:52.447655','f49aca18-7c3a-4eb9-850e-5295ecc69a93','1'),('8adbe944-5225-4d03-883a-9650de5a0b50','¼ cup flaked coconut','cup','flaked coconut','2022-06-19 18:32:10.429370','09ed5f45-5bb0-4d0d-8057-fc164271233c','0.25'),('8cd29da2-bf15-43fc-a4a3-a1b076d25ca9','⅔ cup butter','cup','butter','2022-06-19 18:35:09.445733','458f9b70-b1c3-4c1f-b4b6-343ed3d4a6d7','0.666'),('911765c5-53d7-4387-a054-02d72f80b851','½ cup brown sugar packed','cup','brown sugar packed','2022-06-19 18:35:09.447358','458f9b70-b1c3-4c1f-b4b6-343ed3d4a6d7','0.5'),('97e17f13-e9aa-4d83-bf19-d2d272524265','salt and ground black pepper to taste',NULL,'salt and ground black pepper to taste','2022-06-05 23:08:22.840173','39f9256e-6092-4c56-a4eb-934ef2125f07',NULL),('9ac65a1f-02a0-4f61-b1c5-84ad348e2be6','9 pound ham spiral cut','pound','ham spiral cut','2022-06-05 23:01:57.663502','59a7e595-d0b8-4e67-9d62-87209a1ab37b','9'),('9ef5c844-4261-43fa-949a-06fb594fe3a4','1 (6.5 ounce) bag butter lettuce mix','bag','butter lettuce mix (6.5 ounce)','2022-06-20 18:31:45.113565','6be4228a-6480-4110-8653-982ceb7f2865','1'),('a2395f01-e068-42c6-b6a5-19acd7c0b428','3 tablespoons raw sugar','tablespoon','raw sugar','2022-05-28 23:52:55.838785','7782efc9-c625-49d9-84be-c634e27660d1','3'),('a4a7aced-a48c-471b-b27e-c678769f95ad','2 cups honey','cup','honey','2022-06-05 23:01:57.679868','59a7e595-d0b8-4e67-9d62-87209a1ab37b','2'),('aae150d3-643b-4e8a-85f4-ec5442911f22','3 tablespoons margarine, melted','tablespoon','margarine, melted','2022-06-19 18:32:10.416313','09ed5f45-5bb0-4d0d-8057-fc164271233c','3'),('bb913fb3-fd8b-44d2-bd5d-49b9ceaf8b82','1 frozen banana',NULL,'frozen banana','2022-05-30 22:30:10.847236','017b9644-3cb9-4388-8359-2c356c787ba9','1'),('bd5b51d5-08ff-4d0b-a2c4-cc5c11b01df0','3 tablespoons raw sugar','tablespoon','raw sugar','2022-05-30 22:30:10.842476','017b9644-3cb9-4388-8359-2c356c787ba9','3'),('c031d7f1-8a09-45d2-a143-6ceb233c0d81','1 cup chopped tomatoes','cup','chopped tomatoes','2022-06-05 23:08:22.821046','39f9256e-6092-4c56-a4eb-934ef2125f07','1'),('c36b25b6-4a31-463c-b165-f33a26f17192','3 tablespoons raw sugar','tablespoon','raw sugar','2022-05-28 03:20:52.425359','f49aca18-7c3a-4eb9-850e-5295ecc69a93','3'),('c5615a24-0fe0-487f-8832-6f9670ac5488','1 (4 ounce) ball fresh mozzarella, cut into 1-inch cubes',NULL,'ball fresh mozzarella, cut into 1-inch cubes (4 ounce)','2022-06-20 18:31:14.641721','6be4228a-6480-4110-8653-982ceb7f2865','1'),('cb08aae3-28a8-4825-8fef-23d53c20c5c3','1 jalapeno pepper, seeded and minced (Optional)',NULL,'jalapeno pepper, seeded and minced (Optional)','2022-06-05 23:08:22.838811','39f9256e-6092-4c56-a4eb-934ef2125f07','1'),('d08e80e7-980a-49ff-a68c-d109ce074956','3 tablespoons tahini','tablespoon','tahini','2022-05-28 23:52:55.846916','7782efc9-c625-49d9-84be-c634e27660d1','3'),('d486cccd-ce89-47d2-b99c-399d0661b1e2','9 pound ham spiral cut','pound','ham spiral cut','2022-06-19 18:35:09.435763','458f9b70-b1c3-4c1f-b4b6-343ed3d4a6d7','9'),('d8e0318e-d132-491b-b4c0-7b88ea3eaafa','¼ cup chopped onion','cup','chopped onion','2022-06-05 23:08:22.830516','39f9256e-6092-4c56-a4eb-934ef2125f07','0.25'),('ddd39a70-f0d3-410c-817e-5cac0f9ce254','2 cups honey','cup','honey','2022-06-19 18:35:09.444200','458f9b70-b1c3-4c1f-b4b6-343ed3d4a6d7','2'),('dde0e221-de8f-452c-8389-613014d05265','½ cup brown sugar packed','cup','brown sugar packed','2022-06-05 23:01:57.695748','59a7e595-d0b8-4e67-9d62-87209a1ab37b','0.5'),('e04c2bf0-9fe6-4db6-89c8-296c6acb89e4','3 tablespoons tahini','tablespoon','tahini','2022-05-28 03:20:52.456106','f49aca18-7c3a-4eb9-850e-5295ecc69a93','3'),('e0da5caa-4885-43fc-b61e-61d828724cdf',' Crushed toasted sesame seeds (for serving; optional)',NULL,'Crushed toasted sesame seeds (for serving; optional)','2022-05-28 23:52:55.849420','7782efc9-c625-49d9-84be-c634e27660d1',NULL),('e7232be9-13aa-4aca-9a8b-ac458e3a7870','⅔ cup butter','cup','butter','2022-06-05 23:01:57.693068','59a7e595-d0b8-4e67-9d62-87209a1ab37b','0.666'),('ea84d8cf-c17e-4581-983f-f5f3b20c6257','⅛ cup whole cloves','cup','whole cloves','2022-06-19 18:35:09.437669','458f9b70-b1c3-4c1f-b4b6-343ed3d4a6d7','0.125'),('ec6bd2ef-2746-40bc-b4be-27292fa9f404',' Crushed toasted sesame seeds (for serving; optional)',NULL,'Crushed toasted sesame seeds (for serving; optional)','2022-05-30 22:30:10.854192','017b9644-3cb9-4388-8359-2c356c787ba9',NULL),('edbfcc9b-7eea-4368-b782-7a7e3a404f33','1 pound flank steak','pound','flank steak','2022-06-20 18:31:35.798702','6be4228a-6480-4110-8653-982ceb7f2865','1'),('edc4f049-e5a2-4319-a7da-958d22825363','2 tablespoons lemon juice','tablespoon','lemon juice','2022-06-05 23:08:22.837343','39f9256e-6092-4c56-a4eb-934ef2125f07','2'),('eea517f3-b4d4-4ce2-b9ae-f777daf85066','½ cup buttermilk','cup','buttermilk','2022-05-30 22:30:10.849376','017b9644-3cb9-4388-8359-2c356c787ba9','0.5'),('f7b2cdc8-2cde-4874-b77a-dbe8dfd1a02d','½ cup buttermilk','t.t.','cup buermilk','2022-05-28 03:20:52.451624','f49aca18-7c3a-4eb9-850e-5295ecc69a93','0.5'),('fbe1a979-c578-4ffc-baf7-433eeeca326a','¼ cup light corn syrup','cup','light corn syrup','2022-06-19 18:32:10.427236','09ed5f45-5bb0-4d0d-8057-fc164271233c','0.25'),('fd59dd6f-80ae-43b4-8279-47147efa074c',' Kosher salt',NULL,'Kosher salt','2022-05-30 22:30:10.845174','017b9644-3cb9-4388-8359-2c356c787ba9',NULL);
/*!40000 ALTER TABLE `ingredients` ENABLE KEYS */;
UNLOCK TABLES;

--
-- Table structure for table `instructions`
--

DROP TABLE IF EXISTS `instructions`;
/*!40101 SET @saved_cs_client     = @@character_set_client */;
/*!50503 SET character_set_client = utf8mb4 */;
CREATE TABLE `instructions` (
  `id` varchar(36) NOT NULL,
  `raw` text NOT NULL,
  `created_at` datetime(6) NOT NULL DEFAULT CURRENT_TIMESTAMP(6),
  `recipeId` varchar(36) DEFAULT NULL,
  `index` int NOT NULL,
  PRIMARY KEY (`id`),
  KEY `FK_412eec8482892c972e1ff29ce24` (`recipeId`),
  CONSTRAINT `FK_412eec8482892c972e1ff29ce24` FOREIGN KEY (`recipeId`) REFERENCES `recipes` (`id`) ON DELETE CASCADE ON UPDATE CASCADE
) ENGINE=InnoDB DEFAULT CHARSET=utf8mb4 COLLATE=utf8mb4_0900_ai_ci;
/*!40101 SET character_set_client = @saved_cs_client */;

--
-- Dumping data for table `instructions`
--

LOCK TABLES `instructions` WRITE;
/*!40000 ALTER TABLE `instructions` DISABLE KEYS */;
INSERT INTO `instructions` VALUES ('148a6b40-5cf4-44ca-8d16-fde053e19dcc','Preheat oven to 400°. Toss strawberries with sugar and a pinch of salt on a parchment-lined rimmed baking sheet. Let sit, tossing occasionally, until sugar dissolves, about 5 minutes. Roast, tossing halfway through, until strawberries are soft and release their juices, 20–25 minutes. Let cool.','2022-05-28 03:20:52.464721','f49aca18-7c3a-4eb9-850e-5295ecc69a93',1),('14bddc95-353c-4a27-811b-bd41dfc8b353','Mix tomatoes, mozzarella, basil, 1 clove minced garlic, and 1 tablespoon olive oil in a bowl; toss to coat. Cover bowl and refrigerate.','2022-06-20 18:31:54.766248','6be4228a-6480-4110-8653-982ceb7f2865',1),('23e91842-3ba3-4263-ae53-0f1d248d6d89','Mix tomatoes, onion, cilantro, lemon juice, and jalapeno pepper into mashed avocado until well combined; season with salt and black pepper.','2022-06-05 23:08:22.847771','39f9256e-6092-4c56-a4eb-934ef2125f07',2),('2855637e-9671-4036-9c2e-877f4165b710','Combine the peanuts, butter and sugar; press onto the bottom and up the sides of a greased 9-inch pie plate. Cover and refrigerate for 15 minutes.','2022-06-19 18:32:10.444526','09ed5f45-5bb0-4d0d-8057-fc164271233c',1),('2c25d9f3-1283-4fbb-9036-e6c2bdcaf4ca','Stud the ham with cloves and place on pan.','2022-06-19 18:35:09.453738','458f9b70-b1c3-4c1f-b4b6-343ed3d4a6d7',2),('2dda266e-11ea-43d7-ab36-5cce3c26e3c6','Divide smoothies and strawberries among glasses and top with sesame seeds, if using.','2022-05-30 22:30:10.872253','017b9644-3cb9-4388-8359-2c356c787ba9',3),('3a5a45cd-f359-4cff-9dd3-78ad73dd2c99','Preheat an outdoor grill for medium-high heat and lightly oil the grate.','2022-06-20 18:31:58.821520','6be4228a-6480-4110-8653-982ceb7f2865',2),('3bc6a756-75f5-40cd-87d7-7ea46b7221b5','Place steak in a large resealable bag; add 1 clove minced garlic, 1 tablespoon olive oil, salt, and pepper. Seal the bag and distribute the oil mixture over the steak.','2022-06-20 18:32:02.064888','6be4228a-6480-4110-8653-982ceb7f2865',3),('4bbdaa08-ed96-4dd3-8bc8-300e788dd0ce','Divide smoothies and strawberries among glasses and top with sesame seeds, if using.','2022-05-28 23:52:55.857389','7782efc9-c625-49d9-84be-c634e27660d1',3),('55139e6e-5063-465c-8c23-245c1980f9dc','Combine corn syrup, honey, butter and brown sugar. Stir until smooth. Reduce heat to medium low.','2022-06-05 23:01:57.710563','59a7e595-d0b8-4e67-9d62-87209a1ab37b',4),('5e2d6f0c-508e-4255-8ef3-79f5a86c34be','Transfer three-quarters of strawberries to a blender. Add banana, buttermilk, tahini, and 1 cup ice; blend until smooth. Using a metal spoon, smash remaining strawberries to a jammy consistency.','2022-05-28 23:52:55.855469','7782efc9-c625-49d9-84be-c634e27660d1',2),('600c0aa5-8dec-4830-8aa6-ce33b717cd02','Stud the ham with cloves and place on pan.','2022-06-05 23:01:57.702733','59a7e595-d0b8-4e67-9d62-87209a1ab37b',2),('68269cb5-da5f-4010-9e8d-f00561def2d7','Mash avocados in a bowl until creamy.','2022-06-05 23:08:22.842455','39f9256e-6092-4c56-a4eb-934ef2125f07',1),('773080cc-a650-48f1-bcae-97499c2f535e','Brush glaze over the top of the ham (don’t worry about cloves moving). Bake 1 hour, brushing more glaze over the top every 15 minutes.','2022-06-19 18:35:09.461442','458f9b70-b1c3-4c1f-b4b6-343ed3d4a6d7',5),('8637361a-9ef8-4474-8a08-e493860e2676','Cover and freeze overnight or until firm. Just before serving, sprinkle with mini candy-coated chocolate pieces, if desired.','2022-06-19 18:32:10.451379','09ed5f45-5bb0-4d0d-8057-fc164271233c',3),('a91587b9-07fb-49eb-8916-95d16f7f7946','Divide lettuce onto 4 serving plates. Drizzle 1 1/2 teaspoons each balsamic vinegar and olive oil onto each lettuce portion. Divide steak and tomato mixture evenly between the salads.','2022-06-20 18:32:10.732630','6be4228a-6480-4110-8653-982ceb7f2865',5),('abad8f42-b474-4bec-a488-f2b790a1b567','Transfer three-quarters of strawberries to a blender. Add banana, buttermilk, tahini, and 1 cup ice; blend until smooth. Using a metal spoon, smash remaining strawberries to a jammy consistency.','2022-05-28 03:20:52.471196','f49aca18-7c3a-4eb9-850e-5295ecc69a93',2),('af327a42-f8d0-4f2c-8331-c5c9affb782c','Transfer three-quarters of strawberries to a blender. Add banana, buttermilk, tahini, and 1 cup ice; blend until smooth. Using a metal spoon, smash remaining strawberries to a jammy consistency.','2022-05-30 22:30:10.869957','017b9644-3cb9-4388-8359-2c356c787ba9',2),('c35e9be6-a3cb-4125-8d3b-066dc19d3c3a','Preheat oven to 400°. Toss strawberries with sugar and a pinch of salt on a parchment-lined rimmed baking sheet. Let sit, tossing occasionally, until sugar dissolves, about 5 minutes. Roast, tossing halfway through, until strawberries are soft and release their juices, 20–25 minutes. Let cool.','2022-05-28 23:52:55.852740','7782efc9-c625-49d9-84be-c634e27660d1',1),('c778688d-152f-43b5-bfbd-5400a3680d1d','Brush glaze over the top of the ham (don’t worry about cloves moving). Bake 1 hour, brushing more glaze over the top every 15 minutes.','2022-06-05 23:01:57.714798','59a7e595-d0b8-4e67-9d62-87209a1ab37b',5),('ceda20a1-f346-498f-b9a5-24be1ab644ed','When the grill is preheated, cook steak to your desired degree of doneness, about 5 minutes per side for medium. An instant-read thermometer inserted into the center should read 140 degrees F (60 degrees C). Let stand for 5 minutes before thinly slicing across the grain.','2022-06-20 18:32:06.377335','6be4228a-6480-4110-8653-982ceb7f2865',4),('d1274a0f-5963-4d62-bf8d-ba42a84c91d6','Divide smoothies and strawberries among glasses and top with sesame seeds, if using.','2022-05-28 03:20:52.476433','f49aca18-7c3a-4eb9-850e-5295ecc69a93',3),('d81106f8-5344-467a-94aa-389c822f0aec','Create a double broiler using a pot of water and a pot that rests on top. Bring water to a boil over medium high.','2022-06-05 23:01:57.706247','59a7e595-d0b8-4e67-9d62-87209a1ab37b',3),('da5de759-e4e0-43f9-9214-b4af6d5f9541','Preheat oven to 325°F. Line a pan with foil.','2022-06-05 23:01:57.698577','59a7e595-d0b8-4e67-9d62-87209a1ab37b',1),('e49716df-08eb-4d17-aaf6-4956702680f5','Create a double broiler using a pot of water and a pot that rests on top. Bring water to a boil over medium high.','2022-06-19 18:35:09.456025','458f9b70-b1c3-4c1f-b4b6-343ed3d4a6d7',3),('ec526529-0821-4c25-bcaa-d75f6943ccb0','Preheat oven to 400°. Toss strawberries with sugar and a pinch of salt on a parchment-lined rimmed baking sheet. Let sit, tossing occasionally, until sugar dissolves, about 5 minutes. Roast, tossing halfway through, until strawberries are soft and release their juices, 20–25 minutes. Let cool.','2022-05-30 22:30:10.858195','017b9644-3cb9-4388-8359-2c356c787ba9',1),('ed093def-c9be-48e7-9982-472aebdb622b','In a large bowl, combine peanut butter and corn syrup. Add coconut and peanuts. Stir in ice cream just until combined. Spoon into crust.','2022-06-19 18:32:10.446944','09ed5f45-5bb0-4d0d-8057-fc164271233c',2),('f374a2a4-6f51-4aef-960e-ebc9004cb72a','Preheat oven to 325°F. Line a pan with foil.','2022-06-19 18:35:09.451549','458f9b70-b1c3-4c1f-b4b6-343ed3d4a6d7',1),('f3cb6993-6705-4d29-9349-c7e9a5bb3252','Combine corn syrup, honey, butter and brown sugar. Stir until smooth. Reduce heat to medium low.','2022-06-19 18:35:09.459486','458f9b70-b1c3-4c1f-b4b6-343ed3d4a6d7',4);
/*!40000 ALTER TABLE `instructions` ENABLE KEYS */;
UNLOCK TABLES;

--
-- Table structure for table `macros_configs`
--

DROP TABLE IF EXISTS `macros_configs`;
/*!40101 SET @saved_cs_client     = @@character_set_client */;
/*!50503 SET character_set_client = utf8mb4 */;
CREATE TABLE `macros_configs` (
  `id` varchar(36) NOT NULL,
  `activityFactor` float NOT NULL,
  `fat` int NOT NULL,
  `carbs` int NOT NULL,
  `protein` int NOT NULL,
  `userId` varchar(36) DEFAULT NULL,
  PRIMARY KEY (`id`),
  UNIQUE KEY `REL_9f2835df62661f11cdb41f5076` (`userId`),
  CONSTRAINT `FK_9f2835df62661f11cdb41f50769` FOREIGN KEY (`userId`) REFERENCES `users` (`id`) ON DELETE CASCADE ON UPDATE CASCADE
) ENGINE=InnoDB DEFAULT CHARSET=utf8mb4 COLLATE=utf8mb4_0900_ai_ci;
/*!40101 SET character_set_client = @saved_cs_client */;

--
-- Dumping data for table `macros_configs`
--

LOCK TABLES `macros_configs` WRITE;
/*!40000 ALTER TABLE `macros_configs` DISABLE KEYS */;
INSERT INTO `macros_configs` VALUES ('09a154b3-b899-46bb-9e14-6d359774880b',1.55,0,0,0,'d5896690-0773-4257-834a-2254a7b9eccf'),('0c1923a3-4737-4ed6-aca6-d5c979d43c55',1.2,45,25,30,NULL),('951501ce-c6cb-48e8-afb9-e75c2fbe7ca8',1.375,0,0,0,'5b6683dc-4f86-4247-8ac1-22a1910d5a9e'),('aa7f5848-bc76-4d98-94f5-9476becefb7f',1.55,0,0,0,'0bfcc70f-d371-4809-abaa-c8c6972c4295'),('eb38c9ee-0556-46c6-bb6e-06dd6f361dfe',1.2,45,25,30,NULL);
/*!40000 ALTER TABLE `macros_configs` ENABLE KEYS */;
UNLOCK TABLES;

--
-- Table structure for table `meal`
--

DROP TABLE IF EXISTS `meal`;
/*!40101 SET @saved_cs_client     = @@character_set_client */;
/*!50503 SET character_set_client = utf8mb4 */;
CREATE TABLE `meal` (
  `id` varchar(36) NOT NULL,
  `name` varchar(255) NOT NULL,
  `index` int NOT NULL,
  PRIMARY KEY (`id`)
) ENGINE=InnoDB DEFAULT CHARSET=utf8mb4 COLLATE=utf8mb4_0900_ai_ci;
/*!40101 SET character_set_client = @saved_cs_client */;

--
-- Dumping data for table `meal`
--

LOCK TABLES `meal` WRITE;
/*!40000 ALTER TABLE `meal` DISABLE KEYS */;
INSERT INTO `meal` VALUES ('3d48cdf0-8b17-45fe-a7fd-b5aa32971615','Breakfast',1),('54187012-3fc6-4328-adaf-9a21ed3caaf9','Lunch',2),('69bfb57b-b8f4-47fc-b020-7b483b9def39','Dinner',3);
/*!40000 ALTER TABLE `meal` ENABLE KEYS */;
UNLOCK TABLES;

--
-- Table structure for table `meal_recipes`
--

DROP TABLE IF EXISTS `meal_recipes`;
/*!40101 SET @saved_cs_client     = @@character_set_client */;
/*!50503 SET character_set_client = utf8mb4 */;
CREATE TABLE `meal_recipes` (
  `id` int NOT NULL AUTO_INCREMENT,
  `recipeId` varchar(36) DEFAULT NULL,
  `mealId` varchar(36) DEFAULT NULL,
  `userId` varchar(36) DEFAULT NULL,
  `date` varchar(255) NOT NULL,
  `cooked` tinyint NOT NULL DEFAULT '0',
  PRIMARY KEY (`id`),
  KEY `FK_2fcbd4f4f265864015c6798229a` (`recipeId`),
  KEY `FK_6cdc1d6f4cd1ea58226c62627a3` (`mealId`),
  KEY `FK_e87883d8364c145522aaa464c15` (`userId`),
  CONSTRAINT `FK_2fcbd4f4f265864015c6798229a` FOREIGN KEY (`recipeId`) REFERENCES `recipes` (`id`) ON DELETE CASCADE ON UPDATE CASCADE,
  CONSTRAINT `FK_6cdc1d6f4cd1ea58226c62627a3` FOREIGN KEY (`mealId`) REFERENCES `meal` (`id`) ON DELETE CASCADE ON UPDATE CASCADE,
  CONSTRAINT `FK_e87883d8364c145522aaa464c15` FOREIGN KEY (`userId`) REFERENCES `users` (`id`) ON DELETE CASCADE ON UPDATE CASCADE
) ENGINE=InnoDB AUTO_INCREMENT=125 DEFAULT CHARSET=utf8mb4 COLLATE=utf8mb4_0900_ai_ci;
/*!40101 SET character_set_client = @saved_cs_client */;

--
-- Dumping data for table `meal_recipes`
--

LOCK TABLES `meal_recipes` WRITE;
/*!40000 ALTER TABLE `meal_recipes` DISABLE KEYS */;
INSERT INTO `meal_recipes` VALUES (99,'f49aca18-7c3a-4eb9-850e-5295ecc69a93','3d48cdf0-8b17-45fe-a7fd-b5aa32971615','5b6683dc-4f86-4247-8ac1-22a1910d5a9e','5/28/2022',0),(100,'f49aca18-7c3a-4eb9-850e-5295ecc69a93','3d48cdf0-8b17-45fe-a7fd-b5aa32971615','5b6683dc-4f86-4247-8ac1-22a1910d5a9e','5/29/2022',1),(101,'017b9644-3cb9-4388-8359-2c356c787ba9','3d48cdf0-8b17-45fe-a7fd-b5aa32971615','5b6683dc-4f86-4247-8ac1-22a1910d5a9e','5/31/2022',1),(114,'017b9644-3cb9-4388-8359-2c356c787ba9','3d48cdf0-8b17-45fe-a7fd-b5aa32971615','5b6683dc-4f86-4247-8ac1-22a1910d5a9e','6/5/2022',1),(115,'59a7e595-d0b8-4e67-9d62-87209a1ab37b','54187012-3fc6-4328-adaf-9a21ed3caaf9','5b6683dc-4f86-4247-8ac1-22a1910d5a9e','6/11/2022',0),(117,'59a7e595-d0b8-4e67-9d62-87209a1ab37b','3d48cdf0-8b17-45fe-a7fd-b5aa32971615','5b6683dc-4f86-4247-8ac1-22a1910d5a9e','6/14/2022',1),(118,'017b9644-3cb9-4388-8359-2c356c787ba9','3d48cdf0-8b17-45fe-a7fd-b5aa32971615','d5896690-0773-4257-834a-2254a7b9eccf','6/19/2022',1),(119,'59a7e595-d0b8-4e67-9d62-87209a1ab37b','3d48cdf0-8b17-45fe-a7fd-b5aa32971615','d5896690-0773-4257-834a-2254a7b9eccf','6/19/2022',1),(120,'59a7e595-d0b8-4e67-9d62-87209a1ab37b','3d48cdf0-8b17-45fe-a7fd-b5aa32971615','d5896690-0773-4257-834a-2254a7b9eccf','6/19/2022',1),(121,'6be4228a-6480-4110-8653-982ceb7f2865','54187012-3fc6-4328-adaf-9a21ed3caaf9','5b6683dc-4f86-4247-8ac1-22a1910d5a9e','6/20/2022',0),(122,'6be4228a-6480-4110-8653-982ceb7f2865','3d48cdf0-8b17-45fe-a7fd-b5aa32971615','5b6683dc-4f86-4247-8ac1-22a1910d5a9e','6/21/2022',1),(123,'6be4228a-6480-4110-8653-982ceb7f2865','54187012-3fc6-4328-adaf-9a21ed3caaf9','5b6683dc-4f86-4247-8ac1-22a1910d5a9e','6/24/2022',1),(124,'458f9b70-b1c3-4c1f-b4b6-343ed3d4a6d7','3d48cdf0-8b17-45fe-a7fd-b5aa32971615','5b6683dc-4f86-4247-8ac1-22a1910d5a9e','6/24/2022',1);
/*!40000 ALTER TABLE `meal_recipes` ENABLE KEYS */;
UNLOCK TABLES;

--
-- Table structure for table `moods`
--

DROP TABLE IF EXISTS `moods`;
/*!40101 SET @saved_cs_client     = @@character_set_client */;
/*!50503 SET character_set_client = utf8mb4 */;
CREATE TABLE `moods` (
  `id` varchar(36) NOT NULL,
  `name` varchar(255) NOT NULL,
  `icon` varchar(255) NOT NULL,
  `active` tinyint NOT NULL DEFAULT '1',
  PRIMARY KEY (`id`)
) ENGINE=InnoDB DEFAULT CHARSET=utf8mb4 COLLATE=utf8mb4_0900_ai_ci;
/*!40101 SET character_set_client = @saved_cs_client */;

--
-- Dumping data for table `moods`
--

LOCK TABLES `moods` WRITE;
/*!40000 ALTER TABLE `moods` DISABLE KEYS */;
INSERT INTO `moods` VALUES ('13b94d8f-400a-472e-91b5-70afcc49cfaf','Energetic','💃',1),('55410636-a11f-496c-ac99-81b5c0db21a7','Normal','👌',1),('7eb703ff-4717-4f9b-8450-69a2c2191389','Mad','😤',1),('9cb24865-8634-4f2c-9451-a4b4fe6aa769','Good','🙃',1),('bd9a49c5-a416-43b8-b762-c1bbe30cd5de','Tired','😩',1),('dc21d004-7585-4a89-8dc1-a3e3d386a0ca','Sad','😔',1),('e14d4ea7-19a6-455e-bcf5-3e5b48fedd16','Happy','😄',1),('e24e1415-39c6-41ca-9498-96f1d7dd30af','Stressed','😥',1),('f7335a28-cd26-4059-8c48-0e5e16b5b8f2','Calm','🧘‍♀️',1),('ff7cad92-fe4e-42c2-bdb6-a1eed8b7b87b','Excited','👏',1);
/*!40000 ALTER TABLE `moods` ENABLE KEYS */;
UNLOCK TABLES;

--
-- Table structure for table `moods_records`
--

DROP TABLE IF EXISTS `moods_records`;
/*!40101 SET @saved_cs_client     = @@character_set_client */;
/*!50503 SET character_set_client = utf8mb4 */;
CREATE TABLE `moods_records` (
  `id` varchar(36) NOT NULL,
  `date` datetime NOT NULL,
  `moodId` varchar(36) DEFAULT NULL,
  `userId` varchar(36) DEFAULT NULL,
  `created_at` datetime(6) NOT NULL DEFAULT CURRENT_TIMESTAMP(6),
  PRIMARY KEY (`id`),
  KEY `FK_fa776a74e06bb9d169f5850528a` (`moodId`),
  KEY `FK_4fb18c49a1ec567c837f7baa30e` (`userId`),
  CONSTRAINT `FK_4fb18c49a1ec567c837f7baa30e` FOREIGN KEY (`userId`) REFERENCES `users` (`id`) ON DELETE CASCADE ON UPDATE CASCADE,
  CONSTRAINT `FK_fa776a74e06bb9d169f5850528a` FOREIGN KEY (`moodId`) REFERENCES `moods` (`id`) ON DELETE CASCADE ON UPDATE CASCADE
) ENGINE=InnoDB DEFAULT CHARSET=utf8mb4 COLLATE=utf8mb4_0900_ai_ci;
/*!40101 SET character_set_client = @saved_cs_client */;

--
-- Dumping data for table `moods_records`
--

LOCK TABLES `moods_records` WRITE;
/*!40000 ALTER TABLE `moods_records` DISABLE KEYS */;
INSERT INTO `moods_records` VALUES ('06710f38-1ec5-460c-87df-4339ff0be602','2022-03-07 03:55:05','55410636-a11f-496c-ac99-81b5c0db21a7','5b6683dc-4f86-4247-8ac1-22a1910d5a9e','2022-03-07 15:56:59.024570'),('1d8458cc-e761-40e4-97cc-ae51a0a7ab6f','2022-04-12 00:48:05','55410636-a11f-496c-ac99-81b5c0db21a7','5b6683dc-4f86-4247-8ac1-22a1910d5a9e','2022-04-12 00:48:04.935978'),('2a98203e-940f-4800-beb4-6188744b26a0','2022-03-05 16:31:01','bd9a49c5-a416-43b8-b762-c1bbe30cd5de','5b6683dc-4f86-4247-8ac1-22a1910d5a9e','2022-03-07 15:56:59.024570'),('3065b7cb-8a64-4196-998f-d8baa45dcf93','2022-05-09 17:03:06','13b94d8f-400a-472e-91b5-70afcc49cfaf','5b6683dc-4f86-4247-8ac1-22a1910d5a9e','2022-05-09 17:03:06.247717'),('3402779d-5b23-4a81-8316-289ebdba30e7','2022-03-05 20:41:31','55410636-a11f-496c-ac99-81b5c0db21a7','5b6683dc-4f86-4247-8ac1-22a1910d5a9e','2022-03-07 15:56:59.024570'),('3c6f8f4d-b412-448e-afc3-b2ba178bd0b6','2022-03-05 20:41:33','13b94d8f-400a-472e-91b5-70afcc49cfaf','5b6683dc-4f86-4247-8ac1-22a1910d5a9e','2022-03-07 15:56:59.024570'),('4fa951dd-3909-4320-a279-00f0eb17014b','2022-03-30 19:03:10','13b94d8f-400a-472e-91b5-70afcc49cfaf','5b6683dc-4f86-4247-8ac1-22a1910d5a9e','2022-03-30 19:03:09.584384'),('55fccff8-1771-4b96-a550-16b7b1b04f44','2022-04-06 21:20:23','13b94d8f-400a-472e-91b5-70afcc49cfaf','5b6683dc-4f86-4247-8ac1-22a1910d5a9e','2022-04-06 21:20:22.640036'),('58725d05-3129-43da-9833-8f7ee48731c4','2022-03-09 20:42:40','e24e1415-39c6-41ca-9498-96f1d7dd30af','788d0c7c-d4d5-4f04-a9c9-0099c658a3ba','2022-03-09 20:42:39.795691'),('5b40ee3e-aefc-43e3-a72e-935ac83b4b17','2022-03-05 20:57:43','e14d4ea7-19a6-455e-bcf5-3e5b48fedd16','5b6683dc-4f86-4247-8ac1-22a1910d5a9e','2022-03-07 15:56:59.024570'),('5dc9b474-fba1-4ddc-9049-6659431236c8','2022-04-06 21:19:37','13b94d8f-400a-472e-91b5-70afcc49cfaf','5b6683dc-4f86-4247-8ac1-22a1910d5a9e','2022-04-06 21:19:37.224422'),('6fe06587-5a2f-4afe-8307-6597c10a7f8e','2022-05-17 18:23:35','dc21d004-7585-4a89-8dc1-a3e3d386a0ca','da7e9afc-8dfb-42bb-b977-c677bd0d7f8e','2022-05-17 18:23:35.113213'),('71a422ec-9747-4387-8bf9-d65cb95051e6','2022-03-07 03:55:05','13b94d8f-400a-472e-91b5-70afcc49cfaf','5b6683dc-4f86-4247-8ac1-22a1910d5a9e','2022-03-07 15:56:59.024570'),('7b58b068-0485-4680-9284-5b36b6a72283','2022-03-05 20:57:44','e14d4ea7-19a6-455e-bcf5-3e5b48fedd16','5b6683dc-4f86-4247-8ac1-22a1910d5a9e','2022-03-07 15:56:59.024570'),('7cb6d205-158e-439a-a974-d84faf568ff2','2022-05-17 18:23:35','13b94d8f-400a-472e-91b5-70afcc49cfaf','da7e9afc-8dfb-42bb-b977-c677bd0d7f8e','2022-05-17 18:23:35.109496'),('7dcdc08a-bce5-4229-a785-c5def878d75b','2022-03-05 20:57:41','e14d4ea7-19a6-455e-bcf5-3e5b48fedd16','5b6683dc-4f86-4247-8ac1-22a1910d5a9e','2022-03-07 15:56:59.024570'),('832f80e1-7540-4068-88b8-0a4316e55760','2022-04-06 21:19:29','13b94d8f-400a-472e-91b5-70afcc49cfaf','5b6683dc-4f86-4247-8ac1-22a1910d5a9e','2022-04-06 21:19:29.106139'),('9175415c-72b1-4a93-8a0c-0829a0a41a49','2022-05-14 17:39:52','13b94d8f-400a-472e-91b5-70afcc49cfaf','b29a4375-bd98-49a8-91f2-4fdd98238cca','2022-05-14 17:39:52.358883'),('9ca900be-fe56-4138-bb35-79b9f304306a','2022-05-09 17:03:11','13b94d8f-400a-472e-91b5-70afcc49cfaf','5b6683dc-4f86-4247-8ac1-22a1910d5a9e','2022-05-09 17:03:10.955493'),('a13b5416-8d49-487f-bf30-27f076c23232','2022-03-05 20:41:37','13b94d8f-400a-472e-91b5-70afcc49cfaf','5b6683dc-4f86-4247-8ac1-22a1910d5a9e','2022-03-07 15:56:59.024570'),('a40a656d-2ac5-4a4f-8556-50b0d5c8d7ce','2022-03-07 17:10:43','55410636-a11f-496c-ac99-81b5c0db21a7','5b6683dc-4f86-4247-8ac1-22a1910d5a9e','2022-03-07 17:10:43.012082'),('b100048e-9b52-44c5-b429-498474c2863a','2022-03-07 18:09:23','13b94d8f-400a-472e-91b5-70afcc49cfaf','5b6683dc-4f86-4247-8ac1-22a1910d5a9e','2022-03-07 18:09:23.099298'),('bfbc9721-8c22-4e87-980d-2da2129d101d','2022-04-12 00:48:05','7eb703ff-4717-4f9b-8450-69a2c2191389','5b6683dc-4f86-4247-8ac1-22a1910d5a9e','2022-04-12 00:48:04.938573'),('c7be4498-5c8f-41c5-97a2-d52174e7625a','2022-03-07 17:10:53','55410636-a11f-496c-ac99-81b5c0db21a7','5b6683dc-4f86-4247-8ac1-22a1910d5a9e','2022-03-07 17:10:53.462844'),('cd38e2ca-f452-4aba-b983-e2acafd928c0','2022-05-14 17:39:52','e14d4ea7-19a6-455e-bcf5-3e5b48fedd16','b29a4375-bd98-49a8-91f2-4fdd98238cca','2022-05-14 17:39:52.372732'),('d3deba38-70f5-4393-b86f-986eee3ad667','2022-03-05 20:57:26','9cb24865-8634-4f2c-9451-a4b4fe6aa769','5b6683dc-4f86-4247-8ac1-22a1910d5a9e','2022-03-07 15:56:59.024570'),('de14be47-fed8-436e-a04a-cc43ce58290e','2022-05-14 17:39:52','f7335a28-cd26-4059-8c48-0e5e16b5b8f2','b29a4375-bd98-49a8-91f2-4fdd98238cca','2022-05-14 17:39:52.367096'),('ef873270-42ca-4a5b-bb17-d6578e3addf9','2022-03-05 20:41:35','7eb703ff-4717-4f9b-8450-69a2c2191389','5b6683dc-4f86-4247-8ac1-22a1910d5a9e','2022-03-07 15:56:59.024570'),('f6da09e5-0534-4b58-9adf-47cb5745e42b','2022-04-12 00:48:05','13b94d8f-400a-472e-91b5-70afcc49cfaf','5b6683dc-4f86-4247-8ac1-22a1910d5a9e','2022-04-12 00:48:04.928298'),('fe287069-9b81-451b-9e18-ac9f410581ea','2022-03-05 20:41:31','13b94d8f-400a-472e-91b5-70afcc49cfaf','5b6683dc-4f86-4247-8ac1-22a1910d5a9e','2022-03-07 15:56:59.024570');
/*!40000 ALTER TABLE `moods_records` ENABLE KEYS */;
UNLOCK TABLES;

--
-- Table structure for table `nutritien_categories`
--

DROP TABLE IF EXISTS `nutritien_categories`;
/*!40101 SET @saved_cs_client     = @@character_set_client */;
/*!50503 SET character_set_client = utf8mb4 */;
CREATE TABLE `nutritien_categories` (
  `id` varchar(36) NOT NULL,
  `name` varchar(255) NOT NULL,
  `active` tinyint NOT NULL DEFAULT '1',
  PRIMARY KEY (`id`)
) ENGINE=InnoDB DEFAULT CHARSET=utf8mb4 COLLATE=utf8mb4_0900_ai_ci;
/*!40101 SET character_set_client = @saved_cs_client */;

--
-- Dumping data for table `nutritien_categories`
--

LOCK TABLES `nutritien_categories` WRITE;
/*!40000 ALTER TABLE `nutritien_categories` DISABLE KEYS */;
INSERT INTO `nutritien_categories` VALUES ('0d206350-ea13-4b7d-b3f8-f91ef0ab86a6','Protein',1),('36629dc2-23e6-46b8-a1cc-e3218a6516a4','Mineral',1),('4a073c5b-ec69-4b3f-b55a-62941c07ddfd','Carbohydrates',1),('56cfb7af-0fd2-486f-970d-fa7e5635cff1','Vitamins',1),('5beedad0-b80b-49ff-bbe6-25481b5da521','Energy',1),('7bea84ff-58c7-48c2-91f9-a39bc89db61e','Fats',1),('8e2ace34-c8c3-49a0-9174-a9ec3696d261','Water',1);
/*!40000 ALTER TABLE `nutritien_categories` ENABLE KEYS */;
UNLOCK TABLES;

--
-- Table structure for table `nutrition`
--

DROP TABLE IF EXISTS `nutrition`;
/*!40101 SET @saved_cs_client     = @@character_set_client */;
/*!50503 SET character_set_client = utf8mb4 */;
CREATE TABLE `nutrition` (
  `id` varchar(36) NOT NULL,
  `code` varchar(255) NOT NULL,
  `name` varchar(255) NOT NULL,
  `unit` varchar(255) NOT NULL,
  `categoryId` varchar(36) DEFAULT NULL,
  PRIMARY KEY (`id`),
  KEY `FK_e27585ebf8c75ac96f23b46c564` (`categoryId`),
  CONSTRAINT `FK_e27585ebf8c75ac96f23b46c564` FOREIGN KEY (`categoryId`) REFERENCES `nutritien_categories` (`id`)
) ENGINE=InnoDB DEFAULT CHARSET=utf8mb4 COLLATE=utf8mb4_0900_ai_ci;
/*!40101 SET character_set_client = @saved_cs_client */;

--
-- Dumping data for table `nutrition`
--

LOCK TABLES `nutrition` WRITE;
/*!40000 ALTER TABLE `nutrition` DISABLE KEYS */;
INSERT INTO `nutrition` VALUES ('04a17b42-9c5a-4d14-a346-aac8ff1e996a','K','Potassium, K','mg','36629dc2-23e6-46b8-a1cc-e3218a6516a4'),('05203218-b755-4707-b69c-8fcd970ccc9f','TOCPHA','Vitamin E (alpha-tocopherol)','mg','56cfb7af-0fd2-486f-970d-fa7e5635cff1'),('12bea159-d23d-4aa1-b8b5-87dcdd317492','FAPU','Fatty acids, total polyunsaturated','g','7bea84ff-58c7-48c2-91f9-a39bc89db61e'),('16a37c47-3e05-45ae-b441-9fe5729807c2','THIA','Thiamin','mg','56cfb7af-0fd2-486f-970d-fa7e5635cff1'),('1a49414f-5edd-45a6-81b9-db91a615e601','VITD','Vitamin D (D2 + D3)','µg','56cfb7af-0fd2-486f-970d-fa7e5635cff1'),('1d1b52fc-ca72-4587-8533-d3d761c1f454','FOLFD','Folate, food','µg','56cfb7af-0fd2-486f-970d-fa7e5635cff1'),('1f517980-9b27-40e0-920e-f88120b8503e','PROCNT','Protein','g','0d206350-ea13-4b7d-b3f8-f91ef0ab86a6'),('2bb50176-fcb0-46e2-9469-9305bb605ac9','SUGAR.added','Added sugar','g','4a073c5b-ec69-4b3f-b55a-62941c07ddfd'),('3103bd20-afb9-4c66-9753-8b00d6017193','CHOLE','Cholesterol','mg','7bea84ff-58c7-48c2-91f9-a39bc89db61e'),('32b911bd-0611-4610-ad03-987b0853ada0','FAT','Total lipid (fat)','g','7bea84ff-58c7-48c2-91f9-a39bc89db61e'),('331a0f8f-70eb-437d-9122-2a3ed76536a9','FOLDFE','Folate, DFE','µg','56cfb7af-0fd2-486f-970d-fa7e5635cff1'),('359a18ad-62dd-4ea6-a13c-fcc3f9bba9a7','SUGAR','Sugars, total','g','4a073c5b-ec69-4b3f-b55a-62941c07ddfd'),('400b9868-cdee-4c6c-924f-27c25bfa6b28','VITC','Vitamin C, total ascorbic acid','mg','56cfb7af-0fd2-486f-970d-fa7e5635cff1'),('432f0a87-1a87-449a-abf0-dbdc73a2d1c1','P','Phosphorus, P','mg','36629dc2-23e6-46b8-a1cc-e3218a6516a4'),('5260e649-9b8c-4192-aa6b-72dbcb0a55cb','VITB12','Vitamin B-12','µg','56cfb7af-0fd2-486f-970d-fa7e5635cff1'),('5444b4ca-c639-4d0c-85c4-8fea99d16d4b','CHOCDF','Carbohydrate, by difference','g','4a073c5b-ec69-4b3f-b55a-62941c07ddfd'),('5d98a6e9-b639-4a90-9f74-86e2909437df','FAMS','Fatty acids, total monounsaturated','g','7bea84ff-58c7-48c2-91f9-a39bc89db61e'),('667bca12-89ad-4bae-abca-2c3dc085d78f','ZN','Zinc, Zn','mg','36629dc2-23e6-46b8-a1cc-e3218a6516a4'),('6d1c7e6e-f51f-4c7f-82f6-a30deb42eb27','VITA_RAE','Vitamin A, RAE','µg','56cfb7af-0fd2-486f-970d-fa7e5635cff1'),('6e283f44-5288-4a0b-83f4-5726babe2722','Sugar.alcohol','Sugar alcohols','g','4a073c5b-ec69-4b3f-b55a-62941c07ddfd'),('746d230a-fc8b-42a0-bd44-c88456346ca6','CA','Calcium, Ca','mg','36629dc2-23e6-46b8-a1cc-e3218a6516a4'),('8588d5b4-8a19-41ed-9729-9fcf37d55b01','RIBF','Riboflavin','mg','36629dc2-23e6-46b8-a1cc-e3218a6516a4'),('8661d1d3-3c97-46e6-85fe-a9246bbe6e8c','FOLAC','Folic acid','µg','36629dc2-23e6-46b8-a1cc-e3218a6516a4'),('8c1a7fd0-84e5-4698-92a4-f4f0dffd5a46','ENERC_KCAL','Energy','kcal','5beedad0-b80b-49ff-bbe6-25481b5da521'),('90f4101d-989c-454a-93da-fbde43afaf9a','NA','Sodium, Na','mg','36629dc2-23e6-46b8-a1cc-e3218a6516a4'),('93c883da-28ee-49a0-ae38-f64bbb822b7f','FASAT','Fatty acids, total saturated','g','7bea84ff-58c7-48c2-91f9-a39bc89db61e'),('9b84a10b-cdfa-4c66-9027-bfbd7d414d70','NIA','Niacin','mg','56cfb7af-0fd2-486f-970d-fa7e5635cff1'),('a431cd49-9250-4d3b-9efd-4838ec98922d','MG','Magnesium','mg','36629dc2-23e6-46b8-a1cc-e3218a6516a4'),('a548eb6e-fbb9-44da-8d9e-00184730c12b','FE','Iron, Fe','mg','36629dc2-23e6-46b8-a1cc-e3218a6516a4'),('b4e7b0c2-43b9-4b4a-ada9-4a76add4b352','FIBTG','Fiber, total dietary','g','4a073c5b-ec69-4b3f-b55a-62941c07ddfd'),('d66e834e-5ebf-4aa7-972d-85068bba9835','WATER','Water','g','8e2ace34-c8c3-49a0-9174-a9ec3696d261'),('e4ce6ca1-1958-4c8a-86c5-ad5c3f1400fd','CA','Calcium','mg','36629dc2-23e6-46b8-a1cc-e3218a6516a4'),('eb75bf36-3fc3-4d23-b49a-309b87695465','VITB6A','Vitamin B-6','mg','56cfb7af-0fd2-486f-970d-fa7e5635cff1'),('f7c8409e-834b-4788-ad85-836a748ebf72','FATRN','Fatty acids, total trans','g','7bea84ff-58c7-48c2-91f9-a39bc89db61e'),('fc717f32-8aed-480e-bba5-b61c4d6116c2','CHOCDF.net','Carbohydrate (net)','g','4a073c5b-ec69-4b3f-b55a-62941c07ddfd'),('fc875a22-c9b6-42f1-b4ca-a03b3d804926','VITK1','Vitamin K (phylloquinone)','µg','56cfb7af-0fd2-486f-970d-fa7e5635cff1');
/*!40000 ALTER TABLE `nutrition` ENABLE KEYS */;
UNLOCK TABLES;

--
-- Table structure for table `nutrition_recomendation`
--

DROP TABLE IF EXISTS `nutrition_recomendation`;
/*!40101 SET @saved_cs_client     = @@character_set_client */;
/*!50503 SET character_set_client = utf8mb4 */;
CREATE TABLE `nutrition_recomendation` (
  `id` varchar(36) NOT NULL,
  `name` varchar(255) NOT NULL,
  `code` varchar(255) DEFAULT NULL,
  `quantity` int NOT NULL,
  `unit` varchar(255) DEFAULT NULL,
  `population` varchar(255) NOT NULL,
  `ageStart` int NOT NULL,
  `ageEnd` int NOT NULL,
  PRIMARY KEY (`id`)
) ENGINE=InnoDB DEFAULT CHARSET=utf8mb4 COLLATE=utf8mb4_0900_ai_ci;
/*!40101 SET character_set_client = @saved_cs_client */;

--
-- Dumping data for table `nutrition_recomendation`
--

LOCK TABLES `nutrition_recomendation` WRITE;
/*!40000 ALTER TABLE `nutrition_recomendation` DISABLE KEYS */;
INSERT INTO `nutrition_recomendation` VALUES ('009135e9-9c11-484f-85b4-f1cc0c4256fb','Calcium','CA',1000,'mg','LACTATION',19,30),('018090a3-26ef-4277-bbce-a25bba2a5fa6','Water','WATER',2000,'g','FEMALE',9,13),('01cdc246-024d-4b43-8a8b-92e08b0d5972','Vitamin A','VITA_RAE',600,'µg','FEMALE',9,13),('01e71ec9-fc97-4b25-b95c-5df3018ba462','Vitamin B-6','VITB6A',1,'mg','CHILDREN',4,8),('037728c1-7b48-4c69-974f-0b48c1eb4ed7','Protein','PROCNT',56,'g','MALE',70,100),('047ef358-6a42-45dc-a2f1-b4d271f7a9ca','Iron','FE',9,'mg','LACTATION',31,50),('0528938b-663f-49db-8037-95f024ce08a1','Niacin','NIA',6,'mg','CHILDREN',1,3),('054bae58-f594-4dd6-bd71-3d86fb7a826a','Water','WATER',1000,'g','CHILDREN',1,3),('054c5a29-7195-4de0-8139-54c5a2252dd9','Magnesium','MG',400,'mg','MALE',19,30),('05f4bf51-4d2d-4cef-b477-5d22daa711e2','Iron','FE',8,'mg','MALE',70,100),('0654ea6f-4ddf-4213-90bc-1e1ff36b4380','Fat','FAPU',-1,'g','FEMALE',31,50),('06adfcc6-3eb3-4a3b-a25d-fd2f0231a588','Phosphorus','P',700,'mg','FEMALE',19,30),('06c0b9bf-1a71-40c0-b89c-54c9260bcd63','Magnesium','MG',320,'mg','FEMALE',31,50),('08031125-8a64-4602-8fa9-5d7b40260305','Water','WATER',3000,'g','PREGNANCY',14,18),('0862de55-e732-45d0-aba8-4042ce27d1a3','Vitamin B-12','VITB12',3,'µg','LACTATION',14,18),('09022413-99bb-4669-8308-a62e74421aac','Iron','FE',27,'mg','PREGNANCY',31,50),('0930f719-96fc-43f0-aa00-8219843384f1','Phosphorus','P',1250,'mg','MALE',14,18),('0aa8d6dd-2b75-47c0-8be5-a49542d62d34','Fiber','FIBTG',28,'g','PREGNANCY',14,18),('0aebb70f-7074-4750-84e1-93cd80b58083','Sodium','NA',1500,'mg','MALE',19,30),('0b432814-951d-4dbe-a029-661d511d661c','Iron','FE',9,'mg','LACTATION',19,30),('0b6f5659-5e0f-467c-99d3-b15e482ad50a','Iron','FE',15,'mg','FEMALE',14,18),('0bdcefc4-dbe4-4259-a17a-88df79b029d9','Vitamin C','VITC',85,'mg','PREGNANCY',19,30),('0c6ea532-1d4f-4073-956f-c69f53ec8b5c','Vitamin D','VITD',15,'µg','MALE',51,70),('0cd18641-2f6d-4062-9ece-ff34998df4c2','Zinc','ZN',12,'mg','LACTATION',19,30),('0d12db87-5077-4737-9d43-c899b829e741','Niacin','NIA',17,'mg','LACTATION',31,50),('0d2ed9b6-5c24-4c78-8e0f-4380bf047def','Potassium','K',2900,'mg','PREGNANCY',31,50),('0e4549ae-3848-4144-bdaf-174abacac9fb','Thiamin','THIA',1,'mg','MALE',14,18),('0ea2b5e8-57b9-4135-a0d0-5f1c46035b55','Folate','FOLFD',400,'µg','FEMALE',14,18),('0eeb499b-0052-49b3-9e96-982652c5ac58','Folate','FOLFD',400,'µg','MALE',31,50),('0f1bd6c1-a002-4d63-ad93-ab1c9e103bd3','Carbohydrate','CHOCDF',130,'g','MALE',14,18),('0fbc41b8-5d94-4a57-a5f1-7cc65379a1f4','Protein','PROCNT',71,'g','PREGNANCY',31,50),('10ecf246-cf98-4fa9-9fc9-ebaf24011769','Vitamin D','VITD',15,'µg','FEMALE',51,70),('118eae23-8d3c-4cbe-a592-2082abe2a9c8','Fiber','FIBTG',30,'g','MALE',70,100),('12242d42-f617-4721-abd3-1fd8e3700b17','Iron','FE',27,'mg','PREGNANCY',14,18),('125c4a93-bb28-4547-a84c-3e802560fd68','Carbohydrate','CHOCDF',130,'g','MALE',51,70),('1390f803-c318-4528-aec3-aea42326ed16','Vitamin K','VITK1',90,'µg','LACTATION',31,50),('13a0d334-3689-4ef3-9057-eb7d329c66de','Phosphorus','P',700,'mg','LACTATION',31,50),('14678bb5-bfbb-405b-940d-5edf5a832bfc','Phosphorus','P',460,'mg','CHILDREN',1,3),('14eb0012-9c60-4300-b43e-28ab0bcf0a31','Vitamin D','VITD',20,'µg','MALE',70,100),('150b1e00-0fe2-49b5-b8ec-6ab273b205af','Folate','FOLFD',400,'µg','FEMALE',31,50),('1591dec6-9370-459f-9d3c-4ea0523f418f','Protein','PROCNT',13,'g','CHILDREN',1,3),('15fb8889-adc1-4071-9e77-2b25c94c733f','Water','WATER',3000,'g','FEMALE',19,30),('17462000-63c7-4783-8721-efcc634faf4b','Calcium','CA',1300,'mg','PREGNANCY',14,18),('174a0f0a-6769-4096-abbd-55654903d10c','Vitamin B-12','VITB12',2,'µg','MALE',31,50),('174adde7-9cbf-4350-893e-fab4d4b450eb','Folate','FOLFD',200,'µg','CHILDREN',4,8),('1777b492-59bf-477a-8a63-154f2cf2ece1','Sodium','NA',1500,'mg','LACTATION',19,30),('188dba7d-c6ff-4e42-b55c-6e2ace164ed9','Magnesium','MG',410,'mg','MALE',14,18),('18a898c0-3c7f-4e88-b17c-ebf24252ccb2','Vitamin K','VITK1',75,'µg','LACTATION',14,18),('18e7d73d-b570-47e0-8e15-654143e97fb2','Protein','PROCNT',46,'g','FEMALE',31,50),('1958a958-5dc1-423a-8f2a-25d950f9c150','Riboflavin','RIBF',1,'mg','FEMALE',70,100),('19960d10-b555-4310-8574-f65f447f2911','Sodium','NA',800,'mg','CHILDREN',1,3),('19e82a42-eca5-4789-98d2-41997ea021b8','Protein','PROCNT',71,'g','LACTATION',14,18),('1a1799a3-3f12-40ee-8981-e3151a08679c','Vitamin E','TOCPHA',15,'mg','PREGNANCY',31,50),('1a703451-2c3c-425d-b113-c7d535f3aa99','Vitamin B-6','VITB6A',2,'mg','PREGNANCY',19,30),('1a7b521f-c8cd-4d32-8661-f0ab29f3c48a','Iron','FE',18,'mg','FEMALE',31,50),('1c797ddc-41ff-4e48-9a94-c0e8b6860cbb','Iron','FE',8,'mg','MALE',9,13),('1d390db7-e882-4d96-9a1f-606eac52e047','Vitamin C','VITC',85,'mg','PREGNANCY',31,50),('1d9238f9-1200-470d-8fc2-f330653056b6','Potassium','K',2600,'mg','FEMALE',19,30),('1db9f7ce-f216-4cfc-90f2-837de6baba64','Water','WATER',3000,'g','PREGNANCY',31,50),('1de03763-1ebe-4073-8833-7894f4d174c5','Phosphorus','P',1250,'mg','FEMALE',14,18),('1e472250-d3f0-4430-bd0e-921fd9d93bd3','Vitamin B-6','VITB6A',1,'mg','MALE',9,13),('1fecf0b0-4c1e-4cf4-a915-8a4b8473802b','Calcium','CA',1300,'mg','MALE',14,18),('20e99843-31e5-4e3d-8d09-ac6275bbb05e','Vitamin C','VITC',90,'mg','MALE',51,70),('20eb9713-9a5f-4c63-bb2a-9f896c412878','Niacin','NIA',14,'mg','FEMALE',14,18),('223587ef-c2c8-4b0b-8b5c-1a11f1b22533','Iron','FE',18,'mg','FEMALE',19,30),('22e2fde0-b0a4-4579-8f30-224862c10538','Calcium','CA',1000,'mg','MALE',19,30),('2345847a-0063-4c6a-a64b-71108b258929','Vitamin E','TOCPHA',15,'mg','PREGNANCY',19,30),('235ac1d0-10fe-4d11-b036-b34234c21627','Vitamin B-6','VITB6A',2,'mg','FEMALE',51,70),('23da8248-41f1-4e82-a0b6-67903fd5ff2e','Vitamin E','TOCPHA',15,'mg','MALE',31,50),('2418464c-7455-4049-af36-345cf4ec9d80','Riboflavin','RIBF',1,'mg','FEMALE',14,18),('2473f4b4-4242-40dc-a1d0-f22d967c04b7','Calcium','CA',1200,'mg','MALE',70,100),('24936857-f0cd-43de-a776-712bacf44b64','Vitamin K','VITK1',90,'µg','PREGNANCY',31,50),('24c17322-9d6f-4b47-b3fb-d0294d39b8f3','Niacin','NIA',17,'mg','LACTATION',19,30),('2528e86a-9abd-4237-b8e0-8dc06ee27a88','Vitamin K','VITK1',90,'µg','FEMALE',51,70),('2663e60c-af54-4bdd-a5d6-0b9be0dae87c','Vitamin K','VITK1',90,'µg','FEMALE',70,100),('2672bb04-355f-4d04-89ff-8d05db4eaeac','Niacin','NIA',18,'mg','PREGNANCY',14,18),('275a278c-ae9b-47b2-a4ef-19498666138d','Iron','FE',8,'mg','MALE',31,50),('27e55c3e-f076-48ba-96db-737167f46811','Vitamin D','VITD',15,'µg','PREGNANCY',19,30),('27e8687e-0826-4c86-9216-1df644873ed4','Vitamin E','TOCPHA',15,'mg','PREGNANCY',14,18),('284d1edb-7f71-4e02-b0d9-64fdb589e6ef','Protein','PROCNT',46,'g','FEMALE',70,100),('2900bd27-1d29-4514-ab3f-8fc8f81861c3','Folate','FOLFD',400,'µg','MALE',19,30),('29739c53-e6e8-41ff-b961-dc26263758ca','Protein','PROCNT',71,'g','LACTATION',31,50),('2c03e102-e221-499e-8a2d-ca0657a15dab','Sodium','NA',1500,'mg','LACTATION',31,50),('2d977962-81df-49a5-a87d-3ef269979ed1','Water','WATER',4000,'g','MALE',19,30),('2dc08f80-99dd-4f5c-9daa-4478b919db5c','Protein','PROCNT',71,'g','LACTATION',19,30),('2e167952-c39e-4f17-bd21-31812ffbe87e','Phosphorus','P',700,'mg','LACTATION',19,30),('2f391f1d-f6e2-42b2-a1e5-0c1dedb6e6af','Folate','FOLFD',400,'µg','MALE',51,70),('2f543b49-a2a2-4dfb-8210-44c55f073488','Carbohydrate','CHOCDF',130,'g','CHILDREN',4,8),('2faec4ce-8128-4fbf-bd75-b9fa199a6861','Potassium','K',3400,'mg','MALE',31,50),('2fdbc9cc-9754-4f83-9233-93e92466a8b4','Magnesium','MG',420,'mg','MALE',51,70),('2fe04842-452c-4221-9131-3399c57bde16','Vitamin B-6','VITB6A',2,'mg','FEMALE',70,100),('300aba07-2a56-47cf-b6f3-5136a154c8e1','Water','WATER',2000,'g','MALE',9,13),('30579916-3abd-456e-a9bd-886b9418c105','Vitamin B-12','VITB12',2,'µg','MALE',70,100),('306440ac-8370-4bbb-b80c-86951c1e7cac','Vitamin B-6','VITB6A',1,'mg','FEMALE',9,13),('30bbd056-de38-4d9e-b450-2e9d7e42444d','Zinc','ZN',11,'mg','MALE',51,70),('3371db70-2aab-4f3e-93cf-f95f1a422267','Iron','FE',27,'mg','PREGNANCY',19,30),('33836dfb-df07-460b-8a3b-87f14f5521f3','Phosphorus','P',700,'mg','FEMALE',31,50),('3406245a-9c8d-4ba9-821b-c3671c276bfe','Thiamin','THIA',1,'mg','FEMALE',70,100),('34a88667-85fa-4624-829e-405b67e9fcf9','Magnesium','MG',420,'mg','MALE',70,100),('35215e43-50c1-41d7-8e98-680f8b2edf4c','Carbohydrate','CHOCDF',130,'g','FEMALE',19,30),('35d55c9d-07cc-4c7d-853e-769ac71cd8ad','Carbohydrate','CHOCDF',130,'g','FEMALE',9,13),('36a8d428-6269-4ef3-8307-47bf27c67ed5','Zinc','ZN',8,'mg','FEMALE',70,100),('36f0c459-df1d-48ba-b214-592309bc1658','Folate','FOLFD',400,'µg','MALE',14,18),('36f70299-3820-4dc1-95b9-75b40fea8af0','Fiber','FIBTG',29,'g','LACTATION',31,50),('370618df-373e-4e04-a0f1-aa1a9c15451b','Vitamin C','VITC',45,'mg','MALE',9,13),('37a42201-f6ed-465f-b029-45b510a4f3bb','Folate','FOLFD',300,'µg','FEMALE',9,13),('389ad45c-d212-4c19-9d14-4cf200554194','Potassium','K',2500,'mg','LACTATION',14,18),('397d4820-878c-486a-a0f5-de22c17ab719','Riboflavin','RIBF',2,'mg','LACTATION',19,30),('39daf159-fdd7-43a2-b15d-c3e26002e672','Phosphorus','P',700,'mg','PREGNANCY',19,30),('3a29a51b-9931-4d70-8465-b40fcbb224e8','Vitamin D','VITD',15,'µg','FEMALE',14,18),('3a3e6f1a-6e02-49f9-96b0-88338b5ba08f','Thiamin','THIA',1,'mg','LACTATION',14,18),('3aacb469-40b9-4453-bf2d-6c83ef7e76c5','Vitamin B-6','VITB6A',1,'mg','FEMALE',19,30),('3ad531ac-2fdd-4695-b05e-bee36a202b21','Potassium','K',3000,'mg','MALE',14,18),('3ca11112-02d7-4043-8ce4-18c2979b6c16','Carbohydrate','CHOCDF',130,'g','FEMALE',70,100),('3cc9f9c7-7cb4-4112-b41d-ee1277383945','Iron','FE',10,'mg','LACTATION',14,18),('3d3d15a9-ef14-40bb-9a6f-a5b93b3ed33c','Vitamin A','VITA_RAE',1200,'µg','LACTATION',14,18),('3dc1daa4-f195-433c-ab0d-2d187ac72823','Vitamin K','VITK1',90,'µg','FEMALE',19,30),('3ddf6b0b-00bf-405a-a3df-0e893f5ac5ae','Riboflavin','RIBF',1,'mg','CHILDREN',4,8),('3e25f12b-43b7-459c-999b-be4b203a89bd','Fiber','FIBTG',28,'g','PREGNANCY',19,30),('3f0cf6cc-2996-4463-85f0-547fc5d2a063','Zinc','ZN',11,'mg','PREGNANCY',31,50),('3fbcfa32-d27f-4c12-9914-99b2b44167d7','Phosphorus','P',700,'mg','FEMALE',51,70),('3fe8ddee-fe42-4d44-971d-1da2da4e09eb','Vitamin B-6','VITB6A',1,'mg','CHILDREN',1,3),('4153aa4d-81c1-4d66-824f-28f9a44395cd','Sodium','NA',1200,'mg','MALE',9,13),('423da63d-0ac3-49e5-a5a9-c9e08f3d4a15','Vitamin B-6','VITB6A',1,'mg','MALE',14,18),('42cc182b-5c29-4a08-9d71-fa4b9ca9c1da','Potassium','K',2600,'mg','FEMALE',31,50),('430afaf0-018a-4209-b967-d5c6709aa698','Thiamin','THIA',1,'mg','CHILDREN',1,3),('4316c3c2-0da6-461a-a884-c35ca42baa47','Thiamin','THIA',1,'mg','FEMALE',19,30),('447fe931-d4b3-4f24-a8c2-55151e0f2ef7','Zinc','ZN',3,'mg','CHILDREN',1,3),('4490b7a6-bad8-49f5-a840-09481849477b','Thiamin','THIA',1,'mg','MALE',70,100),('449dd7da-1771-411a-90c8-a42d1b413ddc','Vitamin A','VITA_RAE',770,'µg','PREGNANCY',31,50),('449e66bb-5216-46d7-814a-cc2a45d215d4','Vitamin C','VITC',75,'mg','FEMALE',19,30),('44c327e2-5ae1-437e-bd2b-fabab96ec908','Phosphorus','P',1250,'mg','LACTATION',14,18),('450049cc-ea60-4751-a2dc-e54bed4248e6','Vitamin E','TOCPHA',19,'mg','LACTATION',19,30),('45367062-7f8d-4751-9bc7-ca7d8fe21c81','Protein','PROCNT',34,'g','MALE',9,13),('45b124ee-41a1-4c52-9f1e-9f6a414a0d86','Vitamin E','TOCPHA',15,'mg','FEMALE',70,100),('45e1ef76-1996-4b62-a60c-78fd331dbd52','Carbohydrate','CHOCDF',175,'g','PREGNANCY',31,50),('46688410-759e-4e56-9bad-f676c186de85','Fiber','FIBTG',21,'g','FEMALE',70,100),('46be9fc5-358f-4640-8066-88048708f079','Magnesium','MG',400,'mg','PREGNANCY',14,18),('46d90f97-28ab-4baf-a462-83a17803e425','Zinc','ZN',8,'mg','FEMALE',51,70),('46f507a3-9371-480e-b5d5-98c1daf0ae2d','Carbohydrate','CHOCDF',210,'g','LACTATION',19,30),('470bc485-7c1e-443e-8a2f-fc55beb3d95c','Carbohydrate','CHOCDF',130,'g','MALE',9,13),('4740d6c8-6d97-4ffd-b710-3af2cef05666','Vitamin K','VITK1',75,'µg','FEMALE',14,18),('47f431f1-5937-43ba-9cb8-4c400e78d456','Phosphorus','P',1250,'mg','MALE',9,13),('48040390-1598-4499-ad61-bb92b69b4723','Niacin','NIA',16,'mg','MALE',70,100),('48c6ceb4-53ea-47cf-9457-bee9bbc55d08','Vitamin K','VITK1',90,'µg','PREGNANCY',19,30),('48eba0c3-ca09-460d-9a61-301f2b4d13c4','Zinc','ZN',9,'mg','FEMALE',14,18),('4918290d-6f50-4d04-8edd-1adcc5487b01','Water','WATER',4000,'g','LACTATION',19,30),('493ded24-37ca-4f37-89af-87bdc3cfaf50','Fiber','FIBTG',26,'g','FEMALE',14,18),('4a27cb75-6075-4077-9329-26a236d13b4f','Vitamin C','VITC',25,'mg','CHILDREN',4,8),('4a705de3-4b4a-4552-aa9b-b2faaf7fffcd','Thiamin','THIA',1,'mg','MALE',19,30),('4ab7ba35-8214-4953-8081-79fcdafeed50','Fatty acids','FAPU',1,'g','LACTATION',31,50),('4b34d727-d008-418a-b965-47983bee9865','Vitamin K','VITK1',75,'µg','PREGNANCY',14,18),('4b3c3ddd-7f79-4300-bedf-17b2fb54c96c','Niacin','NIA',18,'mg','PREGNANCY',19,30),('4c0306ae-2dc3-4f5f-8640-84d71e62550e','Potassium','K',2800,'mg','LACTATION',31,50),('4c777dc6-ada1-4270-8497-56e805df2a3c','Fatty acids','FAPU',1,'g','CHILDREN',1,3),('4c8e60ee-cc96-4c6c-ac4a-05424683fcc7','Sodium','NA',1500,'mg','FEMALE',51,70),('4ca604e5-da3a-4bab-b38a-f3bf69147842','Fatty acids','FAPU',1,'g','FEMALE',19,30),('4d4fb46e-1c5e-4757-874d-d62289597134','Vitamin K','VITK1',60,'µg','MALE',9,13),('4df42b62-035b-4e47-afe6-3db54000e61f','Calcium','CA',1000,'mg','FEMALE',19,30),('4e1e3a28-3997-4b0d-b9d0-1f8ec26285a3','Protein','PROCNT',71,'g','PREGNANCY',19,30),('4e6e78c1-ab19-41f3-9bda-faef1e876d20','Vitamin C','VITC',90,'mg','MALE',31,50),('4e9c12b7-cde4-4fb3-8751-e720dec039e1','Vitamin A','VITA_RAE',400,'µg','CHILDREN',4,8),('4e9f2517-35b0-4ec2-b472-9026b352f34a','Fat','FAPU',-1,'g','LACTATION',31,50),('4f12eaa9-e317-44a6-90be-ff400881a5f0','Phosphorus','P',700,'mg','MALE',70,100),('4f7b9f1c-a853-4179-aed3-0601f54c8036','Vitamin E','TOCPHA',15,'mg','FEMALE',14,18),('4fd7d0fe-77e1-40fb-a74b-c4a53e1d2ed7','Fiber','FIBTG',25,'g','CHILDREN',4,8),('5280d8fa-e421-4fbb-87c9-cb67a9bdcddf','Carbohydrate','CHOCDF',175,'g','PREGNANCY',14,18),('532e07b8-7934-4513-81c6-7e8a789a8298','Magnesium','MG',420,'mg','MALE',31,50),('537af090-39bc-4811-88c9-44b4d8d91934','Riboflavin','RIBF',1,'mg','PREGNANCY',31,50),('53d1d3c0-f202-403a-8ee9-4b1d0a808280','Sodium','NA',1500,'mg','LACTATION',14,18),('542f43d3-f9d1-4aa3-8ad1-6dfdf10fa47c','Thiamin','THIA',1,'mg','LACTATION',31,50),('544158b0-05f3-4021-9dff-0574b9f669ed','Protein','PROCNT',71,'g','PREGNANCY',14,18),('55327f55-714c-401f-8e5b-b64bbbff7f3b','Riboflavin','RIBF',1,'mg','FEMALE',31,50),('55687543-2753-432a-a64a-5a9d21d538b0','Fat','FAPU',-1,'g','FEMALE',51,70),('56338ec3-0c6b-47a4-9e09-145526b96e5e','Thiamin','THIA',1,'mg','PREGNANCY',19,30),('564a50dd-3ffd-459b-874f-2bbabb350461','Potassium','K',2300,'mg','CHILDREN',4,8),('570840eb-a35f-4ac6-a705-c7950057d379','Magnesium','MG',130,'mg','CHILDREN',4,8),('574d4654-39dd-4edc-877a-b4a0328ce836','Vitamin D','VITD',15,'µg','CHILDREN',4,8),('57a5405c-d1b4-4273-a592-6a3efdde1a96','Vitamin K','VITK1',30,'µg','CHILDREN',1,3),('57f16bfc-ce3a-4d76-8911-d3c3e7afe18d','Zinc','ZN',11,'mg','MALE',31,50),('58919e2b-37df-4263-b8bf-2ec1feba3c18','Vitamin C','VITC',75,'mg','FEMALE',51,70),('5937822d-b64f-4f22-a639-8b9928f8780e','Potassium','K',2000,'mg','CHILDREN',1,3),('596ae208-5112-4f3c-93a6-5cf22a67b54e','Vitamin K','VITK1',120,'µg','MALE',70,100),('5999c215-3a15-4e15-b3e5-cc8050616d1c','Vitamin A','VITA_RAE',700,'µg','FEMALE',51,70),('59f73391-448b-4711-9423-1e53733f1b6e','Niacin','NIA',14,'mg','FEMALE',19,30),('5b5b84f6-c5ce-43c3-8299-01ea09ad054b','Fatty acids','FAPU',2,'g','MALE',70,100),('5b74149d-d7fa-4455-ba87-651c577bbb73','Vitamin C','VITC',120,'mg','LACTATION',31,50),('5c408b5d-1bf9-43fe-b0eb-347997b3a076','Carbohydrate','CHOCDF',210,'g','LACTATION',31,50),('5cc0250a-4f1b-4594-8baf-ef662370fd2a','Phosphorus','P',700,'mg','PREGNANCY',31,50),('5e0d40ab-cc83-4a99-b108-9291db55fcfa','Vitamin B-12','VITB12',2,'µg','FEMALE',70,100),('5f9b1b63-10e7-4286-88ae-79c0f0630cb2','Fatty acids','FAPU',1,'g','FEMALE',51,70),('5fec21f7-0ebd-4b6c-ac5b-968079a861b3','Water','WATER',2000,'g','FEMALE',14,18),('5ffddba6-fa33-4e67-9246-a05736ce51e1','Vitamin C','VITC',120,'mg','LACTATION',19,30),('60aa4023-554f-4077-85f1-30c6075de0ad','Potassium','K',3400,'mg','MALE',51,70),('61b63a21-784d-472b-b02d-5169800736be','Carbohydrate','CHOCDF',130,'g','CHILDREN',1,3),('61f33f6c-81a4-47fe-940c-624db1761e55','Vitamin B-12','VITB12',3,'µg','PREGNANCY',31,50),('62a8b684-f32a-41dc-99c3-a46e10dd3c4c','Vitamin A','VITA_RAE',900,'µg','MALE',14,18),('62cc756d-4a2b-4235-ab2a-fcbeb3201309','Fiber','FIBTG',31,'g','MALE',9,13),('6496b066-49b9-482a-80b6-feca45c28450','Water','WATER',2000,'g','CHILDREN',4,8),('65ede8b5-272a-4fe3-b272-e8ff1b8961a0','Carbohydrate','CHOCDF',130,'g','FEMALE',31,50),('6630065a-4c4c-40c9-9b3e-b34471ce5c2b','Vitamin E','TOCPHA',6,'mg','CHILDREN',1,3),('6634c405-aee2-4a41-96ee-bac6aaa18362','Iron','FE',8,'mg','MALE',51,70),('6642f7c7-17d3-4e82-834f-37d1c48fde87','Thiamin','THIA',1,'mg','FEMALE',9,13),('669048a9-0a1e-4d0f-ab5c-836047becdb9','Calcium','CA',1000,'mg','MALE',51,70),('6720c3cd-51d8-4738-a188-7ea1b1226eed','Vitamin C','VITC',115,'mg','LACTATION',14,18),('672cd346-0f9b-4560-8536-41f796af4f38','Riboflavin','RIBF',1,'mg','FEMALE',19,30),('67b16b6f-7a5d-49eb-b756-6124433c2d5c','Magnesium','MG',320,'mg','LACTATION',31,50),('689c4f1b-75a4-4910-9a1f-5dabc293c34e','Vitamin E','TOCPHA',15,'mg','MALE',51,70),('695d4d42-616d-4010-8da6-740226a9aec3','Vitamin D','VITD',15,'µg','CHILDREN',1,3),('69aa040f-cf0e-4100-9439-a8bdef73ce89','Zinc','ZN',11,'mg','MALE',14,18),('69df59d6-5a16-4d1d-9388-ad777761f31c','Vitamin A','VITA_RAE',300,'µg','CHILDREN',1,3),('6b8e72b5-6612-4f57-a571-9776b84f43ce','Vitamin B-12','VITB12',1,'µg','CHILDREN',4,8),('6bc5957c-f0b9-4b79-a15e-50eb2159e3f6','Calcium','CA',1300,'mg','LACTATION',14,18),('6c3f0fae-9622-4613-b9a6-d83f5758695f','Vitamin B-12','VITB12',2,'µg','FEMALE',51,70),('6c4a75d9-aebc-48c0-9267-54b03f38ff85','Fiber','FIBTG',19,'g','CHILDREN',1,3),('6ce6e1c3-1313-4088-ae9b-3e46dbc11215','Niacin','NIA',12,'mg','FEMALE',9,13),('6d0e61b0-e3df-4e8c-be6a-2b70ea2c740f','Vitamin E','TOCPHA',15,'mg','FEMALE',51,70),('6d29bcdf-61bd-4446-a7cd-a3890c7ee612','Magnesium','MG',80,'mg','CHILDREN',1,3),('6d8d1407-d101-4d03-b8ca-2b62f0b272a9','Folate','FOLFD',500,'µg','LACTATION',31,50),('6da7bc12-33dc-4cd2-bdfc-618da893512e','Potassium','K',2800,'mg','LACTATION',19,30),('6dbb4f97-7b32-4162-a93b-729e52fd2f9a','Fat','FAPU',-1,'g','PREGNANCY',19,30),('6f4344a5-3e5b-47cc-ab80-d3c4fbb551f4','Carbohydrate','CHOCDF',130,'g','MALE',31,50),('70030ebd-df4e-49e9-9c3b-0bb9965eec5a','Vitamin A','VITA_RAE',700,'µg','FEMALE',31,50),('71214eba-31a1-4482-8617-5381b25e9308','Fat','FAPU',-1,'g','FEMALE',70,100),('713ae5bf-53f4-4eba-8f7f-87a0ca1037fd','Fat','FAPU',-1,'g','PREGNANCY',31,50),('72660b65-cc08-49ef-ad87-b5bd01d5c983','Carbohydrate','CHOCDF',130,'g','FEMALE',51,70),('73c242c9-3a1b-4c5d-bc5f-d504b1dbea1e','Vitamin A','VITA_RAE',900,'µg','MALE',19,30),('741c5ac2-2bc8-47ec-b542-ede77632788f','Calcium','CA',1300,'mg','FEMALE',9,13),('741edfc6-5c67-4d05-96af-390a5d755f5a','Vitamin D','VITD',15,'µg','PREGNANCY',14,18),('7470d771-7a4a-416e-9a65-463c2c932259','Niacin','NIA',18,'mg','PREGNANCY',31,50),('74bbb74f-9951-4663-a563-11c5489246c2','Vitamin A','VITA_RAE',900,'µg','MALE',70,100),('74d207d7-92c0-4ae9-be51-6b75f10a34d7','Iron','FE',10,'mg','CHILDREN',4,8),('74ec2ab4-b7ce-4235-b4a1-cbd9c77a054c','Vitamin B-12','VITB12',3,'µg','LACTATION',19,30),('75440d57-0a4a-43bc-937a-397aaf63864b','Vitamin B-12','VITB12',2,'µg','MALE',14,18),('75694a57-53da-4e32-b86b-4b348dba3ab2','Riboflavin','RIBF',1,'mg','PREGNANCY',14,18),('75eace70-1e4e-44ff-a1b2-c5dce3356e49','Riboflavin','RIBF',1,'mg','MALE',19,30),('76272ebe-2ee2-49d6-b846-fe5da0f1ec27','Vitamin E','TOCPHA',7,'mg','CHILDREN',4,8),('76831fc9-1512-4140-b20a-ab60e1b168e9','Thiamin','THIA',1,'mg','CHILDREN',4,8),('7747200b-5900-4231-beb2-8bea550c6910','Vitamin B-12','VITB12',3,'µg','PREGNANCY',19,30),('775318f9-91d0-4858-98e9-c47b49cfc334','Fiber','FIBTG',25,'g','FEMALE',31,50),('77678171-c07a-4a3a-b2ca-ec186b2ada0c','Phosphorus','P',700,'mg','MALE',31,50),('79a96ed9-a8e0-4e09-a882-db083b3c6f0a','Vitamin C','VITC',80,'mg','PREGNANCY',14,18),('79b0169b-252e-4c05-80d1-1c7fbc21b8b8','Vitamin E','TOCPHA',15,'mg','FEMALE',31,50),('7a2a1a8a-49c9-42a1-9bbc-b222b6939f49','Fat','FAPU',-1,'g','FEMALE',14,18),('7ce4dd0c-dc61-4a08-8d2b-ff25a38b0170','Protein','PROCNT',19,'g','CHILDREN',4,8),('7d2404a3-a0e0-49ae-a205-2e620af7e1ea','Fat','FAPU',-1,'g','PREGNANCY',14,18),('7de14eda-c0d9-4804-9ee9-d112ff96646c','Phosphorus','P',500,'mg','CHILDREN',4,8),('7eb5a571-2ac9-483c-b7fb-ac4991096464','Vitamin A','VITA_RAE',900,'µg','MALE',51,70),('80c1488d-7fd5-469e-99ea-9c012e833109','Vitamin E','TOCPHA',11,'mg','FEMALE',9,13),('80d041b1-49ce-46e3-922d-8df37418a0e5','Protein','PROCNT',34,'g','FEMALE',9,13),('816c1471-6a2d-496f-8805-99955bd6b389','Vitamin C','VITC',90,'mg','MALE',70,100),('83140219-2680-4f0f-9ec1-4b61037a34d5','Niacin','NIA',14,'mg','FEMALE',51,70),('84a55a2b-501f-4400-a1d2-79bf5c83970c','Fat','FAPU',-1,'g','MALE',14,18),('84bd2523-8dff-4bc7-840f-a5f39a831917','Fiber','FIBTG',30,'g','MALE',51,70),('8514a218-75ac-4793-a409-e9eedd775e01','Vitamin B-12','VITB12',1,'µg','CHILDREN',1,3),('85d38d8b-f197-447c-ae91-237bef6754d9','Vitamin B-12','VITB12',3,'µg','LACTATION',31,50),('87fbfe99-1d07-49da-bd94-4ffd9e7110de','Vitamin B-6','VITB6A',1,'mg','FEMALE',31,50),('880a452d-efdf-4a4c-897c-11e5e400bd12','Magnesium','MG',240,'mg','FEMALE',9,13),('88c0ed6f-c391-4a16-ae86-83449baa8c28','Fat','FAPU',-1,'g','MALE',31,50),('89f4d44a-bdb5-4f7f-91b4-5acfe689ff7c','Riboflavin','RIBF',1,'mg','MALE',51,70),('8a6f3746-97c4-41db-be56-4fb12c873501','Magnesium','MG',360,'mg','PREGNANCY',31,50),('8a77d16e-61dc-40e6-9b44-9969f4872ec0','Thiamin','THIA',1,'mg','FEMALE',14,18),('8af178bb-0f75-41bc-a432-cc002dac4fdf','Potassium','K',3400,'mg','MALE',70,100),('8bd9eaa0-a01a-4805-867d-c920481b78c1','Vitamin B-6','VITB6A',1,'mg','MALE',19,30),('8d634197-3c95-443a-8036-673796078a3c','Potassium','K',2600,'mg','PREGNANCY',14,18),('8d8b58bb-2728-445b-99f9-35020e43739f','Phosphorus','P',1250,'mg','PREGNANCY',14,18),('8da2d373-9bc5-4e6e-bd96-411aac218f28','Folate','FOLFD',600,'µg','PREGNANCY',19,30),('8f274b4a-a4c4-490f-822e-47185f5963c5','Folate','FOLFD',600,'µg','PREGNANCY',14,18),('8f9b9e61-7d52-43d2-8d00-cbe29b51b46e','Niacin','NIA',8,'mg','CHILDREN',4,8),('8fa53f68-9acc-447a-8163-fb35ee8caa6a','Thiamin','THIA',1,'mg','MALE',31,50),('90b68cac-3db3-4ed4-8aa3-afbd69a51758','Fatty acids','FAPU',1,'g','CHILDREN',4,8),('910df2ed-f341-42c2-b4f9-d24b938b9663','Vitamin B-12','VITB12',2,'µg','FEMALE',14,18),('91397db7-aa10-4c8c-a871-bf33e6e53481','Zinc','ZN',12,'mg','PREGNANCY',14,18),('91708751-1e9e-4ec4-9c24-840c2496ece3','Fatty acids','FAPU',1,'g','FEMALE',14,18),('91da37c1-aba2-4f73-9489-a1a8dbb58e47','Thiamin','THIA',1,'mg','LACTATION',19,30),('91e61ed2-6348-4c30-ab7d-0949826fddbb','Vitamin B-12','VITB12',2,'µg','MALE',9,13),('924ca016-0a9c-40c9-ada7-859ebd5c6b4b','Calcium','CA',1300,'mg','MALE',9,13),('9272b356-89da-4ba8-a7c7-079a23b14070','Calcium','CA',1300,'mg','FEMALE',14,18),('927f0401-4fc4-4463-a4b7-ac4a87d1a361','Magnesium','MG',350,'mg','PREGNANCY',19,30),('93270e93-8b43-40d3-9c36-6adfb0eaee84','Vitamin E','TOCPHA',11,'mg','MALE',9,13),('9348e177-b0d4-4b10-97d4-b22ff29dd07e','Niacin','NIA',14,'mg','FEMALE',70,100),('94b09909-b46d-40e7-b864-994f5d071e26','Riboflavin','RIBF',1,'mg','MALE',70,100),('95dd3742-4d25-4b13-ae76-70c94ba35d6c','Zinc','ZN',11,'mg','MALE',19,30),('96251502-ca24-42d0-8465-ff6bfc1c2e09','Sodium','NA',1500,'mg','PREGNANCY',31,50),('96524fab-7bb2-43a7-93c2-72a7eb7cc9f5','Sodium','NA',1500,'mg','FEMALE',19,30),('96ac086e-a7e6-429a-83da-0c981938f92b','Vitamin B-6','VITB6A',2,'mg','PREGNANCY',31,50),('9741b7cd-a55b-4746-8a3f-19968f502c10','Calcium','CA',1000,'mg','PREGNANCY',31,50),('988ef260-7109-4ad8-bd10-413b538cb089','Carbohydrate','CHOCDF',130,'g','FEMALE',14,18),('997182b9-8c73-44cb-b5b1-df0dcc31434d','Vitamin E','TOCPHA',15,'mg','MALE',14,18),('99c3c1c4-bf60-4606-a9ef-0a8ba057e7db','Potassium','K',2900,'mg','PREGNANCY',19,30),('99fade27-3ab0-4fc7-a8a6-f76405a38483','Zinc','ZN',8,'mg','FEMALE',19,30),('9b1068c2-cca1-411f-a590-4d1943bd9f57','Niacin','NIA',16,'mg','MALE',51,70),('9b461ca3-0285-49c2-b02f-38b0e414a174','Sodium','NA',1500,'mg','MALE',51,70),('9b4f32d3-e27c-49a3-9eda-b90c08e29fa5','Water','WATER',4000,'g','LACTATION',31,50),('9c862c18-531c-4b14-aeb1-91e7db766e20','Thiamin','THIA',1,'mg','PREGNANCY',14,18),('9d43f9c1-15c4-4ef9-89ee-b487803140ce','Protein','PROCNT',56,'g','MALE',51,70),('9db718b4-d598-4bfb-a750-6b49a905a7ad','Riboflavin','RIBF',1,'mg','CHILDREN',1,3),('9e4f3d7c-e3f5-47c5-95de-f56385c025d7','Sodium','NA',1500,'mg','PREGNANCY',19,30),('a137eca9-8897-41f3-bf87-9d6a72d6a0dd','Folate','FOLFD',500,'µg','LACTATION',19,30),('a13b3a56-2e67-4291-8258-a3734eebdc22','Potassium','K',2600,'mg','FEMALE',70,100),('a1dba3f3-a038-43ea-b2c3-f568c7ffb500','Fat','FAPU',-1,'g','FEMALE',19,30),('a26c7dbe-c4fb-486f-b04a-5688e7c44ca9','Magnesium','MG',310,'mg','LACTATION',19,30),('a2dd2f9d-a6ce-40b2-b751-b05024571abf','Sodium','NA',1500,'mg','MALE',70,100),('a3408f1c-9d36-4780-8679-17e7b0153d11','Vitamin K','VITK1',90,'µg','LACTATION',19,30),('a465b03c-204c-4f84-93c6-9dbe7e0b3370','Vitamin B-6','VITB6A',2,'mg','LACTATION',14,18),('a52e0748-3e66-4ffb-9b65-57b38319f4d2','Fat','FAPU',-1,'g','LACTATION',19,30),('a5a610db-3e50-4461-a9f9-fc7cb32de415','Thiamin','THIA',1,'mg','MALE',9,13),('a5aa17c4-4c4f-49f0-b6d2-85b30dfe906c','Fatty acids','FAPU',2,'g','MALE',19,30),('a5de528f-c871-4dcf-9e4b-6b62786efbf6','Vitamin K','VITK1',120,'µg','MALE',31,50),('a5e65ef2-f8c8-428e-9956-caba3d2b879a','Water','WATER',4000,'g','LACTATION',14,18),('a623203e-cf1f-4865-b099-06b3a30339c3','Vitamin A','VITA_RAE',900,'µg','MALE',31,50),('a649bf4e-4bc7-4dba-b1f8-76fa65c077fd','Vitamin D','VITD',15,'µg','LACTATION',14,18),('a6b31d18-c5b9-4b85-94ad-c606349d8f5b','Vitamin C','VITC',75,'mg','MALE',14,18),('a703e3e8-dedc-4c9f-acbc-bbf1822c55dd','Protein','PROCNT',56,'g','MALE',19,30),('a72598d2-b751-4de9-9457-0fd8bc7feebd','Potassium','K',2500,'mg','MALE',9,13),('a7445a4d-c452-46d1-bd1b-ceccf3c8ba9d','Calcium','CA',700,'mg','CHILDREN',1,3),('a7ba0ba5-63a0-482c-8704-c1844df16948','Fat','FAPU',-1,'g','FEMALE',9,13),('a883e101-c87f-4628-971f-3568e6bb1f83','Riboflavin','RIBF',2,'mg','LACTATION',14,18),('a8dd252e-c6dc-4ec8-80dc-cc8028c6e863','Fiber','FIBTG',38,'g','MALE',14,18),('a9c642f2-b604-422c-bef2-0ff1aee69cbb','Phosphorus','P',700,'mg','MALE',51,70),('aa77eef5-84c6-4c4e-9bd0-4c43eeb86254','Vitamin B-6','VITB6A',2,'mg','PREGNANCY',14,18),('aa872544-c59f-4cf0-a079-0241f004ae1d','Potassium','K',2300,'mg','FEMALE',14,18),('ab0c02f0-e42d-4caa-972c-dab17166d149','Vitamin D','VITD',15,'µg','FEMALE',31,50),('ab5020ed-c4d8-4ebd-bb5f-e8c3e59a4f93','Vitamin D','VITD',15,'µg','MALE',14,18),('ab6a9ad3-df5f-47d5-8a8c-561fa628d3bf','Calcium','CA',1200,'mg','FEMALE',70,100),('ac0e73f1-d0d2-4d70-9c83-d868ecf05adc','Vitamin D','VITD',15,'µg','LACTATION',19,30),('ac1da1bb-4e1d-444a-8781-f92a9e155dcc','Vitamin A','VITA_RAE',770,'µg','PREGNANCY',19,30),('ad21e191-9cff-4bbd-bacc-f9286a4686a5','Fiber','FIBTG',26,'g','FEMALE',9,13),('ad3f0855-da34-4131-8544-cec507688ed5','Vitamin A','VITA_RAE',1300,'µg','LACTATION',31,50),('ad3fbcb0-4062-414e-b7ce-4700a53b63f0','Vitamin E','TOCPHA',19,'mg','LACTATION',14,18),('adb25988-b777-4a37-abb9-ec81d253c432','Folate','FOLFD',500,'µg','LACTATION',14,18),('ae62faef-f34a-4881-81bd-f0b807e2e27f','Vitamin K','VITK1',60,'µg','FEMALE',9,13),('ae696502-28b1-4b22-993a-8a497b88ce63','Water','WATER',3000,'g','PREGNANCY',19,30),('b19cc75e-2bdb-4619-9f5e-66482363f23c','Niacin','NIA',16,'mg','MALE',14,18),('b22b2383-e0d1-42af-a376-3049ec423555','Potassium','K',3400,'mg','MALE',19,30),('b2465193-daa5-42ec-9577-4546d1f91b1e','Fat','FAPU',-1,'g','MALE',51,70),('b2547c4e-2764-4430-ab00-e660fd85a033','Niacin','NIA',12,'mg','MALE',9,13),('b3967782-394e-4784-96a0-ae34c1745dfc','Vitamin C','VITC',90,'mg','MALE',19,30),('b440e13e-256b-44d8-bbbb-db1ac3a70a07','Water','WATER',3000,'g','FEMALE',51,70),('b492a324-417c-49bd-a7e2-0d1f46e3c946','Fatty acids','FAPU',2,'g','MALE',31,50),('b52ce6b7-f4f1-44c2-8d85-55f49c0adb63','Phosphorus','P',1250,'mg','FEMALE',9,13),('b578ca9c-94d0-48d7-b133-e7a77340ab48','Calcium','CA',1000,'mg','FEMALE',31,50),('b621efee-543f-4d2d-96f3-a1ff3d30cb5f','Fiber','FIBTG',28,'g','PREGNANCY',31,50),('b62d75b7-d4fe-4fa8-8010-d9ab63ba5b48','Vitamin E','TOCPHA',15,'mg','MALE',19,30),('b7efa2a2-c7ad-405f-9200-1f4f84203af8','Fatty acids','FAPU',1,'g','FEMALE',70,100),('b802871e-2252-4098-964d-a64b90faabcd','Fiber','FIBTG',29,'g','LACTATION',14,18),('b85b277d-b22e-4c00-b792-af7603bc6bda','Zinc','ZN',8,'mg','FEMALE',31,50),('b95501c0-4e98-4a30-b554-85c4c4a634d0','Niacin','NIA',14,'mg','FEMALE',31,50),('ba6da60c-8704-44ec-9f0e-536354c14bf0','Vitamin B-12','VITB12',3,'µg','PREGNANCY',14,18),('baefe1a8-6d3b-434f-a068-50c2997b81e5','Water','WATER',4000,'g','MALE',70,100),('bafeef13-c2b5-4a40-93cc-463e8b7d5645','Magnesium','MG',320,'mg','FEMALE',51,70),('bb5ebaa5-2097-4715-9a74-a2a48cd62574','Potassium','K',2600,'mg','FEMALE',51,70),('bbef2818-f410-4252-bded-0e216f740c88','Niacin','NIA',16,'mg','MALE',31,50),('bc253de3-259d-408b-bc8d-e0377d620192','Fiber','FIBTG',25,'g','FEMALE',19,30),('bc432fdc-ea22-4f31-8ec9-1633a38868bd','Carbohydrate','CHOCDF',210,'g','LACTATION',14,18),('bc637667-41bf-4582-97cc-9b0cd5b71f4a','Water','WATER',3000,'g','MALE',14,18),('bcbebc26-606d-4d92-b163-44fdb3469744','Fatty acids','FAPU',1,'g','PREGNANCY',19,30),('bd281110-3d5e-4efa-95d4-49cf1e6e813d','Riboflavin','RIBF',1,'mg','FEMALE',51,70),('bd2d434d-751b-4976-ac89-031a0960c92c','Sodium','NA',1500,'mg','MALE',31,50),('bd451a20-51b2-4e55-a25a-423adb099672','Fiber','FIBTG',38,'g','MALE',19,30),('bd5a2eea-81ac-428b-b8f3-ed60d1b8e549','Vitamin K','VITK1',75,'µg','MALE',14,18),('bdce7522-f50e-4b6d-93a9-efa9dde61ddb','Protein','PROCNT',46,'g','FEMALE',51,70),('beedf50e-0ef2-456a-bae5-68f096159392','Vitamin D','VITD',15,'µg','LACTATION',31,50),('bfa9a78a-6b60-4dc7-91d5-4cee80b33923','Calcium','CA',1200,'mg','FEMALE',51,70),('c00b42ce-a550-447f-ba86-e170d3ed6d54','Vitamin D','VITD',15,'µg','MALE',9,13),('c06ca05c-5e56-49e2-8fc0-73f2d61487b5','Vitamin A','VITA_RAE',700,'µg','FEMALE',19,30),('c11fb762-a4f8-4719-952d-44e56f294a40','Iron','FE',8,'mg','FEMALE',9,13),('c1df7fb0-3808-4e3a-a029-02b5aa05e082','Magnesium','MG',360,'mg','LACTATION',14,18),('c2356e6a-03f1-4150-895a-46188e7cb086','Zinc','ZN',8,'mg','MALE',9,13),('c2b036be-6d45-4ad7-9084-3bcb628f6862','Vitamin A','VITA_RAE',1300,'µg','LACTATION',19,30),('c2e26157-79bf-4c70-bc0f-a3fab3d25674','Protein','PROCNT',46,'g','FEMALE',14,18),('c2e2ea8c-ff41-42fe-8b86-b2759774cc4f','Fat','FAPU',-1,'g','LACTATION',14,18),('c4417375-d1e6-40ff-9ac9-fa1ef982c07c','Fatty acids','FAPU',2,'g','MALE',51,70),('c4e2b355-f475-4142-866a-409b74a203bb','Fat','FAPU',-1,'g','MALE',19,30),('c5135ab4-c6e9-4213-88c0-3cb66c987b70','Vitamin A','VITA_RAE',700,'µg','FEMALE',70,100),('c564a6cb-7704-42a9-b094-4fa8e1668e49','Folate','FOLFD',400,'µg','MALE',70,100),('c720d9d2-48ff-4386-93d2-36d6c564d4cc','Riboflavin','RIBF',1,'mg','MALE',31,50),('c75b8437-16f6-48e5-82b3-b4e54a15a6bd','Vitamin B-12','VITB12',2,'µg','FEMALE',19,30),('c7970b60-36c6-458d-b15f-606e4f7d8025','Sodium','NA',1000,'mg','CHILDREN',4,8),('c7b50322-cb7d-4d50-a0e2-a411248b0c0c','Magnesium','MG',320,'mg','FEMALE',70,100),('c7fd2337-f6c8-4334-9494-e1acd27309c1','Thiamin','THIA',1,'mg','FEMALE',31,50),('c9074d57-cf0c-49d7-90d9-629412e6be73','Carbohydrate','CHOCDF',130,'g','MALE',70,100),('c916ac07-84a8-48c3-a797-10f4fbcf4ed9','Sodium','NA',1500,'mg','MALE',14,18),('c97c793a-85ff-40b4-9a70-8b49d82a8847','Niacin','NIA',16,'mg','MALE',19,30),('ca313990-7c99-48f6-af36-abeb05700b4a','Folate','FOLFD',150,'µg','CHILDREN',1,3),('ca31b2d4-b0b1-4131-8638-6147b02568cd','Fiber','FIBTG',38,'g','MALE',31,50),('ca62bb6c-5ae7-4dac-96ff-7858fb7307a0','Water','WATER',3000,'g','FEMALE',31,50),('ca67f588-215c-4f87-8c5f-59dd9bd830ca','Fatty acids','FAPU',2,'g','MALE',14,18),('cac2d134-1da8-4429-8377-f96ec51dca56','Calcium','CA',1000,'mg','MALE',31,50),('cb09dc89-a465-4af0-a159-4e910b9d7100','Vitamin C','VITC',75,'mg','FEMALE',70,100),('cbafe3d0-4511-47f7-8fba-d0872844e7f9','Iron','FE',7,'mg','CHILDREN',1,3),('ccb2386b-953a-4eaf-948f-f638c585d182','Water','WATER',4000,'g','MALE',31,50),('ccfcbded-97c6-4d14-8fcb-30b73392a586','Vitamin E','TOCPHA',15,'mg','MALE',70,100),('cd04ca3f-87e6-4bf1-8f58-98befd23943c','Riboflavin','RIBF',2,'mg','LACTATION',31,50),('cd2daab8-6a89-4617-9335-70e9662f76c3','Calcium','CA',1000,'mg','PREGNANCY',19,30),('cd4ec0cf-c4ec-49f9-b2c1-63fac2e83883','Vitamin D','VITD',15,'µg','FEMALE',19,30),('cd5fe3de-503d-4473-a7b7-7dc989ebc285','Vitamin B-6','VITB6A',2,'mg','LACTATION',19,30),('ce76c07a-f7fc-4e38-a8b3-65d5b5c6e15b','Zinc','ZN',5,'mg','CHILDREN',4,8),('cec5c362-ee03-4f83-ac40-39f7476143c0','Water','WATER',4000,'g','MALE',51,70),('cfaf9cbc-b2a8-4b8c-85f4-5b10ffc0d94c','Iron','FE',11,'mg','MALE',14,18),('d024953f-b840-49aa-a75d-0d6b7e904a03','Sodium','NA',1500,'mg','FEMALE',70,100),('d030d1cd-3af3-412d-92bd-2843892f21a7','Phosphorus','P',700,'mg','MALE',19,30),('d293669f-2e63-4999-ad03-888bccdea4c1','Riboflavin','RIBF',1,'mg','PREGNANCY',19,30),('d4aa4e9d-afe3-43a2-bc9d-37c1acbfa9c9','Zinc','ZN',12,'mg','LACTATION',31,50),('d4c41764-e871-47f0-a45f-b581fc74a290','Vitamin A','VITA_RAE',750,'µg','PREGNANCY',14,18),('d5527f9a-e4d5-4866-87d6-bab5f478d1be','Vitamin B-6','VITB6A',1,'mg','FEMALE',14,18),('d569e1da-3c81-4588-ba26-9247fd26c987','Fat','FAPU',-1,'g','MALE',9,13),('d60145a7-66a3-41b4-aa53-e426fa437f98','Fat','FAPU',-1,'g','MALE',70,100),('d6f71a58-adcf-4aac-9608-7ac1a65ea5ae','Vitamin B-12','VITB12',2,'µg','MALE',19,30),('d752b57f-a587-470a-9ac4-d1b19208847d','Vitamin C','VITC',75,'mg','FEMALE',31,50),('d7aead1d-521f-4f12-9571-451f4e34443b','Fiber','FIBTG',29,'g','LACTATION',19,30),('d8b5e37a-da60-42dc-8858-060fcb6d8464','Vitamin B-12','VITB12',2,'µg','FEMALE',9,13),('d93e110f-59dd-4a48-ba2b-155e1ae4cad8','Folate','FOLFD',400,'µg','FEMALE',19,30),('d9ff8aff-5868-4314-abde-09803f5b3416','Zinc','ZN',11,'mg','MALE',70,100),('da303c7d-68d3-4ef5-8ad0-7a2191d9fe54','Thiamin','THIA',1,'mg','PREGNANCY',31,50),('da5af552-e768-460e-951d-4658688b58e0','Vitamin C','VITC',45,'mg','FEMALE',9,13),('db288bf2-1cd8-493e-9fa7-4f5e5a7b7632','Zinc','ZN',13,'mg','LACTATION',14,18),('db6e727d-cb27-4223-ad11-d8677310641a','Sodium','NA',1500,'mg','PREGNANCY',14,18),('dbf20fdc-3670-4319-ab65-a45af7d794cc','Vitamin K','VITK1',90,'µg','FEMALE',31,50),('dd0ea54e-cb84-4f04-bc04-859803543cf8','Fatty acids','FAPU',1,'g','LACTATION',14,18),('dd5dda91-8b99-4348-b365-59c18c3470ff','Folate','FOLFD',400,'µg','FEMALE',70,100),('dd859f51-404d-45c6-86d3-a141dd890122','Calcium','CA',1000,'mg','CHILDREN',4,8),('dde15cf7-f5be-4641-b067-7339edc21682','Magnesium','MG',360,'mg','FEMALE',14,18),('de3c809a-4d86-4278-859f-035fd6521797','Vitamin D','VITD',15,'µg','MALE',31,50),('df384a8c-5287-43e4-b3bd-e3c913a1c2fa','Fat','FAPU',-1,'g','CHILDREN',4,8),('df53b044-2748-4d2d-bdea-b3c0973e3379','Riboflavin','RIBF',1,'mg','MALE',14,18),('df58449e-030e-4cbe-a706-3cc45ee23140','Protein','PROCNT',52,'g','MALE',14,18),('df66d49b-ff69-4455-bc03-55a80d96fed8','Vitamin E','TOCPHA',19,'mg','LACTATION',31,50),('df8937f5-8af5-43a0-a25a-02cd46ed53cc','Carbohydrate','CHOCDF',130,'g','MALE',19,30),('e0e9077f-9af7-4fbe-a8ec-a2a9071fa42f','Vitamin B-12','VITB12',2,'µg','FEMALE',31,50),('e13edc6e-ad0a-4aa6-822d-78a3c999aeae','Vitamin D','VITD',20,'µg','FEMALE',70,100),('e14ebedb-790c-4100-a8b0-91affc4e29cd','Niacin','NIA',17,'mg','LACTATION',14,18),('e27848c9-b31f-43b4-8662-c0907343b4a9','Thiamin','THIA',1,'mg','MALE',51,70),('e27dd61e-685f-49bd-b544-68f39708c5db','Vitamin B-6','VITB6A',2,'mg','LACTATION',31,50),('e2997173-9511-4894-90f1-48558a94e028','Sodium','NA',1500,'mg','FEMALE',14,18),('e2d2f2ef-eca3-4cdd-8062-d6f3307411a3','Thiamin','THIA',1,'mg','FEMALE',51,70),('e3343f34-2f8c-4c10-9ab4-3df6d6c7fa4f','Magnesium','MG',310,'mg','FEMALE',19,30),('e435a52d-738f-46de-a211-5e9725644bfd','Vitamin D','VITD',15,'µg','FEMALE',9,13),('e4a81572-172a-4cda-a28c-94e5137da064','Zinc','ZN',11,'mg','PREGNANCY',19,30),('e4c47976-0c72-4eef-ad90-4d5c995a81f8','Folate','FOLFD',300,'µg','MALE',9,13),('e59202cc-ff35-42f9-8245-3b7a289bb8d5','Folate','FOLFD',400,'µg','FEMALE',51,70),('e6773825-2a1a-4a9e-88fd-20dcc4f00e0b','Iron','FE',8,'mg','FEMALE',51,70),('e6a70882-aa9d-499d-91c3-8e02ee009a3e','Fatty acids','FAPU',1,'g','FEMALE',9,13),('e6f87def-29f6-4efe-a279-7d9b341774d9','Vitamin C','VITC',65,'mg','FEMALE',14,18),('e719b050-7cd9-4953-b09b-fc5b7f2a6e64','Vitamin A','VITA_RAE',700,'µg','FEMALE',14,18),('e7feb515-0c29-45c9-9940-daefe30e23f6','Vitamin A','VITA_RAE',600,'µg','MALE',9,13),('e8e541bb-ffa4-4f5c-a861-c1afaaad2064','Riboflavin','RIBF',1,'mg','FEMALE',9,13),('e99f8b1e-aa25-4fd2-a625-8d9d5e844cab','Vitamin C','VITC',15,'mg','CHILDREN',1,3),('ea5eff93-890e-4884-b390-71e61b21ac56','Phosphorus','P',700,'mg','FEMALE',70,100),('ea88365b-778e-4fcc-a738-dd0a47dd02b5','Zinc','ZN',8,'mg','FEMALE',9,13),('ecf1b823-2450-43df-abdf-791fde97d3cf','Fiber','FIBTG',21,'g','FEMALE',51,70),('ed071249-ec08-4408-bdff-c0747ff82e05','Iron','FE',8,'mg','MALE',19,30),('ee33bdd5-d3b5-40c8-8f4e-fb2bc63ac6d9','Vitamin K','VITK1',120,'µg','MALE',51,70),('efb44d74-6ea4-4c19-9051-80fa6ff65d35','Vitamin B-6','VITB6A',2,'mg','MALE',51,70),('f06e8ad3-783c-490c-b70a-56eb83be6548','Fatty acids','FAPU',1,'g','FEMALE',31,50),('f1520f36-3090-44da-8371-bc03b74ee24f','Protein','PROCNT',56,'g','MALE',31,50),('f18f73d3-32b2-455e-b305-ba1672d33e59','Sodium','NA',1200,'mg','FEMALE',9,13),('f1922356-1b81-4856-aef8-6b1f11af6374','Vitamin D','VITD',15,'µg','PREGNANCY',31,50),('f1a34a40-b6ac-41d4-9119-0c4fa8d8f767','Sodium','NA',1500,'mg','FEMALE',31,50),('f230f70f-5193-4338-9bc9-ddf3a11d76e3','Calcium','CA',1000,'mg','LACTATION',31,50),('f36c4150-17d9-4409-a8d6-780a5a3fd956','Fatty acids','FAPU',1,'g','LACTATION',19,30),('f395def3-c227-4bfd-a1d9-d69bc4a4b28a','Iron','FE',8,'mg','FEMALE',70,100),('f471218e-9943-4c00-97b1-9607b8de29bd','Carbohydrate','CHOCDF',175,'g','PREGNANCY',19,30),('f5851429-dc69-44b6-848d-896a5c680dad','Vitamin B-6','VITB6A',1,'mg','MALE',31,50),('f5957b32-3af8-491b-bbec-1080b7049f9b','Fatty acids','FAPU',1,'g','PREGNANCY',14,18),('f6870fc3-6c4c-49f9-9f0b-29f0a8c9372a','Vitamin K','VITK1',120,'µg','MALE',19,30),('f6ceec3a-429f-4d75-b839-65f37775769d','Fat','FAPU',-1,'g','CHILDREN',1,3),('f6d25c02-3212-4a11-83ba-4f43fdaf6b9f','Vitamin E','TOCPHA',15,'mg','FEMALE',19,30),('f74016ad-5b79-4f7b-8e7d-707f668e1156','Vitamin D','VITD',15,'µg','MALE',19,30),('f9a9d752-f914-4132-a14e-b767613b497a','Protein','PROCNT',46,'g','FEMALE',19,30),('fa1173de-84df-4d20-a206-e2131f2b1eaa','Fatty acids','FAPU',1,'g','PREGNANCY',31,50),('faa80a90-464a-454c-b524-ed71a796bbd9','Vitamin B-12','VITB12',2,'µg','MALE',51,70),('fb29e376-4824-4c0c-8a01-dc08b6407523','Magnesium','MG',240,'mg','MALE',9,13),('fcfb7593-da35-4bb3-b8f0-360fbef4d23a','Vitamin K','VITK1',55,'µg','CHILDREN',4,8),('fd426b6d-c227-407c-9847-84217fd65986','Vitamin B-6','VITB6A',2,'mg','MALE',70,100),('fd76d32b-98fa-4f57-ab29-87afdb17c46b','Folate','FOLFD',600,'µg','PREGNANCY',31,50),('fdf3f998-9b66-49ee-b2bf-15752becfa55','Riboflavin','RIBF',1,'mg','MALE',9,13),('fe26efcd-3ede-4b06-b467-5970ebc351ca','Fatty acids','FAPU',1,'g','MALE',9,13),('ff2d7386-cf56-4105-8957-59e2c00a9c94','Potassium','K',2300,'mg','FEMALE',9,13),('fff4bf8b-d34e-4049-b3cc-4ca21dcfec00','Water','WATER',3000,'g','FEMALE',70,100);
/*!40000 ALTER TABLE `nutrition_recomendation` ENABLE KEYS */;
UNLOCK TABLES;

--
-- Table structure for table `recipe_diet_label`
--

DROP TABLE IF EXISTS `recipe_diet_label`;
/*!40101 SET @saved_cs_client     = @@character_set_client */;
/*!50503 SET character_set_client = utf8mb4 */;
CREATE TABLE `recipe_diet_label` (
  `id` varchar(36) NOT NULL,
  `label` varchar(255) NOT NULL,
  `recipeId` varchar(36) DEFAULT NULL,
  PRIMARY KEY (`id`),
  KEY `FK_5fab2ef76df46c5aa6bec7d3a6c` (`recipeId`),
  CONSTRAINT `FK_5fab2ef76df46c5aa6bec7d3a6c` FOREIGN KEY (`recipeId`) REFERENCES `recipes` (`id`) ON DELETE CASCADE ON UPDATE CASCADE
) ENGINE=InnoDB DEFAULT CHARSET=utf8mb4 COLLATE=utf8mb4_0900_ai_ci;
/*!40101 SET character_set_client = @saved_cs_client */;

--
-- Dumping data for table `recipe_diet_label`
--

LOCK TABLES `recipe_diet_label` WRITE;
/*!40000 ALTER TABLE `recipe_diet_label` DISABLE KEYS */;
INSERT INTO `recipe_diet_label` VALUES ('41a4d279-d4fd-496f-ba77-54cdbd859ab2','LOW_SODIUM','09ed5f45-5bb0-4d0d-8057-fc164271233c'),('865e834a-1b5c-44f9-a48c-561300f234a6','LOW_CARB','39f9256e-6092-4c56-a4eb-934ef2125f07'),('8e9bc3a0-fd71-434c-a6e2-f97f95ce785e','LOW_CARB','6be4228a-6480-4110-8653-982ceb7f2865');
/*!40000 ALTER TABLE `recipe_diet_label` ENABLE KEYS */;
UNLOCK TABLES;

--
-- Table structure for table `recipe_health_label`
--

DROP TABLE IF EXISTS `recipe_health_label`;
/*!40101 SET @saved_cs_client     = @@character_set_client */;
/*!50503 SET character_set_client = utf8mb4 */;
CREATE TABLE `recipe_health_label` (
  `id` varchar(36) NOT NULL,
  `label` varchar(255) NOT NULL,
  `recipeId` varchar(36) DEFAULT NULL,
  PRIMARY KEY (`id`),
  KEY `FK_f67ef976548ecc6d684e5c3d614` (`recipeId`),
  CONSTRAINT `FK_f67ef976548ecc6d684e5c3d614` FOREIGN KEY (`recipeId`) REFERENCES `recipes` (`id`) ON DELETE CASCADE ON UPDATE CASCADE
) ENGINE=InnoDB DEFAULT CHARSET=utf8mb4 COLLATE=utf8mb4_0900_ai_ci;
/*!40101 SET character_set_client = @saved_cs_client */;

--
-- Dumping data for table `recipe_health_label`
--

LOCK TABLES `recipe_health_label` WRITE;
/*!40000 ALTER TABLE `recipe_health_label` DISABLE KEYS */;
INSERT INTO `recipe_health_label` VALUES ('01dd3778-7c35-481e-95a6-797774e3b350','ALCOHOL_FREE','6be4228a-6480-4110-8653-982ceb7f2865'),('07b121e4-de64-4409-b4d0-fbed5c128901','KOSHER','7782efc9-c625-49d9-84be-c634e27660d1'),('0b9c89f3-dd57-4996-b45f-042d4519414c','CELERY_FREE','017b9644-3cb9-4388-8359-2c356c787ba9'),('0bf895cf-8ad2-4cd0-94f1-d500edb78b74','DAIRY_FREE','39f9256e-6092-4c56-a4eb-934ef2125f07'),('0c142955-1d4a-4249-a880-35af54ca3dde','VEGETARIAN','09ed5f45-5bb0-4d0d-8057-fc164271233c'),('0e3c9a1c-1dde-4ab0-b948-b729aefc31b3','CELERY_FREE','7782efc9-c625-49d9-84be-c634e27660d1'),('10567657-d050-4e45-80d8-f354696429e8','CELERY_FREE','f49aca18-7c3a-4eb9-850e-5295ecc69a93'),('108c53c7-ee60-4b7c-92a8-ff952ccf5521','CRUSTACEAN_FREE','f49aca18-7c3a-4eb9-850e-5295ecc69a93'),('115f9465-f539-4dab-8335-a436752c653f','WHEAT_FREE','7782efc9-c625-49d9-84be-c634e27660d1'),('12bef7af-8cd6-4078-947d-aa46f78a3fa0','PORK_FREE','7782efc9-c625-49d9-84be-c634e27660d1'),('137e22a8-3975-4c8c-9fb2-19df443490dd','TREE_NUT_FREE','59a7e595-d0b8-4e67-9d62-87209a1ab37b'),('144b2058-7cb8-413c-a532-03784b301c0d','EGG_FREE','f49aca18-7c3a-4eb9-850e-5295ecc69a93'),('19237f44-da55-4729-aeb9-12f04e02b6cf','KOSHER','017b9644-3cb9-4388-8359-2c356c787ba9'),('1a553a58-94bf-448f-af6e-26db34d0ddb1','ALCOHOL_FREE','39f9256e-6092-4c56-a4eb-934ef2125f07'),('1c189f67-7025-43e2-a125-6e1732ee4cbe','ALCOHOL_FREE','09ed5f45-5bb0-4d0d-8057-fc164271233c'),('1c4a34bd-0de4-44e9-a0c5-15863ca2f811','SOY_FREE','6be4228a-6480-4110-8653-982ceb7f2865'),('1efe95a8-6c25-4405-be9b-732ecc2f16e4','LOW_POTASSIUM','458f9b70-b1c3-4c1f-b4b6-343ed3d4a6d7'),('20af2ac5-22ef-4947-ab1f-40044f0fa26f','NO_OIL_ADDED','017b9644-3cb9-4388-8359-2c356c787ba9'),('20e013b8-d2a9-49a0-9243-0abf2009756c','ALCOHOL_FREE','f49aca18-7c3a-4eb9-850e-5295ecc69a93'),('254f0c89-3f28-4c1b-a1e0-71197bb03016','CELERY_FREE','6be4228a-6480-4110-8653-982ceb7f2865'),('258fa52e-46fd-4e59-a8df-a2bd3d477efc','LUPINE_FREE','6be4228a-6480-4110-8653-982ceb7f2865'),('26ffdd23-f01e-4b02-8920-0db34be61d23','KOSHER','39f9256e-6092-4c56-a4eb-934ef2125f07'),('2a81981a-531f-4288-869b-c449a7a51353','KETO_FRIENDLY','6be4228a-6480-4110-8653-982ceb7f2865'),('2aecad15-ff4d-4a3d-9791-8359abb4200a','MOLLUSK_FREE','017b9644-3cb9-4388-8359-2c356c787ba9'),('2b1b3e55-8d1e-4b4b-b69c-ee263c88d6f1','SHELLFISH_FREE','f49aca18-7c3a-4eb9-850e-5295ecc69a93'),('2fc3751d-ef00-4e90-8853-6340a52bdfe2','MUSTARD_FREE','09ed5f45-5bb0-4d0d-8057-fc164271233c'),('3173c7d5-3fab-41c3-ae75-beaecf085cab','LOW_POTASSIUM','59a7e595-d0b8-4e67-9d62-87209a1ab37b'),('330215b9-041d-4997-b135-fb27021f06df','FISH_FREE','458f9b70-b1c3-4c1f-b4b6-343ed3d4a6d7'),('379ccf10-796a-4762-a93c-5cd8f09cdf86','WHEAT_FREE','59a7e595-d0b8-4e67-9d62-87209a1ab37b'),('38591d71-cfe1-4660-a4b4-388319b1f27e','SOY_FREE','458f9b70-b1c3-4c1f-b4b6-343ed3d4a6d7'),('3cf8533f-5545-4e63-a034-627e24fcf747','SESAME_FREE','09ed5f45-5bb0-4d0d-8057-fc164271233c'),('3ec0a24c-0050-4fce-af5d-62529468b324','SUGAR_CONSCIOUS','6be4228a-6480-4110-8653-982ceb7f2865'),('40203b83-59d1-4b6f-be3f-c677e453f223','FISH_FREE','7782efc9-c625-49d9-84be-c634e27660d1'),('416956db-6e83-4943-8aad-a89f19880de2','FISH_FREE','39f9256e-6092-4c56-a4eb-934ef2125f07'),('423c79d6-84e3-4d54-983c-d81a772de46b','CRUSTACEAN_FREE','09ed5f45-5bb0-4d0d-8057-fc164271233c'),('4302b6d3-33ba-4a8c-a8cb-369d66497917','EGG_FREE','017b9644-3cb9-4388-8359-2c356c787ba9'),('43cb48e2-28c8-4af8-8204-7e487edf5f28','CELERY_FREE','39f9256e-6092-4c56-a4eb-934ef2125f07'),('44fdd2ed-0691-43e1-926a-4d6099069293','SULPHITE_FREE','39f9256e-6092-4c56-a4eb-934ef2125f07'),('489d60e3-69fd-4951-a9cc-eb7248a2d711','CRUSTACEAN_FREE','59a7e595-d0b8-4e67-9d62-87209a1ab37b'),('4b2915bc-b756-4f9f-9956-5b553e8374f1','FISH_FREE','59a7e595-d0b8-4e67-9d62-87209a1ab37b'),('4cc8ee62-2cc7-410b-be53-747e3426c9ea','PEANUT_FREE','017b9644-3cb9-4388-8359-2c356c787ba9'),('4cdba430-5e56-44f0-9550-066ef70a3196','GLUTEN_FREE','7782efc9-c625-49d9-84be-c634e27660d1'),('4def5624-3e6d-4b5b-9e05-251a6b4d2049','MUSTARD_FREE','6be4228a-6480-4110-8653-982ceb7f2865'),('4e50efe2-80c3-43fb-bf03-43c1a523c0b9','TREE_NUT_FREE','f49aca18-7c3a-4eb9-850e-5295ecc69a93'),('50fe0673-5528-4156-bcf7-d9a68b17f981','NO_SUGAR_ADDED','6be4228a-6480-4110-8653-982ceb7f2865'),('520e9ad4-fdc0-4964-82d9-5878186bc703','MUSTARD_FREE','39f9256e-6092-4c56-a4eb-934ef2125f07'),('5320abab-ae6f-4101-84bb-7fa10785658f','MOLLUSK_FREE','7782efc9-c625-49d9-84be-c634e27660d1'),('545b94d2-f72c-41dc-b7bc-bf126dc5f6c2','SESAME_FREE','59a7e595-d0b8-4e67-9d62-87209a1ab37b'),('58195cb5-efa4-48c0-b20a-06f87d38f919','KIDNEY_FRIENDLY','7782efc9-c625-49d9-84be-c634e27660d1'),('594d2bfc-1f7b-48d8-938d-6966ff739493','MUSTARD_FREE','017b9644-3cb9-4388-8359-2c356c787ba9'),('59756880-c247-41ca-b476-1a9bba2ad508','ALCOHOL_FREE','017b9644-3cb9-4388-8359-2c356c787ba9'),('5a2a4410-8761-457b-adcf-4fa33dad3508','SESAME_FREE','39f9256e-6092-4c56-a4eb-934ef2125f07'),('5aade403-e6f7-4354-b597-fb1662cbbd62','GLUTEN_FREE','59a7e595-d0b8-4e67-9d62-87209a1ab37b'),('5b0e3621-e8eb-4f0c-a9fe-60c6dc5d6ff2','PESCATARIAN','017b9644-3cb9-4388-8359-2c356c787ba9'),('5bbc1847-dfd4-404b-a5f9-3fe4ace411aa','MOLLUSK_FREE','39f9256e-6092-4c56-a4eb-934ef2125f07'),('5c69dad5-d4a1-4f43-a643-2faf659a4270','ALCOHOL_FREE','7782efc9-c625-49d9-84be-c634e27660d1'),('5e095258-123f-4092-ab22-ac17ce41ffb3','PEANUT_FREE','f49aca18-7c3a-4eb9-850e-5295ecc69a93'),('61124843-8a80-4e65-bc7d-f9952f92c859','TREE_NUT_FREE','017b9644-3cb9-4388-8359-2c356c787ba9'),('6195de87-326e-4800-aa5f-dcbabac6b949','KIDNEY_FRIENDLY','6be4228a-6480-4110-8653-982ceb7f2865'),('6658990f-b6d4-421e-845c-bbf95956b068','PEANUT_FREE','39f9256e-6092-4c56-a4eb-934ef2125f07'),('666260ab-90dd-4d88-9c54-d6814e3cff62','MUSTARD_FREE','7782efc9-c625-49d9-84be-c634e27660d1'),('66d447f0-dc0c-4b37-ad8d-3e9246855050','VEGETARIAN','39f9256e-6092-4c56-a4eb-934ef2125f07'),('67cf340a-fb64-4f96-a9ad-e2ccd10fcd1a','LUPINE_FREE','59a7e595-d0b8-4e67-9d62-87209a1ab37b'),('68281d3d-8614-4167-ab69-ef9f8eaa99a0','TREE_NUT_FREE','39f9256e-6092-4c56-a4eb-934ef2125f07'),('695cde09-a0e4-4461-8dfd-a94b0314ec6d','LUPINE_FREE','017b9644-3cb9-4388-8359-2c356c787ba9'),('6a0e89d3-b805-484f-bba3-e06b4b6749b7','MUSTARD_FREE','f49aca18-7c3a-4eb9-850e-5295ecc69a93'),('6abf9050-9643-4860-8704-0536d79b4a85','PORK_FREE','39f9256e-6092-4c56-a4eb-934ef2125f07'),('6e748a66-76bd-4fa9-831b-ab446fdaf7a7','NO_SUGAR_ADDED','39f9256e-6092-4c56-a4eb-934ef2125f07'),('6e8bdeda-a2b9-4a53-afcf-f371a3a004f2','MILK_FREE','39f9256e-6092-4c56-a4eb-934ef2125f07'),('6eb3b058-7516-4cc1-98f1-4a2bd9e652b9','SULPHITE_FREE','6be4228a-6480-4110-8653-982ceb7f2865'),('719ee1e8-0473-4fcb-a35b-77d9140e363c','TREE_NUT_FREE','09ed5f45-5bb0-4d0d-8057-fc164271233c'),('71f2fb52-7da3-4acb-9fcd-67a2f8f14ca4','MOLLUSK_FREE','6be4228a-6480-4110-8653-982ceb7f2865'),('72769cdd-4153-45d1-acad-98d638c3847f','TREE_NUT_FREE','7782efc9-c625-49d9-84be-c634e27660d1'),('74816dcf-ae19-401e-bb48-af32c027a00f','VEGETARIAN','7782efc9-c625-49d9-84be-c634e27660d1'),('770a525c-04ac-4050-9e29-831f15c8c15d','PORK_FREE','09ed5f45-5bb0-4d0d-8057-fc164271233c'),('7a770447-6b1c-4ff3-a54e-17b725fa1c1c','GLUTEN_FREE','017b9644-3cb9-4388-8359-2c356c787ba9'),('7f7afcb2-3845-4dc5-9099-ce042559eced','TREE_NUT_FREE','458f9b70-b1c3-4c1f-b4b6-343ed3d4a6d7'),('7fadc2e5-7949-446b-953c-3068f4fdab8b','SESAME_FREE','6be4228a-6480-4110-8653-982ceb7f2865'),('83e7a174-8a40-4119-8b59-caebf77a0ecc','PEANUT_FREE','59a7e595-d0b8-4e67-9d62-87209a1ab37b'),('862a6d3d-3bed-400b-980b-f1f8b167f8ef','CRUSTACEAN_FREE','6be4228a-6480-4110-8653-982ceb7f2865'),('879285ca-996b-426b-b402-47e5f78785b0','FISH_FREE','6be4228a-6480-4110-8653-982ceb7f2865'),('890f3930-9941-4091-93eb-3e16e8a91fed','LUPINE_FREE','09ed5f45-5bb0-4d0d-8057-fc164271233c'),('8969eb44-fac0-4fa3-97e4-fd00a3eb92a3','PESCATARIAN','f49aca18-7c3a-4eb9-850e-5295ecc69a93'),('8add17b7-6bc8-47b7-9b0e-40ff14eb99b9','MOLLUSK_FREE','59a7e595-d0b8-4e67-9d62-87209a1ab37b'),('8b153f18-7772-4b43-9a4b-0cb8a25672af','VEGETARIAN','017b9644-3cb9-4388-8359-2c356c787ba9'),('8d24475f-ad24-4591-8d96-c8fe22018950','SOY_FREE','f49aca18-7c3a-4eb9-850e-5295ecc69a93'),('8db93973-20ab-4de3-87a6-5e3dcdaec70f','SPECIFIC_CARBS','39f9256e-6092-4c56-a4eb-934ef2125f07'),('8df5aaad-50b5-4bd1-8feb-f59198847417','SHELLFISH_FREE','458f9b70-b1c3-4c1f-b4b6-343ed3d4a6d7'),('8e9423fd-0aec-4986-aa81-026d5ae38744','PORK_FREE','6be4228a-6480-4110-8653-982ceb7f2865'),('90609c2d-d395-4df5-9460-578651ecb794','WHEAT_FREE','39f9256e-6092-4c56-a4eb-934ef2125f07'),('907f658a-9171-4956-b773-3ac0714f1807','MOLLUSK_FREE','f49aca18-7c3a-4eb9-850e-5295ecc69a93'),('96d64b28-e6a9-42d5-9711-f76a2c5ac2f7','LUPINE_FREE','458f9b70-b1c3-4c1f-b4b6-343ed3d4a6d7'),('97cada99-35ca-4979-8afe-4e801ab5cf1b','SHELLFISH_FREE','59a7e595-d0b8-4e67-9d62-87209a1ab37b'),('996a2b91-3230-419f-bf5a-7c8a9a4541a6','CRUSTACEAN_FREE','458f9b70-b1c3-4c1f-b4b6-343ed3d4a6d7'),('99b0741d-8369-4538-bb36-37e35ed61a91','GLUTEN_FREE','6be4228a-6480-4110-8653-982ceb7f2865'),('99b30a79-7092-4898-b80e-206f212ffb3a','CELERY_FREE','09ed5f45-5bb0-4d0d-8057-fc164271233c'),('9b4d126f-b87c-4585-800c-62a864f7b347','EGG_FREE','59a7e595-d0b8-4e67-9d62-87209a1ab37b'),('9bdc4b78-0d98-4b52-81cd-ab2b0aee2103','SESAME_FREE','458f9b70-b1c3-4c1f-b4b6-343ed3d4a6d7'),('9c4788e6-0244-4e3e-9e97-62d000172dda','KOSHER','f49aca18-7c3a-4eb9-850e-5295ecc69a93'),('a010c054-a33e-42c9-9764-b0db3c3396a3','EGG_FREE','458f9b70-b1c3-4c1f-b4b6-343ed3d4a6d7'),('a0bd1bc1-7158-40c1-88c2-9239ff2fb8cb','KIDNEY_FRIENDLY','458f9b70-b1c3-4c1f-b4b6-343ed3d4a6d7'),('a10d70d9-8be4-4631-bb57-dadc3cb21d5c','RED_MEAT_FREE','017b9644-3cb9-4388-8359-2c356c787ba9'),('a48a6450-20d7-4eaa-b00d-5db1ec048f75','CELERY_FREE','59a7e595-d0b8-4e67-9d62-87209a1ab37b'),('a4c6e361-12c9-4b7f-8e69-8de2c7262c24','SUGAR_CONSCIOUS','39f9256e-6092-4c56-a4eb-934ef2125f07'),('a4de78cb-3bb0-40e9-bad0-9dd2000f8f28','KIDNEY_FRIENDLY','59a7e595-d0b8-4e67-9d62-87209a1ab37b'),('a68248a4-d251-4cd4-8623-87c083392757','LUPINE_FREE','f49aca18-7c3a-4eb9-850e-5295ecc69a93'),('a99fb6f4-68a6-444a-8d71-6eb7411a676d','RED_MEAT_FREE','39f9256e-6092-4c56-a4eb-934ef2125f07'),('aa317269-2dc0-464f-86ca-e200946b474c','MUSTARD_FREE','458f9b70-b1c3-4c1f-b4b6-343ed3d4a6d7'),('aaf138c9-f60d-42c2-ade7-ab803d5331ce','KOSHER','09ed5f45-5bb0-4d0d-8057-fc164271233c'),('accf11cd-53d0-4e3d-9409-f364e000f7ef','CELERY_FREE','458f9b70-b1c3-4c1f-b4b6-343ed3d4a6d7'),('acf949f0-e287-4ba9-8d15-3146eff7b514','PEANUT_FREE','458f9b70-b1c3-4c1f-b4b6-343ed3d4a6d7'),('ae5e648a-6458-4ce2-9537-a911f82d9fe5','SHELLFISH_FREE','39f9256e-6092-4c56-a4eb-934ef2125f07'),('af687540-3d87-4039-b298-e91908e017f0','SHELLFISH_FREE','7782efc9-c625-49d9-84be-c634e27660d1'),('b0965ab1-14ed-46de-9b63-365ebce0ee4b','GLUTEN_FREE','458f9b70-b1c3-4c1f-b4b6-343ed3d4a6d7'),('b1735cec-f81c-4f57-9766-06cc09fc325b','GLUTEN_FREE','39f9256e-6092-4c56-a4eb-934ef2125f07'),('b1bb877d-52ed-4bca-b701-329687344a08','WHEAT_FREE','458f9b70-b1c3-4c1f-b4b6-343ed3d4a6d7'),('b2c6a70e-25e5-4d91-8ebe-b8d48187155e','MEDITERRANEAN','39f9256e-6092-4c56-a4eb-934ef2125f07'),('b69f9aad-487b-4498-8f99-330e674f972c','MUSTARD_FREE','59a7e595-d0b8-4e67-9d62-87209a1ab37b'),('b9c47862-73bd-4b6d-8f45-c94ce409486a','WHEAT_FREE','09ed5f45-5bb0-4d0d-8057-fc164271233c'),('ba9e57b8-f80a-4cb9-aa29-9a086cd775b4','SOY_FREE','59a7e595-d0b8-4e67-9d62-87209a1ab37b'),('bb5d3aa6-ca0c-47e0-94e0-9b558ff987ce','PORK_FREE','f49aca18-7c3a-4eb9-850e-5295ecc69a93'),('bbc68152-1734-4054-aa0f-f8793b8e1732','TREE_NUT_FREE','6be4228a-6480-4110-8653-982ceb7f2865'),('bbd809d2-dcd6-44c8-ab3e-da61db3d0f54','PESCATARIAN','39f9256e-6092-4c56-a4eb-934ef2125f07'),('bc6a97c5-70e4-479a-af35-e94f7651dedb','ALCOHOL_FREE','59a7e595-d0b8-4e67-9d62-87209a1ab37b'),('bf3eb2bb-0851-4fba-8366-008e48b948df','LOW_POTASSIUM','09ed5f45-5bb0-4d0d-8057-fc164271233c'),('c0908c76-e801-4618-872b-a348678db514','MOLLUSK_FREE','458f9b70-b1c3-4c1f-b4b6-343ed3d4a6d7'),('c3cddd40-4669-42c1-84df-a1d7698ac2eb','VEGETARIAN','f49aca18-7c3a-4eb9-850e-5295ecc69a93'),('c4f66f9d-576c-465a-913a-2c281c37076c','MOLLUSK_FREE','09ed5f45-5bb0-4d0d-8057-fc164271233c'),('c7276049-39a6-4cc8-aa81-bd64de1bd162','PORK_FREE','017b9644-3cb9-4388-8359-2c356c787ba9'),('cb1e945e-8b3e-45d5-a4e8-20fc1839fbff','SHELLFISH_FREE','017b9644-3cb9-4388-8359-2c356c787ba9'),('cbc1a69e-05ef-4c9b-b747-d649e4d1f13f','FISH_FREE','017b9644-3cb9-4388-8359-2c356c787ba9'),('cc20f616-1e3d-43f5-ad38-47d4975f3363','GLUTEN_FREE','09ed5f45-5bb0-4d0d-8057-fc164271233c'),('cc56b6f8-0fa8-44f8-b059-c48cf0f0591c','CRUSTACEAN_FREE','017b9644-3cb9-4388-8359-2c356c787ba9'),('cc78ffa7-3bde-4019-9b52-e15db9ec805c','NO_OIL_ADDED','39f9256e-6092-4c56-a4eb-934ef2125f07'),('ccbb5813-aad7-49b1-b7a1-737c720d60c6','DASH','39f9256e-6092-4c56-a4eb-934ef2125f07'),('cfc526a3-0248-4c4b-9735-7f9bbb0a0202','LUPINE_FREE','39f9256e-6092-4c56-a4eb-934ef2125f07'),('cffd46a4-893e-4ce7-975e-d79962f1eaa6','VEGAN','39f9256e-6092-4c56-a4eb-934ef2125f07'),('d01c45fa-e9fb-485f-b803-392eed6b95c4','NO_OIL_ADDED','7782efc9-c625-49d9-84be-c634e27660d1'),('d1a88de4-8d82-4fc8-9124-8e602731bfae','FISH_FREE','09ed5f45-5bb0-4d0d-8057-fc164271233c'),('d85f8c29-af7e-49fa-a2ed-119669d4b09d','KETO_FRIENDLY','39f9256e-6092-4c56-a4eb-934ef2125f07'),('dae727d8-2f54-49f3-9e72-d7a41cc9ba19','GLUTEN_FREE','f49aca18-7c3a-4eb9-850e-5295ecc69a93'),('db2b8a20-758b-4ec8-bbbe-688c4ac1e458','PEANUT_FREE','6be4228a-6480-4110-8653-982ceb7f2865'),('db6b6667-bdb5-484e-ae64-f04842bbf909','SHELLFISH_FREE','6be4228a-6480-4110-8653-982ceb7f2865'),('dcaa80d6-0725-4667-985b-6ef13f284fef','KIDNEY_FRIENDLY','09ed5f45-5bb0-4d0d-8057-fc164271233c'),('def7536b-4a2b-4f8e-9a8d-888de5f5f6db','WHEAT_FREE','6be4228a-6480-4110-8653-982ceb7f2865'),('e07f8465-34de-4192-955d-72e8bf423829','EGG_FREE','6be4228a-6480-4110-8653-982ceb7f2865'),('e08de92f-73e4-42ef-a8c0-659d1d00fb69','NO_OIL_ADDED','f49aca18-7c3a-4eb9-850e-5295ecc69a93'),('e19463cd-61cc-4e0f-9fd1-42572a428135','SOY_FREE','7782efc9-c625-49d9-84be-c634e27660d1'),('e25c0796-0d52-4da1-9c37-a784adb9ca03','SOY_FREE','017b9644-3cb9-4388-8359-2c356c787ba9'),('e44707d3-6893-4118-b728-dea308921bc4','RED_MEAT_FREE','f49aca18-7c3a-4eb9-850e-5295ecc69a93'),('e63dbe02-69c7-44fe-95ea-530d92491a83','EGG_FREE','7782efc9-c625-49d9-84be-c634e27660d1'),('e726bd56-2fa8-476b-8899-4cd5facb14c0','FISH_FREE','f49aca18-7c3a-4eb9-850e-5295ecc69a93'),('e74888cd-f0c1-456c-95f1-85f3f2251330','SOY_FREE','39f9256e-6092-4c56-a4eb-934ef2125f07'),('e8043afd-0b97-4b1d-b180-182ad59a7af6','EGG_FREE','39f9256e-6092-4c56-a4eb-934ef2125f07'),('e89f102d-40b8-4037-9933-4e07f9ac5190','LUPINE_FREE','7782efc9-c625-49d9-84be-c634e27660d1'),('e8cc6d7c-cb06-4c85-bc51-f00daf3c5c25','WHEAT_FREE','017b9644-3cb9-4388-8359-2c356c787ba9'),('e9a70845-a79b-4938-86af-ff22f6945c02','KIDNEY_FRIENDLY','017b9644-3cb9-4388-8359-2c356c787ba9'),('eb8e384a-662e-4bd7-8140-61fc4c6ecfb1','CRUSTACEAN_FREE','7782efc9-c625-49d9-84be-c634e27660d1'),('ed382cfa-d20e-4c48-8092-eba7b73bffc5','ALCOHOL_FREE','458f9b70-b1c3-4c1f-b4b6-343ed3d4a6d7'),('edbd1075-4555-4230-a4dc-292a8cfa0274','PESCATARIAN','7782efc9-c625-49d9-84be-c634e27660d1'),('effd33e4-5e5e-4167-878e-8b982deede89','WHEAT_FREE','f49aca18-7c3a-4eb9-850e-5295ecc69a93'),('f33658d8-78e3-48d9-90aa-dddf35394ce0','RED_MEAT_FREE','7782efc9-c625-49d9-84be-c634e27660d1'),('f351f563-3a5c-4816-bea9-6fa66abc17d2','SHELLFISH_FREE','09ed5f45-5bb0-4d0d-8057-fc164271233c'),('f46893e0-c863-4697-be40-55a2b3403ba0','PALEO','39f9256e-6092-4c56-a4eb-934ef2125f07'),('f4f9e1b6-2d4f-41d8-b289-08f24c27606c','RED_MEAT_FREE','09ed5f45-5bb0-4d0d-8057-fc164271233c'),('f9ef3ef5-2285-46c0-9a5f-6eaf38696186','PESCATARIAN','09ed5f45-5bb0-4d0d-8057-fc164271233c'),('faf59d74-67a6-4b3a-8d7c-c88a34be72dc','PEANUT_FREE','7782efc9-c625-49d9-84be-c634e27660d1'),('fdbb45fa-f295-438e-ab1e-3e6907940e6f','EGG_FREE','09ed5f45-5bb0-4d0d-8057-fc164271233c'),('ffde99b6-e4ef-41c1-9f2b-6056ffba6dba','CRUSTACEAN_FREE','39f9256e-6092-4c56-a4eb-934ef2125f07');
/*!40000 ALTER TABLE `recipe_health_label` ENABLE KEYS */;
UNLOCK TABLES;

--
-- Table structure for table `recipe_total_daily`
--

DROP TABLE IF EXISTS `recipe_total_daily`;
/*!40101 SET @saved_cs_client     = @@character_set_client */;
/*!50503 SET character_set_client = utf8mb4 */;
CREATE TABLE `recipe_total_daily` (
  `id` varchar(36) NOT NULL,
  `label` varchar(255) NOT NULL,
  `code` varchar(255) NOT NULL,
  `unit` varchar(255) NOT NULL,
  `quantity` int NOT NULL,
  `recipeId` varchar(36) DEFAULT NULL,
  PRIMARY KEY (`id`),
  KEY `FK_99293fcaeac796b52559d874426` (`recipeId`),
  CONSTRAINT `FK_99293fcaeac796b52559d874426` FOREIGN KEY (`recipeId`) REFERENCES `recipes` (`id`) ON DELETE CASCADE ON UPDATE CASCADE
) ENGINE=InnoDB DEFAULT CHARSET=utf8mb4 COLLATE=utf8mb4_0900_ai_ci;
/*!40101 SET character_set_client = @saved_cs_client */;

--
-- Dumping data for table `recipe_total_daily`
--

LOCK TABLES `recipe_total_daily` WRITE;
/*!40000 ALTER TABLE `recipe_total_daily` DISABLE KEYS */;
INSERT INTO `recipe_total_daily` VALUES ('00e4848b-2f68-475e-8658-2db7d2b8e570','Vitamin E','TOCPHA','%',5,'017b9644-3cb9-4388-8359-2c356c787ba9'),('0311fac4-a652-42a1-ba0d-cdcf78d4cce3','Potassium','K','%',17,'7782efc9-c625-49d9-84be-c634e27660d1'),('05af1b5f-371d-442d-ae76-4831b81d5286','Niacin (B3)','NIA','%',18,'017b9644-3cb9-4388-8359-2c356c787ba9'),('05f2a10f-1404-4b57-8d64-c1f9d05b1a30','Magnesium','MG','%',9,'39f9256e-6092-4c56-a4eb-934ef2125f07'),('079ea086-ee0a-4243-9194-741d221806c3','Carbs','CHOCDF','%',4,'39f9256e-6092-4c56-a4eb-934ef2125f07'),('08046436-b48a-4fff-9ae8-60a09d5c940e','Vitamin D','VITD','%',0,'39f9256e-6092-4c56-a4eb-934ef2125f07'),('08d6d4f7-342a-4d4b-8dcb-a96eeba8e501','Vitamin K','VITK1','%',24,'39f9256e-6092-4c56-a4eb-934ef2125f07'),('090d4f9d-ac51-499e-a019-d47618cdce45','Folate equivalent (total)','FOLDFE','%',14,'59a7e595-d0b8-4e67-9d62-87209a1ab37b'),('09a7d40d-0849-4311-ab0e-88633e353f98','Iron','FE','%',105,'59a7e595-d0b8-4e67-9d62-87209a1ab37b'),('0e5588ce-ea50-410d-ae00-c9a0535c2ae0','Fat','FAT','%',334,'59a7e595-d0b8-4e67-9d62-87209a1ab37b'),('0f4b3d31-9699-4c0c-b674-6db715131db9','Phosphorus','P','%',49,'017b9644-3cb9-4388-8359-2c356c787ba9'),('10d93c78-500e-4db7-a5d2-2d16c02ed784','Vitamin A','VITA_RAE','%',173,'59a7e595-d0b8-4e67-9d62-87209a1ab37b'),('11878c96-a597-41ac-99f5-cb306d70fa36','Riboflavin (B2)','RIBF','%',24,'017b9644-3cb9-4388-8359-2c356c787ba9'),('13138474-e213-4a23-9851-d40ec6d821f7','Energy','ENERC_KCAL','%',21,'09ed5f45-5bb0-4d0d-8057-fc164271233c'),('1862d33e-4ce6-43b8-a7b3-f6000857950c','Fat','FAT','%',23,'39f9256e-6092-4c56-a4eb-934ef2125f07'),('18e103b3-310c-41bd-a563-734cedb61d88','Protein','PROCNT','%',5,'39f9256e-6092-4c56-a4eb-934ef2125f07'),('1a34c203-eab3-4c5a-afc8-cea29212c07f','Energy','ENERC_KCAL','%',77,'6be4228a-6480-4110-8653-982ceb7f2865'),('1ac111da-312b-4810-b1af-020cde888efc','Riboflavin (B2)','RIBF','%',47,'f49aca18-7c3a-4eb9-850e-5295ecc69a93'),('1b84f5ed-32fd-4561-94a0-17f5acaeaed2','Folate equivalent (total)','FOLDFE','%',23,'39f9256e-6092-4c56-a4eb-934ef2125f07'),('1d442cc4-de71-41b4-8401-1fb64c581448','Carbs','CHOCDF','%',18,'017b9644-3cb9-4388-8359-2c356c787ba9'),('1dabd985-4930-4ae1-bc05-7b9cf40a43f0','Fiber','FIBTG','%',156,'458f9b70-b1c3-4c1f-b4b6-343ed3d4a6d7'),('1df0f53f-b81a-4d10-9d3e-61d2ee86dee1','Potassium','K','%',51,'59a7e595-d0b8-4e67-9d62-87209a1ab37b'),('1f834a2d-4171-4c5b-90df-bd59e61878fc','Vitamin K','VITK1','%',136,'458f9b70-b1c3-4c1f-b4b6-343ed3d4a6d7'),('1fa680e7-68bb-4ba1-86a9-7996b424936e','Vitamin K','VITK1','%',9,'f49aca18-7c3a-4eb9-850e-5295ecc69a93'),('246073e2-29a7-4b1d-ba91-99e81e95689b','Iron','FE','%',43,'f49aca18-7c3a-4eb9-850e-5295ecc69a93'),('25360b9f-3177-4c5b-a295-f9a4ad309cb0','Carbs','CHOCDF','%',3,'6be4228a-6480-4110-8653-982ceb7f2865'),('2567c88f-fbfd-47e3-9541-e3a6263ceec5','Protein','PROCNT','%',20,'09ed5f45-5bb0-4d0d-8057-fc164271233c'),('25db261c-4c5c-4a78-85b1-1b8d0c454c4c','Niacin (B3)','NIA','%',34,'f49aca18-7c3a-4eb9-850e-5295ecc69a93'),('26bf302b-eaa4-4fca-8c34-2caf208294fa','Vitamin K','VITK1','%',199,'6be4228a-6480-4110-8653-982ceb7f2865'),('283ac58c-9b07-4c7a-8f9c-4baa4fcb89f8','Vitamin E','TOCPHA','%',97,'59a7e595-d0b8-4e67-9d62-87209a1ab37b'),('2893cedb-6e4d-4e2a-8bdc-e373a2e6ae8d','Magnesium','MG','%',14,'6be4228a-6480-4110-8653-982ceb7f2865'),('28ecd945-84d6-4cb9-bc15-792c943f9b49','Vitamin A','VITA_RAE','%',3,'39f9256e-6092-4c56-a4eb-934ef2125f07'),('293ee3a8-ec41-430a-8ce2-161088d7d9bf','Vitamin D','VITD','%',33,'458f9b70-b1c3-4c1f-b4b6-343ed3d4a6d7'),('29f581c5-36e9-4383-bb54-07665a176115','Niacin (B3)','NIA','%',13,'39f9256e-6092-4c56-a4eb-934ef2125f07'),('2a1abcd7-6a7d-40c7-941b-fc33cda88801','Niacin (B3)','NIA','%',56,'458f9b70-b1c3-4c1f-b4b6-343ed3d4a6d7'),('2c6e4a3e-68a8-4b5f-bf25-1977726ca63a','Folate equivalent (total)','FOLDFE','%',25,'7782efc9-c625-49d9-84be-c634e27660d1'),('2d8b428d-51d4-49c2-8882-8ad304d98468','Protein','PROCNT','%',35,'f49aca18-7c3a-4eb9-850e-5295ecc69a93'),('31b6f4e8-a06d-4fee-adc0-7deb70a26b62','Niacin (B3)','NIA','%',24,'09ed5f45-5bb0-4d0d-8057-fc164271233c'),('3497b231-fc93-4ab8-9c26-c7e386328e21','Iron','FE','%',25,'017b9644-3cb9-4388-8359-2c356c787ba9'),('359b1445-a9da-4c4b-a8c0-b0371d2046ef','Niacin (B3)','NIA','%',56,'59a7e595-d0b8-4e67-9d62-87209a1ab37b'),('35aac22c-7c86-4420-a408-643b83f155bb','Zinc','ZN','%',22,'7782efc9-c625-49d9-84be-c634e27660d1'),('35c36b73-6b74-4c2e-b5f7-d94f85e1ab45','Saturated','FASAT','%',637,'458f9b70-b1c3-4c1f-b4b6-343ed3d4a6d7'),('35f41507-e70b-4bcb-b741-0d91d4958970','Fat','FAT','%',48,'f49aca18-7c3a-4eb9-850e-5295ecc69a93'),('368dc5c6-4832-4d02-97a0-66398e13f221','Vitamin D','VITD','%',2,'6be4228a-6480-4110-8653-982ceb7f2865'),('37f51e2c-0f2a-474f-b964-7292c580f47e','Vitamin A','VITA_RAE','%',34,'6be4228a-6480-4110-8653-982ceb7f2865'),('38429b1a-decf-4918-bd11-76c82530effd','Niacin (B3)','NIA','%',54,'6be4228a-6480-4110-8653-982ceb7f2865'),('3db92538-0886-4ace-8c4c-98508520df6b','Riboflavin (B2)','RIBF','%',22,'6be4228a-6480-4110-8653-982ceb7f2865'),('3fc4784d-8bcc-4c2c-9c52-ce8c77e562ad','Zinc','ZN','%',60,'59a7e595-d0b8-4e67-9d62-87209a1ab37b'),('416c6f47-fa7d-4367-af37-dd139a6522c2','Vitamin E','TOCPHA','%',20,'09ed5f45-5bb0-4d0d-8057-fc164271233c'),('41f5d77a-9745-457d-937c-f1349e6ba60f','Cholesterol','CHOLE','%',10,'09ed5f45-5bb0-4d0d-8057-fc164271233c'),('46c86878-9476-4767-bb1a-1cd2f01256f3','Vitamin E','TOCPHA','%',11,'f49aca18-7c3a-4eb9-850e-5295ecc69a93'),('47296255-f0dc-4940-a004-105fe4f6af2d','Vitamin B12','VITB12','%',0,'39f9256e-6092-4c56-a4eb-934ef2125f07'),('47b51f49-a0cf-41c1-9183-5d8fcf7b303c','Vitamin C','VITC','%',26,'39f9256e-6092-4c56-a4eb-934ef2125f07'),('47d4d19e-1f5f-4518-bdf8-6669db6c76ef','Magnesium','MG','%',25,'7782efc9-c625-49d9-84be-c634e27660d1'),('47dbd0c7-9b44-4375-a668-691718996357','Potassium','K','%',17,'017b9644-3cb9-4388-8359-2c356c787ba9'),('486e9500-624b-4c30-8abc-f6dde0c848bf','Zinc','ZN','%',7,'39f9256e-6092-4c56-a4eb-934ef2125f07'),('48a17f7d-954b-4323-824b-3b1a7ed8daa7','Vitamin C','VITC','%',154,'017b9644-3cb9-4388-8359-2c356c787ba9'),('49d7c20b-f829-486f-a9cb-9681fc0bac04','Saturated','FASAT','%',14,'7782efc9-c625-49d9-84be-c634e27660d1'),('4d73be24-21cd-4a05-957f-9b578c5098c9','Vitamin B6','VITB6A','%',35,'017b9644-3cb9-4388-8359-2c356c787ba9'),('4ec2bbad-17cc-4d3f-88ab-3ba08dc484a9','Fat','FAT','%',28,'7782efc9-c625-49d9-84be-c634e27660d1'),('4ef62ec3-49b8-4b19-8e95-245867eda523','Thiamin (B1)','THIA','%',136,'59a7e595-d0b8-4e67-9d62-87209a1ab37b'),('5174bb66-28f9-4fa8-806b-48c673e13f75','Energy','ENERC_KCAL','%',9,'39f9256e-6092-4c56-a4eb-934ef2125f07'),('52197ace-f3e3-4088-a541-b785acce4031','Zinc','ZN','%',37,'f49aca18-7c3a-4eb9-850e-5295ecc69a93'),('5283195d-ef4d-4a3e-ae0d-67dd1743bd52','Calcium','CA','%',52,'f49aca18-7c3a-4eb9-850e-5295ecc69a93'),('557302ef-fa07-4252-af2c-0fe96e51ef2d','Folate equivalent (total)','FOLDFE','%',14,'458f9b70-b1c3-4c1f-b4b6-343ed3d4a6d7'),('5677ff29-c720-4df1-97bc-a90b7c21ab70','Vitamin D','VITD','%',1,'09ed5f45-5bb0-4d0d-8057-fc164271233c'),('58277916-3704-4648-81bd-84097a052c78','Phosphorus','P','%',81,'59a7e595-d0b8-4e67-9d62-87209a1ab37b'),('585322d8-b351-4fd2-b21b-41524341dcbe','Iron','FE','%',25,'7782efc9-c625-49d9-84be-c634e27660d1'),('5967db40-a268-44b2-a33c-84fdc492852b','Magnesium','MG','%',15,'09ed5f45-5bb0-4d0d-8057-fc164271233c'),('5a29ba6f-1fe3-4c1a-a878-8b2342d1549c','Vitamin A','VITA_RAE','%',173,'458f9b70-b1c3-4c1f-b4b6-343ed3d4a6d7'),('5b30c6a8-73e0-4ca7-abbf-f2cce62815e1','Vitamin B12','VITB12','%',11,'f49aca18-7c3a-4eb9-850e-5295ecc69a93'),('5f8e2e83-1b08-44c9-b2f9-2f8e9141232b','Potassium','K','%',33,'f49aca18-7c3a-4eb9-850e-5295ecc69a93'),('61716db6-78cd-4470-97b0-c85af727ca22','Fat','FAT','%',334,'458f9b70-b1c3-4c1f-b4b6-343ed3d4a6d7'),('6274ca2e-2d02-4618-9de8-11a8afb8b01c','Thiamin (B1)','THIA','%',37,'017b9644-3cb9-4388-8359-2c356c787ba9'),('62991a15-83d7-4725-a560-2ba17797b92f','Cholesterol','CHOLE','%',1,'017b9644-3cb9-4388-8359-2c356c787ba9'),('6358fae8-4b9b-42ed-bcd8-d3ec628a6cb4','Riboflavin (B2)','RIBF','%',11,'39f9256e-6092-4c56-a4eb-934ef2125f07'),('63c90651-5cbf-4fce-b18b-74f6cf97d27c','Fiber','FIBTG','%',69,'f49aca18-7c3a-4eb9-850e-5295ecc69a93'),('64684018-7493-40e6-92bd-f9418b1cf896','Thiamin (B1)','THIA','%',8,'39f9256e-6092-4c56-a4eb-934ef2125f07'),('64ab9682-a07e-443b-92e0-2eeee5f37aed','Protein','PROCNT','%',94,'59a7e595-d0b8-4e67-9d62-87209a1ab37b'),('65473fe0-f9cd-4257-8e9c-2c2ab6344afd','Fiber','FIBTG','%',11,'6be4228a-6480-4110-8653-982ceb7f2865'),('6622032f-d1f0-4960-8dd2-504e1a435437','Energy','ENERC_KCAL','%',19,'7782efc9-c625-49d9-84be-c634e27660d1'),('68680669-32cd-421d-9b72-e1ce95690f0e','Cholesterol','CHOLE','%',206,'458f9b70-b1c3-4c1f-b4b6-343ed3d4a6d7'),('691cb342-47e4-4e9e-8858-71a6315b479a','Saturated','FASAT','%',637,'59a7e595-d0b8-4e67-9d62-87209a1ab37b'),('6a24de02-5081-4eed-acb9-458aff45cfbe','Energy','ENERC_KCAL','%',254,'458f9b70-b1c3-4c1f-b4b6-343ed3d4a6d7'),('6bb9f8fa-979a-47db-aad9-53d30c54dc82','Zinc','ZN','%',51,'6be4228a-6480-4110-8653-982ceb7f2865'),('6d2760a1-2955-4231-aa37-18f210ce798e','Phosphorus','P','%',81,'458f9b70-b1c3-4c1f-b4b6-343ed3d4a6d7'),('6f930b2c-583e-4bc1-b333-ab60ca2ec8d6','Vitamin E','TOCPHA','%',16,'39f9256e-6092-4c56-a4eb-934ef2125f07'),('73972d0f-3930-4979-81fb-cc28f61896f2','Niacin (B3)','NIA','%',18,'7782efc9-c625-49d9-84be-c634e27660d1'),('74278c95-bda3-4399-8051-19d812bd7f9b','Phosphorus','P','%',90,'f49aca18-7c3a-4eb9-850e-5295ecc69a93'),('760fe078-f554-4066-bf4d-c14b49650af5','Vitamin B6','VITB6A','%',25,'39f9256e-6092-4c56-a4eb-934ef2125f07'),('77038617-94e9-4c3d-a759-46cbdf0e9f09','Cholesterol','CHOLE','%',1,'7782efc9-c625-49d9-84be-c634e27660d1'),('77057c40-495e-432a-a49f-00e9cae214c1','Vitamin D','VITD','%',33,'59a7e595-d0b8-4e67-9d62-87209a1ab37b'),('77223d7f-5bc2-4ea4-8f79-6ee7173fb91b','Vitamin A','VITA_RAE','%',3,'f49aca18-7c3a-4eb9-850e-5295ecc69a93'),('77302878-f29d-4983-a056-17b10576a2d9','Carbs','CHOCDF','%',12,'09ed5f45-5bb0-4d0d-8057-fc164271233c'),('791d507f-cce7-474a-a379-f3b385a87ed9','Vitamin E','TOCPHA','%',5,'7782efc9-c625-49d9-84be-c634e27660d1'),('7996848b-9d02-46ba-83eb-744cd0884e82','Cholesterol','CHOLE','%',2,'f49aca18-7c3a-4eb9-850e-5295ecc69a93'),('79ff354b-9875-4053-b2df-b7250ec3737b','Fat','FAT','%',44,'09ed5f45-5bb0-4d0d-8057-fc164271233c'),('7afdb749-497b-4e54-9c78-7930a60ae1ff','Sodium','NA','%',145,'458f9b70-b1c3-4c1f-b4b6-343ed3d4a6d7'),('7b18a91e-9396-453f-a6f2-919f472ac2cc','Folate equivalent (total)','FOLDFE','%',16,'09ed5f45-5bb0-4d0d-8057-fc164271233c'),('7c68ce1f-845f-4fd4-9892-cd81e4ee34bb','Vitamin C','VITC','%',309,'f49aca18-7c3a-4eb9-850e-5295ecc69a93'),('7c74409d-fa72-4db0-a070-a3d63e1345fa','Riboflavin (B2)','RIBF','%',24,'7782efc9-c625-49d9-84be-c634e27660d1'),('7f4cd9ac-0340-4d31-8b30-5e439006db32','Calcium','CA','%',103,'59a7e595-d0b8-4e67-9d62-87209a1ab37b'),('7fada258-098a-4ab8-855d-943c58709294','Saturated','FASAT','%',14,'017b9644-3cb9-4388-8359-2c356c787ba9'),('81b11ab8-00d2-4b16-bd09-b355a333dc2b','Vitamin E','TOCPHA','%',139,'6be4228a-6480-4110-8653-982ceb7f2865'),('81ca0b0d-4e23-42ee-bb13-568a2264d57c','Zinc','ZN','%',22,'017b9644-3cb9-4388-8359-2c356c787ba9'),('81ee38b4-f687-4789-889c-b347ce0342c0','Riboflavin (B2)','RIBF','%',67,'59a7e595-d0b8-4e67-9d62-87209a1ab37b'),('830bea4e-1f7b-4b26-8b35-ac4e7a4ebc8e','Vitamin K','VITK1','%',4,'017b9644-3cb9-4388-8359-2c356c787ba9'),('83277c0f-277d-451b-8623-c64358e3a8db','Vitamin B6','VITB6A','%',35,'7782efc9-c625-49d9-84be-c634e27660d1'),('8772192a-e59c-4ee0-925e-b67cfbb5adb0','Vitamin B12','VITB12','%',12,'09ed5f45-5bb0-4d0d-8057-fc164271233c'),('8779ab53-c571-406c-8c45-9f43a3ec0d0e','Saturated','FASAT','%',24,'f49aca18-7c3a-4eb9-850e-5295ecc69a93'),('87f84c24-03fb-475b-b8e1-10ce831bb7ec','Magnesium','MG','%',90,'59a7e595-d0b8-4e67-9d62-87209a1ab37b'),('898f60a0-80c8-40d9-b0bc-b188790a984c','Zinc','ZN','%',14,'09ed5f45-5bb0-4d0d-8057-fc164271233c'),('89a87703-48e9-45a7-9a62-305b774f4567','Energy','ENERC_KCAL','%',254,'59a7e595-d0b8-4e67-9d62-87209a1ab37b'),('8a536e2e-20e1-4e40-b730-92c9b622af85','Protein','PROCNT','%',19,'017b9644-3cb9-4388-8359-2c356c787ba9'),('8b28a008-315d-437b-8e58-6f6f8857baf0','Carbs','CHOCDF','%',276,'59a7e595-d0b8-4e67-9d62-87209a1ab37b'),('8b4a4ba6-2c92-4aa7-ab22-8698f1aea4d5','Cholesterol','CHOLE','%',0,'39f9256e-6092-4c56-a4eb-934ef2125f07'),('8d486a03-bbc4-40ce-955e-3315544e6bc6','Vitamin A','VITA_RAE','%',1,'7782efc9-c625-49d9-84be-c634e27660d1'),('8e0f8ed7-8e5d-419d-9699-1d75be261eaf','Energy','ENERC_KCAL','%',19,'017b9644-3cb9-4388-8359-2c356c787ba9'),('901d5f19-63d1-4f5a-9de9-06120697e0c3','Vitamin C','VITC','%',154,'7782efc9-c625-49d9-84be-c634e27660d1'),('91603c2e-5a5b-4db1-b3a9-dbfb26099e99','Cholesterol','CHOLE','%',206,'59a7e595-d0b8-4e67-9d62-87209a1ab37b'),('9221d7b9-dfcb-4e26-8b87-ee116172900b','Calcium','CA','%',24,'6be4228a-6480-4110-8653-982ceb7f2865'),('92ff5769-7ec7-45ea-834e-229486c5f618','Fiber','FIBTG','%',156,'59a7e595-d0b8-4e67-9d62-87209a1ab37b'),('92ffe2ea-96e9-4334-bbbb-86c3922daaad','Vitamin A','VITA_RAE','%',1,'017b9644-3cb9-4388-8359-2c356c787ba9'),('930e5468-9cc1-445e-b078-77eecaca123a','Saturated','FASAT','%',134,'6be4228a-6480-4110-8653-982ceb7f2865'),('9363c3c5-02bc-4248-9943-390ee041fc38','Vitamin C','VITC','%',1,'09ed5f45-5bb0-4d0d-8057-fc164271233c'),('964c5e8b-4502-40f9-8783-392e3e14e23e','Potassium','K','%',19,'6be4228a-6480-4110-8653-982ceb7f2865'),('9676a5a7-a8ff-4ba2-84d7-1edb0a351e09','Phosphorus','P','%',27,'09ed5f45-5bb0-4d0d-8057-fc164271233c'),('9834fea8-c36c-4396-b4fc-8cdbf387f65f','Vitamin B12','VITB12','%',82,'6be4228a-6480-4110-8653-982ceb7f2865'),('986c3ada-4915-40d8-9a34-8bde4ff7f126','Protein','PROCNT','%',19,'7782efc9-c625-49d9-84be-c634e27660d1'),('9873e06d-45c0-4992-b279-6719c659eab0','Phosphorus','P','%',55,'6be4228a-6480-4110-8653-982ceb7f2865'),('99396efb-5d61-41d6-ba97-fbc271bf5d1f','Vitamin B12','VITB12','%',56,'59a7e595-d0b8-4e67-9d62-87209a1ab37b'),('9b147df2-0389-45c4-b031-2f4b55d890e7','Calcium','CA','%',31,'7782efc9-c625-49d9-84be-c634e27660d1'),('9c18d393-cdb1-4bbc-9354-433889aa6e7b','Vitamin K','VITK1','%',4,'7782efc9-c625-49d9-84be-c634e27660d1'),('9dc5a0d3-82b6-4de6-b197-cc1b4d28ca03','Sodium','NA','%',38,'017b9644-3cb9-4388-8359-2c356c787ba9'),('9ddcb997-0d3d-4c5c-a122-96344c649724','Vitamin D','VITD','%',0,'017b9644-3cb9-4388-8359-2c356c787ba9'),('a09548f8-7a4a-4f93-b32f-161fb3cc73ae','Vitamin D','VITD','%',0,'f49aca18-7c3a-4eb9-850e-5295ecc69a93'),('a525c08f-6e4b-477f-9741-ca66494b8e4c','Zinc','ZN','%',60,'458f9b70-b1c3-4c1f-b4b6-343ed3d4a6d7'),('a5a6c07c-732b-4b1a-bb27-a1a4dbd22fec','Vitamin C','VITC','%',12,'59a7e595-d0b8-4e67-9d62-87209a1ab37b'),('a6181904-80c4-4a0b-8c4c-59affa4f2a31','Energy','ENERC_KCAL','%',36,'f49aca18-7c3a-4eb9-850e-5295ecc69a93'),('a62a256f-05d6-4a0a-8cfc-149522d6e5e3','Sodium','NA','%',4,'09ed5f45-5bb0-4d0d-8057-fc164271233c'),('a78ea3b4-9ca9-4aff-a450-500ac1467ada','Vitamin D','VITD','%',0,'7782efc9-c625-49d9-84be-c634e27660d1'),('a9e19b93-0ce9-4d72-adc3-aa19662484e0','Vitamin B12','VITB12','%',56,'458f9b70-b1c3-4c1f-b4b6-343ed3d4a6d7'),('abc0ead1-aff9-4e97-b2b9-8cc56b720096','Vitamin K','VITK1','%',4,'09ed5f45-5bb0-4d0d-8057-fc164271233c'),('acde304b-d683-4bb1-a63f-c84c3d8ea501','Calcium','CA','%',12,'09ed5f45-5bb0-4d0d-8057-fc164271233c'),('b0387bfc-3e3d-41eb-ba53-6b88a3daf652','Carbs','CHOCDF','%',276,'458f9b70-b1c3-4c1f-b4b6-343ed3d4a6d7'),('b13346ce-33e7-43c4-a6a8-aef951c6a219','Sodium','NA','%',16,'39f9256e-6092-4c56-a4eb-934ef2125f07'),('b1621941-70e8-4bd9-8d68-e02031a76e8d','Vitamin E','TOCPHA','%',97,'458f9b70-b1c3-4c1f-b4b6-343ed3d4a6d7'),('b1ddcd20-50ae-4001-af90-2c3af8f5cd90','Potassium','K','%',8,'09ed5f45-5bb0-4d0d-8057-fc164271233c'),('b51a817f-fb4c-4712-9fb4-2ac25f6cc15d','Calcium','CA','%',2,'39f9256e-6092-4c56-a4eb-934ef2125f07'),('b77008cf-f8d1-4816-be91-73e87cac3937','Potassium','K','%',51,'458f9b70-b1c3-4c1f-b4b6-343ed3d4a6d7'),('ba2e8dac-cd5e-4741-98e8-adc7e53ab63c','Riboflavin (B2)','RIBF','%',67,'458f9b70-b1c3-4c1f-b4b6-343ed3d4a6d7'),('bd49dd5d-35df-4fe8-b145-980e76c57709','Thiamin (B1)','THIA','%',15,'6be4228a-6480-4110-8653-982ceb7f2865'),('bf601bc7-6efe-459c-afcb-bccb02c8b842','Protein','PROCNT','%',66,'6be4228a-6480-4110-8653-982ceb7f2865'),('c07b900a-871d-4010-9d6e-b472f3d40d6b','Vitamin B6','VITB6A','%',105,'458f9b70-b1c3-4c1f-b4b6-343ed3d4a6d7'),('c1714648-5972-4a2d-880f-7f8325dceaf9','Folate equivalent (total)','FOLDFE','%',48,'f49aca18-7c3a-4eb9-850e-5295ecc69a93'),('c238e235-1a32-4cf6-bf0c-faab2a7b4d99','Vitamin K','VITK1','%',136,'59a7e595-d0b8-4e67-9d62-87209a1ab37b'),('c3fb6398-3657-4611-b792-b8e67179a68e','Thiamin (B1)','THIA','%',67,'f49aca18-7c3a-4eb9-850e-5295ecc69a93'),('c4fd17b6-bd03-403e-acbc-1e739913d584','Sodium','NA','%',145,'59a7e595-d0b8-4e67-9d62-87209a1ab37b'),('c6131faf-8c8b-46f3-92d9-d309bfd9fb23','Magnesium','MG','%',90,'458f9b70-b1c3-4c1f-b4b6-343ed3d4a6d7'),('c8ea4d3b-16dc-4035-90d5-b6b7ab1f6d80','Folate equivalent (total)','FOLDFE','%',25,'017b9644-3cb9-4388-8359-2c356c787ba9'),('c95e0a00-e785-4330-b53a-8f22356156bd','Cholesterol','CHOLE','%',33,'6be4228a-6480-4110-8653-982ceb7f2865'),('ca0fe408-ba16-4fc2-87e7-c1470f95c8d5','Magnesium','MG','%',25,'017b9644-3cb9-4388-8359-2c356c787ba9'),('ca3c3a6d-a8ef-4cea-9522-47b711810ad9','Magnesium','MG','%',43,'f49aca18-7c3a-4eb9-850e-5295ecc69a93'),('caaa6368-5a7c-45ce-87b8-3a3384ffd538','Vitamin B12','VITB12','%',6,'017b9644-3cb9-4388-8359-2c356c787ba9'),('cc84902c-43a2-4b44-852a-84dab09d9147','Thiamin (B1)','THIA','%',136,'458f9b70-b1c3-4c1f-b4b6-343ed3d4a6d7'),('ccd77059-115b-434f-867b-b7a3a6b68bfa','Iron','FE','%',27,'6be4228a-6480-4110-8653-982ceb7f2865'),('cd5396d7-d55b-46a6-b45e-11f33d235a76','Calcium','CA','%',31,'017b9644-3cb9-4388-8359-2c356c787ba9'),('cec44996-318a-43d2-b522-27bb03554ebb','Vitamin C','VITC','%',12,'458f9b70-b1c3-4c1f-b4b6-343ed3d4a6d7'),('cef2ee09-f7b9-4ea5-b2e7-8082f945c8e0','Fat','FAT','%',238,'6be4228a-6480-4110-8653-982ceb7f2865'),('d1119873-4f4d-4a3a-9737-1c845201391c','Vitamin B6','VITB6A','%',11,'09ed5f45-5bb0-4d0d-8057-fc164271233c'),('d1a03e8b-4d4f-47e0-974a-0d98cb9c2209','Sodium','NA','%',75,'f49aca18-7c3a-4eb9-850e-5295ecc69a93'),('d227f556-b804-4949-b0f4-9cf7f0adbb1a','Fiber','FIBTG','%',30,'39f9256e-6092-4c56-a4eb-934ef2125f07'),('d2cafd99-4902-4aa0-8940-14f2618e5379','Iron','FE','%',7,'09ed5f45-5bb0-4d0d-8057-fc164271233c'),('d2d7282a-8b67-4e5a-9aac-5f23eedbc6c6','Fiber','FIBTG','%',37,'017b9644-3cb9-4388-8359-2c356c787ba9'),('d4ae67ec-d447-49b1-be28-4cebf02cd8b9','Protein','PROCNT','%',94,'458f9b70-b1c3-4c1f-b4b6-343ed3d4a6d7'),('dcd2894f-0441-44c4-b8eb-7dac711753c0','Sodium','NA','%',52,'6be4228a-6480-4110-8653-982ceb7f2865'),('e028a518-2b1b-4e12-9bc3-373d29f9b19c','Vitamin B6','VITB6A','%',105,'59a7e595-d0b8-4e67-9d62-87209a1ab37b'),('e0d03140-4061-4e7a-84ef-316a841cf75f','Calcium','CA','%',103,'458f9b70-b1c3-4c1f-b4b6-343ed3d4a6d7'),('e1735cf6-986c-4693-9a8b-0276595a0164','Iron','FE','%',105,'458f9b70-b1c3-4c1f-b4b6-343ed3d4a6d7'),('e20cd20b-caf3-4bb9-a00a-09d7306f9d5f','Vitamin B6','VITB6A','%',65,'6be4228a-6480-4110-8653-982ceb7f2865'),('e32453d8-8a8a-4db4-aa6a-4632ade8a68e','Fiber','FIBTG','%',12,'09ed5f45-5bb0-4d0d-8057-fc164271233c'),('e42c0594-b1a3-4564-bc14-32cbd39b20c8','Saturated','FASAT','%',45,'09ed5f45-5bb0-4d0d-8057-fc164271233c'),('e4bb3562-5163-4987-bd50-77a168787b9f','Phosphorus','P','%',49,'7782efc9-c625-49d9-84be-c634e27660d1'),('e4f584cc-9edf-4fb3-9ad9-1477b9fdb6ee','Carbs','CHOCDF','%',18,'7782efc9-c625-49d9-84be-c634e27660d1'),('e6cab771-a11b-4292-ae6f-551abdc86611','Phosphorus','P','%',10,'39f9256e-6092-4c56-a4eb-934ef2125f07'),('e95eee18-601f-4cc9-a737-a2612848c0ca','Fiber','FIBTG','%',37,'7782efc9-c625-49d9-84be-c634e27660d1'),('ea8c5714-21b7-4bb7-b98c-c028041f50ff','Vitamin B12','VITB12','%',6,'7782efc9-c625-49d9-84be-c634e27660d1'),('eadb4f00-dd82-45f5-b35c-dc1ab6586937','Thiamin (B1)','THIA','%',37,'7782efc9-c625-49d9-84be-c634e27660d1'),('edb11ab8-ff57-4eb1-812c-1a98707db614','Folate equivalent (total)','FOLDFE','%',31,'6be4228a-6480-4110-8653-982ceb7f2865'),('f06bd689-6e73-4531-b9de-33dc12007ffc','Sodium','NA','%',38,'7782efc9-c625-49d9-84be-c634e27660d1'),('f131b514-2f68-4ab3-8f1a-0576fc53880a','Vitamin C','VITC','%',16,'6be4228a-6480-4110-8653-982ceb7f2865'),('f225c89f-c78b-42f2-a458-b52e7b518cbd','Vitamin B6','VITB6A','%',64,'f49aca18-7c3a-4eb9-850e-5295ecc69a93'),('f31a3a31-bc40-4b21-b6af-043f014651c0','Vitamin A','VITA_RAE','%',9,'09ed5f45-5bb0-4d0d-8057-fc164271233c'),('f4d40643-1190-4202-9b65-2d3550190815','Fat','FAT','%',28,'017b9644-3cb9-4388-8359-2c356c787ba9'),('f647e942-d08a-4a82-ba4f-42b487a5eef4','Riboflavin (B2)','RIBF','%',17,'09ed5f45-5bb0-4d0d-8057-fc164271233c'),('f8099dec-1d12-40c3-b545-01f3682797a1','Iron','FE','%',4,'39f9256e-6092-4c56-a4eb-934ef2125f07'),('f9979009-2592-482a-b7a5-a3fb5ba83549','Carbs','CHOCDF','%',35,'f49aca18-7c3a-4eb9-850e-5295ecc69a93'),('f9d1f57d-6d60-4789-bddf-80c6156546ad','Thiamin (B1)','THIA','%',16,'09ed5f45-5bb0-4d0d-8057-fc164271233c'),('f9dac02a-9903-4d72-a629-18386009d94c','Potassium','K','%',13,'39f9256e-6092-4c56-a4eb-934ef2125f07'),('fde037c0-80c5-49de-8351-28f971c6554b','Saturated','FASAT','%',11,'39f9256e-6092-4c56-a4eb-934ef2125f07');
/*!40000 ALTER TABLE `recipe_total_daily` ENABLE KEYS */;
UNLOCK TABLES;

--
-- Table structure for table `recipe_total_nutrition`
--

DROP TABLE IF EXISTS `recipe_total_nutrition`;
/*!40101 SET @saved_cs_client     = @@character_set_client */;
/*!50503 SET character_set_client = utf8mb4 */;
CREATE TABLE `recipe_total_nutrition` (
  `id` varchar(36) NOT NULL,
  `label` varchar(255) NOT NULL,
  `quantity` int NOT NULL,
  `unit` varchar(255) NOT NULL,
  `code` varchar(255) NOT NULL,
  `recipeId` varchar(36) DEFAULT NULL,
  PRIMARY KEY (`id`),
  KEY `FK_46976ae35e71554ae3beea13c4b` (`recipeId`),
  CONSTRAINT `FK_46976ae35e71554ae3beea13c4b` FOREIGN KEY (`recipeId`) REFERENCES `recipes` (`id`) ON DELETE CASCADE ON UPDATE CASCADE
) ENGINE=InnoDB DEFAULT CHARSET=utf8mb4 COLLATE=utf8mb4_0900_ai_ci;
/*!40101 SET character_set_client = @saved_cs_client */;

--
-- Dumping data for table `recipe_total_nutrition`
--

LOCK TABLES `recipe_total_nutrition` WRITE;
/*!40000 ALTER TABLE `recipe_total_nutrition` DISABLE KEYS */;
INSERT INTO `recipe_total_nutrition` VALUES ('003d107f-d533-43bb-ad46-5d330d4545b1','Vitamin C, total ascorbic acid',278,'mg','VITC','f49aca18-7c3a-4eb9-850e-5295ecc69a93'),('004d3119-c96a-49d5-884d-989cc19e044b','Riboflavin',1,'mg','RIBF','458f9b70-b1c3-4c1f-b4b6-343ed3d4a6d7'),('022575f4-d316-4d55-a295-be6f117f8380','Folic acid',0,'µg','FOLAC','7782efc9-c625-49d9-84be-c634e27660d1'),('032d60cd-62f7-4f38-8bf7-a28e07c2cc3f','Water',612,'g','WATER','f49aca18-7c3a-4eb9-850e-5295ecc69a93'),('04c09376-3860-48b9-bc03-d7b6a760f20e','Magnesium, Mg',60,'mg','MG','6be4228a-6480-4110-8653-982ceb7f2865'),('05642441-5074-4516-98b1-c521bb92dd0a','Energy',428,'kcal','ENERC_KCAL','09ed5f45-5bb0-4d0d-8057-fc164271233c'),('05d01a7c-5225-416d-be35-f6023fc601d6','Energy',386,'kcal','ENERC_KCAL','017b9644-3cb9-4388-8359-2c356c787ba9'),('05f4be06-f5f9-4e8a-a18f-9db6276a30cc','Energy',5087,'kcal','ENERC_KCAL','59a7e595-d0b8-4e67-9d62-87209a1ab37b'),('072398d6-de47-4cf0-b6b7-ed1500362426','Vitamin E (alpha-tocopherol)',2,'mg','TOCPHA','39f9256e-6092-4c56-a4eb-934ef2125f07'),('07a6aa7d-8638-4b0a-b270-20feb652e8d4','Total lipid (fat)',18,'g','FAT','7782efc9-c625-49d9-84be-c634e27660d1'),('07e419f2-68b9-4073-9e4f-f9e681f97cf3','Vitamin A, RAE',1561,'µg','VITA_RAE','458f9b70-b1c3-4c1f-b4b6-343ed3d4a6d7'),('081bd8ce-d1d3-47cf-9b1a-e08bd9ec013b','Vitamin D (D2 + D3)',0,'µg','VITD','39f9256e-6092-4c56-a4eb-934ef2125f07'),('084d07bb-c87b-47c2-818f-be7604af5533','Vitamin E (alpha-tocopherol)',15,'mg','TOCPHA','458f9b70-b1c3-4c1f-b4b6-343ed3d4a6d7'),('097e39bd-32a2-43b5-9583-27700366d524','Protein',47,'g','PROCNT','458f9b70-b1c3-4c1f-b4b6-343ed3d4a6d7'),('09a1698e-aabb-4266-8b07-7e46a589116d','Folate, DFE',92,'µg','FOLDFE','39f9256e-6092-4c56-a4eb-934ef2125f07'),('0b94266c-38d6-4fe5-9063-3733ca9d49a6','Zinc, Zn',2,'mg','ZN','09ed5f45-5bb0-4d0d-8057-fc164271233c'),('0b98612b-82c5-4d0d-b8eb-f89020fd8bc7','Magnesium, Mg',36,'mg','MG','39f9256e-6092-4c56-a4eb-934ef2125f07'),('0c92189c-a3e6-47de-9bb5-9e669fb394b6','Sugars, added',746,'g','SUGAR.added','59a7e595-d0b8-4e67-9d62-87209a1ab37b'),('0cdff803-8b50-44c1-b519-0a2be4ac55f3','Zinc, Zn',2,'mg','ZN','7782efc9-c625-49d9-84be-c634e27660d1'),('0f4546e8-7305-48f5-b85a-eddddd6a8a3a','Fatty acids, total trans',0,'g','FATRN','39f9256e-6092-4c56-a4eb-934ef2125f07'),('0f549891-d39f-4ebc-903e-4247c4e95a31','Folate, DFE',58,'µg','FOLDFE','458f9b70-b1c3-4c1f-b4b6-343ed3d4a6d7'),('108be01c-aa4c-4314-bd3c-b4eb8754e7c9','Fatty acids, total saturated',127,'g','FASAT','458f9b70-b1c3-4c1f-b4b6-343ed3d4a6d7'),('10d54941-95b7-481d-b22f-7d038c3bfd1f','Sugars, total',34,'g','SUGAR','017b9644-3cb9-4388-8359-2c356c787ba9'),('137d7755-56df-41e3-b9f9-a62b24dc4fd2','Total lipid (fat)',217,'g','FAT','59a7e595-d0b8-4e67-9d62-87209a1ab37b'),('13d93e1b-8568-49ef-9801-b20cd51e79a3','Folic acid',0,'µg','FOLAC','09ed5f45-5bb0-4d0d-8057-fc164271233c'),('14df85c8-feea-42d7-b4f0-bd14a59acbba','Niacin',9,'mg','NIA','59a7e595-d0b8-4e67-9d62-87209a1ab37b'),('15e8ff28-d84e-4b18-adc3-3283f8b37268','Vitamin K (phylloquinone)',29,'µg','VITK1','39f9256e-6092-4c56-a4eb-934ef2125f07'),('175604df-77c2-41b2-89b0-2d83800bc236','Total lipid (fat)',29,'g','FAT','09ed5f45-5bb0-4d0d-8057-fc164271233c'),('17c9c0c8-48b4-48d0-b95a-6a43c6c6210d','Vitamin A, RAE',307,'µg','VITA_RAE','6be4228a-6480-4110-8653-982ceb7f2865'),('18e63bc8-0058-4e05-9e5d-408793c521e0','Iron, Fe',5,'mg','FE','7782efc9-c625-49d9-84be-c634e27660d1'),('1a13fa5b-95bb-475b-a6d8-a972eec59e4d','Fiber, total dietary',39,'g','FIBTG','59a7e595-d0b8-4e67-9d62-87209a1ab37b'),('1b4cfedd-ccef-4c83-9c74-d54141fd2eae','Carbohydrate, by difference',9,'g','CHOCDF','6be4228a-6480-4110-8653-982ceb7f2865'),('1b880b8e-85b8-4147-91eb-e28b90517dca','Total lipid (fat)',217,'g','FAT','458f9b70-b1c3-4c1f-b4b6-343ed3d4a6d7'),('1cf5c676-ffcd-496d-8d36-54ea0aeef084','Fatty acids, total polyunsaturated',12,'g','FAPU','59a7e595-d0b8-4e67-9d62-87209a1ab37b'),('1d309e57-40bd-4a53-b70a-53664622cb12','Cholesterol',0,'mg','CHOLE','39f9256e-6092-4c56-a4eb-934ef2125f07'),('1ddea32c-c324-457a-b940-9650aa4654ca','Water',290,'g','WATER','6be4228a-6480-4110-8653-982ceb7f2865'),('1e013c55-aeae-4300-8aa5-55b5a67330cb','Phosphorus, P',630,'mg','P','f49aca18-7c3a-4eb9-850e-5295ecc69a93'),('1ec2915b-d741-4bf7-8cbe-f7989e91e314','Cholesterol',30,'mg','CHOLE','09ed5f45-5bb0-4d0d-8057-fc164271233c'),('20a3128b-6e91-4db2-8015-2198d0f25e0d','Thiamin',0,'mg','THIA','7782efc9-c625-49d9-84be-c634e27660d1'),('22799569-32ad-41fa-a8d3-acaff1ed2aa0','Water',46,'g','WATER','09ed5f45-5bb0-4d0d-8057-fc164271233c'),('23342521-92ce-4559-aed3-acc31269e3fd','Niacin',3,'mg','NIA','7782efc9-c625-49d9-84be-c634e27660d1'),('237aec53-fede-458c-8ebc-7d41c64905d3','Energy',720,'kcal','ENERC_KCAL','f49aca18-7c3a-4eb9-850e-5295ecc69a93'),('2387d0a7-2d1e-4aa0-935a-dd147ec707e3','Carbohydrate, by difference',12,'g','CHOCDF','39f9256e-6092-4c56-a4eb-934ef2125f07'),('23bce7c1-6cd8-4752-af50-27d794e86a86','Magnesium, Mg',377,'mg','MG','458f9b70-b1c3-4c1f-b4b6-343ed3d4a6d7'),('261b231f-84e0-460e-97f5-368aa99204e2','Niacin',9,'mg','NIA','6be4228a-6480-4110-8653-982ceb7f2865'),('26822bce-791a-4fa7-b116-00cec1e92b45','Vitamin A, RAE',13,'µg','VITA_RAE','017b9644-3cb9-4388-8359-2c356c787ba9'),('26edd952-3554-409f-ab11-873c93c3dd4c','Cholesterol',2,'mg','CHOLE','7782efc9-c625-49d9-84be-c634e27660d1'),('2738b94d-c6ee-4d06-abf9-2df926d7460d','Fatty acids, total monounsaturated',107,'g','FAMS','6be4228a-6480-4110-8653-982ceb7f2865'),('29acf942-e874-46fa-ac26-995e32447832','Vitamin B-12',0,'µg','VITB12','7782efc9-c625-49d9-84be-c634e27660d1'),('2abf7d16-b2df-4df4-a2f5-2fb5c554a047','Sodium, Na',3489,'mg','NA','59a7e595-d0b8-4e67-9d62-87209a1ab37b'),('2d43c929-8d4a-47c7-9152-1e84107373b8','Calcium, Ca',523,'mg','CA','f49aca18-7c3a-4eb9-850e-5295ecc69a93'),('2d658edf-94f4-4c9e-839f-1c4b13c9d4f9','Sodium, Na',1251,'mg','NA','6be4228a-6480-4110-8653-982ceb7f2865'),('2e3bd5e4-c15d-4bd5-b1df-f11fbb4b7cf6','Phosphorus, P',344,'mg','P','7782efc9-c625-49d9-84be-c634e27660d1'),('2e75b121-c2d4-487a-b24c-3acfa3238994','Riboflavin',0,'mg','RIBF','09ed5f45-5bb0-4d0d-8057-fc164271233c'),('3144f5da-9f11-47b2-b6b4-b6f5d5cf6b9d','Sugars, total',2,'g','SUGAR','39f9256e-6092-4c56-a4eb-934ef2125f07'),('31bfa435-ebb2-46a8-b915-a9b6fad3c36e','Folate, DFE',100,'µg','FOLDFE','7782efc9-c625-49d9-84be-c634e27660d1'),('31c2a831-8641-4268-af23-c2771b269dee','Vitamin B-12',1,'µg','VITB12','59a7e595-d0b8-4e67-9d62-87209a1ab37b'),('32541932-0e8d-4cb3-a69f-220a1b95eedf','Potassium, K',619,'mg','K','39f9256e-6092-4c56-a4eb-934ef2125f07'),('32e03b54-ccf4-4e32-9b33-212bd862524f','Fatty acids, total saturated',9,'g','FASAT','09ed5f45-5bb0-4d0d-8057-fc164271233c'),('33165dde-cabd-489a-9f11-06c986177dde','Fiber, total dietary',3,'g','FIBTG','6be4228a-6480-4110-8653-982ceb7f2865'),('35431961-b698-4d15-913d-4f0d87c56994','Iron, Fe',1,'mg','FE','39f9256e-6092-4c56-a4eb-934ef2125f07'),('3642c380-b578-4d5f-ab37-495dbad44381','Zinc, Zn',7,'mg','ZN','59a7e595-d0b8-4e67-9d62-87209a1ab37b'),('36cf6e64-3091-40e7-9777-2875fb6b7e8d','Folate, DFE',126,'µg','FOLDFE','6be4228a-6480-4110-8653-982ceb7f2865'),('37427504-4825-48dd-b6e1-e4a7217d2a29','Vitamin D (D2 + D3)',0,'µg','VITD','017b9644-3cb9-4388-8359-2c356c787ba9'),('3849a901-d895-4980-a656-a318e7c3dd0c','Sodium, Na',909,'mg','NA','7782efc9-c625-49d9-84be-c634e27660d1'),('39235914-c8a3-4b4b-a236-9808e660c55f','Fatty acids, total saturated',127,'g','FASAT','59a7e595-d0b8-4e67-9d62-87209a1ab37b'),('398b61ee-9bf4-411e-9f57-4d8569793bf2','Sugars, added',13,'g','SUGAR.added','7782efc9-c625-49d9-84be-c634e27660d1'),('3b207520-f8be-464f-8dee-13b1f8d670fa','Vitamin B-12',2,'µg','VITB12','6be4228a-6480-4110-8653-982ceb7f2865'),('3b916788-7b54-40ee-81e6-678c6f80d81e','Total lipid (fat)',31,'g','FAT','f49aca18-7c3a-4eb9-850e-5295ecc69a93'),('3c0db449-ce79-4fe9-baba-6ad2f2e39771','Fatty acids, total polyunsaturated',15,'g','FAPU','6be4228a-6480-4110-8653-982ceb7f2865'),('3c541977-ac43-4ebd-8c1e-787870fa4bce','Fatty acids, total monounsaturated',10,'g','FAMS','39f9256e-6092-4c56-a4eb-934ef2125f07'),('3c905411-4b25-4a64-accb-893afeaac0da','Carbohydrate, by difference',827,'g','CHOCDF','458f9b70-b1c3-4c1f-b4b6-343ed3d4a6d7'),('3f23c069-0af6-4391-b45b-4d5185ca2af8','Folate, DFE',64,'µg','FOLDFE','09ed5f45-5bb0-4d0d-8057-fc164271233c'),('3f431ce7-96ea-47e5-9652-722d27e3e187','Phosphorus, P',344,'mg','P','017b9644-3cb9-4388-8359-2c356c787ba9'),('406a6a7a-60aa-4832-bc89-2a41664f580b','Folic acid',0,'µg','FOLAC','f49aca18-7c3a-4eb9-850e-5295ecc69a93'),('40d4515e-239f-4cc8-b62b-7310e15af4e0','Vitamin B-12',0,'µg','VITB12','017b9644-3cb9-4388-8359-2c356c787ba9'),('41d67060-cbe6-46fd-9d9a-0548b1003e9e','Folic acid',0,'µg','FOLAC','59a7e595-d0b8-4e67-9d62-87209a1ab37b'),('42868497-6dae-4a71-ba7b-8577ea372703','Zinc, Zn',2,'mg','ZN','017b9644-3cb9-4388-8359-2c356c787ba9'),('435b4136-999e-439e-ad2e-307cfe046f79','Energy',176,'kcal','ENERC_KCAL','39f9256e-6092-4c56-a4eb-934ef2125f07'),('4366c417-2777-4a6f-ab3b-58cfe9cbd493','Vitamin B-12',0,'µg','VITB12','09ed5f45-5bb0-4d0d-8057-fc164271233c'),('44d77185-d3af-4b20-9b83-20c2f2926c8c','Vitamin A, RAE',13,'µg','VITA_RAE','7782efc9-c625-49d9-84be-c634e27660d1'),('468f26b9-d535-431e-a8f4-fc63ccdeb48d','Fiber, total dietary',3,'g','FIBTG','09ed5f45-5bb0-4d0d-8057-fc164271233c'),('4791c4a9-8a25-4b5b-8047-a2e8b069fc12','Fatty acids, total monounsaturated',7,'g','FAMS','017b9644-3cb9-4388-8359-2c356c787ba9'),('47a3c3bd-eace-48f5-84ea-adfe9acd3f8a','Sodium, Na',373,'mg','NA','39f9256e-6092-4c56-a4eb-934ef2125f07'),('48101b31-5d27-40b2-b342-91d5bf134a93','Riboflavin',0,'mg','RIBF','017b9644-3cb9-4388-8359-2c356c787ba9'),('48affb99-ed4a-4540-8136-86cbb37f5465','Sugars, total',4,'g','SUGAR','6be4228a-6480-4110-8653-982ceb7f2865'),('49a0aa6f-8c43-434f-a438-6e65e8b00b43','Fatty acids, total saturated',5,'g','FASAT','f49aca18-7c3a-4eb9-850e-5295ecc69a93'),('4a292618-cd76-452f-b5d8-90a2a5f728a4','Thiamin',0,'mg','THIA','6be4228a-6480-4110-8653-982ceb7f2865'),('4a8339cf-ec70-4f60-b56b-a41b7e8745bc','Magnesium, Mg',181,'mg','MG','f49aca18-7c3a-4eb9-850e-5295ecc69a93'),('4cfbd211-f2b0-4fd6-86bd-9a9d0fde6c47','Potassium, K',1558,'mg','K','f49aca18-7c3a-4eb9-850e-5295ecc69a93'),('4d0fc70a-3d8e-4cb6-9b51-24a9e166e79a','Vitamin E (alpha-tocopherol)',1,'mg','TOCPHA','017b9644-3cb9-4388-8359-2c356c787ba9'),('4ec6f8c1-fcbc-4ab3-b1d2-189c3eba9aba','Niacin',9,'mg','NIA','458f9b70-b1c3-4c1f-b4b6-343ed3d4a6d7'),('4f0c5951-6fd6-4c05-b49b-a3c789a0a02a','Sugars, total',31,'g','SUGAR','09ed5f45-5bb0-4d0d-8057-fc164271233c'),('4f2ec80b-8b38-489c-948c-8667dc6767c1','Iron, Fe',8,'mg','FE','f49aca18-7c3a-4eb9-850e-5295ecc69a93'),('4f4069a3-da42-47cf-8baf-b2f82baa6807','Calcium, Ca',22,'mg','CA','39f9256e-6092-4c56-a4eb-934ef2125f07'),('5073e42f-0ca2-499b-8463-adda457db514','Calcium, Ca',1028,'mg','CA','458f9b70-b1c3-4c1f-b4b6-343ed3d4a6d7'),('54727405-94af-4310-acb9-8f1d1397b1f3','Thiamin',0,'mg','THIA','39f9256e-6092-4c56-a4eb-934ef2125f07'),('54af54b7-df82-42a1-ad38-98c7d51fb8cb','Vitamin A, RAE',82,'µg','VITA_RAE','09ed5f45-5bb0-4d0d-8057-fc164271233c'),('57491a77-9e88-4f41-a396-ae9ecb08ae2a','Phosphorus, P',190,'mg','P','09ed5f45-5bb0-4d0d-8057-fc164271233c'),('58c3a3d9-3b8a-42e4-84f0-fef40ed893a5','Sugars, total',749,'g','SUGAR','458f9b70-b1c3-4c1f-b4b6-343ed3d4a6d7'),('59b3d793-11fd-4bc4-8897-19f681aca0e1','Protein',10,'g','PROCNT','7782efc9-c625-49d9-84be-c634e27660d1'),('59bb02e8-a70e-4540-a3a7-eceff36548a0','Sodium, Na',909,'mg','NA','017b9644-3cb9-4388-8359-2c356c787ba9'),('5a6a62dd-1e5c-4c90-87d0-a591aa83812e','Vitamin E (alpha-tocopherol)',3,'mg','TOCPHA','09ed5f45-5bb0-4d0d-8057-fc164271233c'),('5d306396-2030-485e-9051-3a72f40dbc53','Vitamin C, total ascorbic acid',139,'mg','VITC','017b9644-3cb9-4388-8359-2c356c787ba9'),('5e969b77-ae27-4725-8ed5-64f800dde94b','Riboflavin',0,'mg','RIBF','6be4228a-6480-4110-8653-982ceb7f2865'),('5f02c143-eada-4009-8452-dd1415e87c9b','Cholesterol',5,'mg','CHOLE','f49aca18-7c3a-4eb9-850e-5295ecc69a93'),('5fbfd073-2064-4fdc-98a5-ffb385d4440c','Thiamin',0,'mg','THIA','09ed5f45-5bb0-4d0d-8057-fc164271233c'),('60d05349-26b8-4522-a13e-5c173e77a626','Fatty acids, total monounsaturated',12,'g','FAMS','09ed5f45-5bb0-4d0d-8057-fc164271233c'),('6120423c-a53d-4200-9a5a-f15e48a173f7','Sugars, total',749,'g','SUGAR','59a7e595-d0b8-4e67-9d62-87209a1ab37b'),('639f0206-4610-4bd2-a3f0-84f8a2b53c7d','Iron, Fe',5,'mg','FE','017b9644-3cb9-4388-8359-2c356c787ba9'),('65fcdde9-7479-4619-bf7e-1aa1e0dc7da9','Sugars, total',69,'g','SUGAR','f49aca18-7c3a-4eb9-850e-5295ecc69a93'),('670d44c1-5259-43b7-a447-ffb4c824ec55','Thiamin',1,'mg','THIA','f49aca18-7c3a-4eb9-850e-5295ecc69a93'),('67b41b2f-265e-42eb-9b6d-ecdc975969f9','Fatty acids, total monounsaturated',7,'g','FAMS','7782efc9-c625-49d9-84be-c634e27660d1'),('687715c9-a26f-4091-81c8-9ccef3ebe504','Cholesterol',617,'mg','CHOLE','458f9b70-b1c3-4c1f-b4b6-343ed3d4a6d7'),('68b40bb8-f997-46f4-8a88-194e015fccff','Fatty acids, total monounsaturated',11,'g','FAMS','f49aca18-7c3a-4eb9-850e-5295ecc69a93'),('698fc69f-1672-478a-9bcb-367211c137a1','Fatty acids, total polyunsaturated',8,'g','FAPU','017b9644-3cb9-4388-8359-2c356c787ba9'),('69db7e52-5337-45c7-9360-15f1945fcedb','Vitamin K (phylloquinone)',11,'µg','VITK1','f49aca18-7c3a-4eb9-850e-5295ecc69a93'),('6af5bbf3-f155-4e57-b712-2291bf7bd21d','Vitamin A, RAE',27,'µg','VITA_RAE','f49aca18-7c3a-4eb9-850e-5295ecc69a93'),('6dd5c091-92b8-49ff-9944-ed66329cc750','Iron, Fe',1,'mg','FE','09ed5f45-5bb0-4d0d-8057-fc164271233c'),('705ba2b6-07c2-458a-b286-97bb2a946fbb','Sugars, added',746,'g','SUGAR.added','458f9b70-b1c3-4c1f-b4b6-343ed3d4a6d7'),('706e73ab-b5d3-4b54-8340-cb94828289fb','Potassium, K',2379,'mg','K','458f9b70-b1c3-4c1f-b4b6-343ed3d4a6d7'),('70ce35fa-9328-4a7a-aa3f-c882e58f99dd','Carbohydrate, by difference',827,'g','CHOCDF','59a7e595-d0b8-4e67-9d62-87209a1ab37b'),('71ffe352-0844-400b-91e7-190c50b628da','Sodium, Na',1798,'mg','NA','f49aca18-7c3a-4eb9-850e-5295ecc69a93'),('75ca4e37-2c0a-499c-9312-35a31d74814c','Niacin',5,'mg','NIA','f49aca18-7c3a-4eb9-850e-5295ecc69a93'),('76148cd3-82ad-4017-8087-a1e3df5dfa4d','Water',337,'g','WATER','458f9b70-b1c3-4c1f-b4b6-343ed3d4a6d7'),('7828874d-c454-4c74-aac2-69defc5b6008','Thiamin',2,'mg','THIA','59a7e595-d0b8-4e67-9d62-87209a1ab37b'),('78ae5a4b-65ce-4df5-a1f4-4eb78a315603','Iron, Fe',19,'mg','FE','59a7e595-d0b8-4e67-9d62-87209a1ab37b'),('7a8e2cc3-c077-4001-a56d-c24f574b1d85','Riboflavin',1,'mg','RIBF','59a7e595-d0b8-4e67-9d62-87209a1ab37b'),('7cbc4760-0d78-46b8-82d6-24edb4215474','Fatty acids, total saturated',2,'g','FASAT','39f9256e-6092-4c56-a4eb-934ef2125f07'),('7e6a70d3-a397-478d-9dae-c062580b6a0b','Water',306,'g','WATER','7782efc9-c625-49d9-84be-c634e27660d1'),('7eec9cdc-7693-4134-915e-c0ed94348045','Carbohydrate, by difference',105,'g','CHOCDF','f49aca18-7c3a-4eb9-850e-5295ecc69a93'),('83ab0c86-8d34-4fd8-8b21-bcc36d726c82','Iron, Fe',5,'mg','FE','6be4228a-6480-4110-8653-982ceb7f2865'),('84b73e25-11a8-41b0-9ae7-0c731e6efe00','Phosphorus, P',385,'mg','P','6be4228a-6480-4110-8653-982ceb7f2865'),('8540d4ee-f454-4830-9c9a-e57847c0fb69','Folic acid',0,'µg','FOLAC','6be4228a-6480-4110-8653-982ceb7f2865'),('85871fa9-92eb-4ec4-a73f-a22b77d6ad14','Niacin',2,'mg','NIA','39f9256e-6092-4c56-a4eb-934ef2125f07'),('85db1499-d462-4413-b9f8-cad4164ad58c','Fatty acids, total polyunsaturated',6,'g','FAPU','09ed5f45-5bb0-4d0d-8057-fc164271233c'),('8609cf05-0755-4cdf-a268-cf8a771dd4f3','Folate, food',58,'µg','FOLFD','458f9b70-b1c3-4c1f-b4b6-343ed3d4a6d7'),('86688059-25a6-4199-916f-250dac023bf1','Vitamin B-12',0,'µg','VITB12','39f9256e-6092-4c56-a4eb-934ef2125f07'),('87339531-c969-44a5-b324-d120b07bfde0','Riboflavin',1,'mg','RIBF','f49aca18-7c3a-4eb9-850e-5295ecc69a93'),('876dcb76-afd3-4b81-9146-e5cc7f3624ec','Cholesterol',99,'mg','CHOLE','6be4228a-6480-4110-8653-982ceb7f2865'),('87b350ba-c5ea-4fd3-a5f7-b56ce6cade16','Magnesium, Mg',63,'mg','MG','09ed5f45-5bb0-4d0d-8057-fc164271233c'),('88161489-e097-427a-b7f8-acbb617fa65f','Vitamin B-6',0,'mg','VITB6A','39f9256e-6092-4c56-a4eb-934ef2125f07'),('882a6112-c4c0-4f38-93a6-10285fcd9d64','Water',306,'g','WATER','017b9644-3cb9-4388-8359-2c356c787ba9'),('88469b38-407b-4a59-8b14-c52ad62e6b15','Magnesium, Mg',106,'mg','MG','017b9644-3cb9-4388-8359-2c356c787ba9'),('889721a2-1a42-4062-8ddf-eee3e727dc00','Vitamin C, total ascorbic acid',11,'mg','VITC','59a7e595-d0b8-4e67-9d62-87209a1ab37b'),('8a96cc98-9c76-4bf5-81bf-f3d8a805810a','Thiamin',0,'mg','THIA','017b9644-3cb9-4388-8359-2c356c787ba9'),('8c9dbd29-4594-4289-8acb-9dbbacbd978b','Vitamin B-6',0,'mg','VITB6A','09ed5f45-5bb0-4d0d-8057-fc164271233c'),('8cc98c21-c324-4618-a238-2ca1fa505c59','Vitamin C, total ascorbic acid',23,'mg','VITC','39f9256e-6092-4c56-a4eb-934ef2125f07'),('8f467f9b-b408-4667-99ee-bbe34b7daf92','Vitamin D (D2 + D3)',5,'µg','VITD','59a7e595-d0b8-4e67-9d62-87209a1ab37b'),('901b6705-b78a-4e1d-b279-e6d4fc8ad6fc','Fatty acids, total polyunsaturated',13,'g','FAPU','f49aca18-7c3a-4eb9-850e-5295ecc69a93'),('919808d5-b83d-4903-8ec4-1d53708e012d','Folate, food',58,'µg','FOLFD','59a7e595-d0b8-4e67-9d62-87209a1ab37b'),('928c2cae-adc9-4c44-84cf-f8713fa33432','Vitamin K (phylloquinone)',239,'µg','VITK1','6be4228a-6480-4110-8653-982ceb7f2865'),('934ed4eb-2c70-4703-beb1-fbab613d68b4','Vitamin E (alpha-tocopherol)',1,'mg','TOCPHA','7782efc9-c625-49d9-84be-c634e27660d1'),('93ce0a91-da62-4e19-b2b9-ee8c02a9d826','Vitamin K (phylloquinone)',4,'µg','VITK1','09ed5f45-5bb0-4d0d-8057-fc164271233c'),('9532e395-2c96-4b66-9b1c-fab69f851ae7','Vitamin B-6',0,'mg','VITB6A','017b9644-3cb9-4388-8359-2c356c787ba9'),('961ec59e-d9e8-4e0b-83cd-cdf90cbdea40','Vitamin B-12',1,'µg','VITB12','458f9b70-b1c3-4c1f-b4b6-343ed3d4a6d7'),('977302a1-40a2-4160-adf5-fecfe9bc451c','Total lipid (fat)',15,'g','FAT','39f9256e-6092-4c56-a4eb-934ef2125f07'),('977cd54a-0b8f-4510-ba7a-2005b2c98de6','Folic acid',0,'µg','FOLAC','39f9256e-6092-4c56-a4eb-934ef2125f07'),('9848e30c-a6f0-4bcf-8c2f-74f014dd7ad5','Calcium, Ca',1028,'mg','CA','59a7e595-d0b8-4e67-9d62-87209a1ab37b'),('9849af0f-c00f-4089-9825-e24260b78ca8','Vitamin K (phylloquinone)',163,'µg','VITK1','458f9b70-b1c3-4c1f-b4b6-343ed3d4a6d7'),('98b93783-49a8-4405-87c8-ddfb30cca237','Carbohydrate, by difference',37,'g','CHOCDF','09ed5f45-5bb0-4d0d-8057-fc164271233c'),('9c031598-0ccb-421b-aacb-7a0328478dee','Calcium, Ca',306,'mg','CA','7782efc9-c625-49d9-84be-c634e27660d1'),('9c117300-9a69-4a9f-8c22-00d8450879b4','Fatty acids, total polyunsaturated',12,'g','FAPU','458f9b70-b1c3-4c1f-b4b6-343ed3d4a6d7'),('9c6f5f33-678e-4faf-ad80-1bc1c721b7b5','Folate, food',126,'µg','FOLFD','6be4228a-6480-4110-8653-982ceb7f2865'),('9c8afc06-d1ae-42f1-ab04-5d822ddc2180','Fiber, total dietary',17,'g','FIBTG','f49aca18-7c3a-4eb9-850e-5295ecc69a93'),('9d4d39f1-36f1-40d3-87e0-9a47ecb18966','Calcium, Ca',306,'mg','CA','017b9644-3cb9-4388-8359-2c356c787ba9'),('9e978b8c-9d06-4758-b7d1-7cae0d72bc26','Protein',3,'g','PROCNT','39f9256e-6092-4c56-a4eb-934ef2125f07'),('9efe9ac5-c09f-422c-82ed-ceed6fc1f3a6','Vitamin B-6',0,'mg','VITB6A','7782efc9-c625-49d9-84be-c634e27660d1'),('a01e3268-0904-4762-ad7b-ff92c2671b0e','Total lipid (fat)',155,'g','FAT','6be4228a-6480-4110-8653-982ceb7f2865'),('a022211a-8292-4f42-b68f-fd74098f7feb','Protein',10,'g','PROCNT','09ed5f45-5bb0-4d0d-8057-fc164271233c'),('a2d48ef3-2d8c-4f15-9bda-7c52fd03031a','Fatty acids, total monounsaturated',59,'g','FAMS','458f9b70-b1c3-4c1f-b4b6-343ed3d4a6d7'),('a32f8b2b-888a-47ff-8223-983eca1a6d42','Iron, Fe',19,'mg','FE','458f9b70-b1c3-4c1f-b4b6-343ed3d4a6d7'),('a330d287-4727-4eac-a882-8445d5f92094','Riboflavin',0,'mg','RIBF','39f9256e-6092-4c56-a4eb-934ef2125f07'),('a56c95a7-b0c2-42be-85b0-1a779f0d9042','Fatty acids, total monounsaturated',59,'g','FAMS','59a7e595-d0b8-4e67-9d62-87209a1ab37b'),('a5c0ae29-9608-47d9-9976-85d8c0547ac1','Niacin',4,'mg','NIA','09ed5f45-5bb0-4d0d-8057-fc164271233c'),('a62dc849-4b14-4487-955b-c638c6b5bff0','Total lipid (fat)',18,'g','FAT','017b9644-3cb9-4388-8359-2c356c787ba9'),('a71af4db-d3fa-47cc-a379-075e2c7ac148','Vitamin E (alpha-tocopherol)',2,'mg','TOCPHA','f49aca18-7c3a-4eb9-850e-5295ecc69a93'),('a8079c02-e2ff-4b57-9b09-2642d0981b91','Fatty acids, total saturated',3,'g','FASAT','017b9644-3cb9-4388-8359-2c356c787ba9'),('a9c9da61-aa23-45c1-9939-3daffcd188e3','Vitamin C, total ascorbic acid',11,'mg','VITC','458f9b70-b1c3-4c1f-b4b6-343ed3d4a6d7'),('ab450b8e-f705-406e-b8b5-9b0e88e51f6a','Potassium, K',908,'mg','K','6be4228a-6480-4110-8653-982ceb7f2865'),('ad685af2-2788-464c-b567-4b0bf7741814','Energy',386,'kcal','ENERC_KCAL','7782efc9-c625-49d9-84be-c634e27660d1'),('ad86356e-4224-4e54-807a-b8e782a51293','Carbohydrate, by difference',54,'g','CHOCDF','017b9644-3cb9-4388-8359-2c356c787ba9'),('ae50701f-e678-4945-9fb1-01f0b44d93cc','Energy',1537,'kcal','ENERC_KCAL','6be4228a-6480-4110-8653-982ceb7f2865'),('afdfd9e7-2ec4-44bf-ab62-2dfcb035ceb1','Folate, food',100,'µg','FOLFD','017b9644-3cb9-4388-8359-2c356c787ba9'),('b03d4d2e-b5c5-4272-939d-e11f87a3aa0e','Zinc, Zn',7,'mg','ZN','458f9b70-b1c3-4c1f-b4b6-343ed3d4a6d7'),('b1911402-ff68-4051-952b-036ac3fb8cb7','Potassium, K',800,'mg','K','7782efc9-c625-49d9-84be-c634e27660d1'),('b2c633ad-c5c8-4ea1-be17-d77f5c049812','Folate, DFE',58,'µg','FOLDFE','59a7e595-d0b8-4e67-9d62-87209a1ab37b'),('b3715e9c-6b64-453f-ba12-80d310fb5978','Phosphorus, P',67,'mg','P','39f9256e-6092-4c56-a4eb-934ef2125f07'),('b50ce657-4553-4990-865d-e10d610e27f9','Folic acid',0,'µg','FOLAC','458f9b70-b1c3-4c1f-b4b6-343ed3d4a6d7'),('b51b1804-423e-4463-b9fb-e9ca3f30154b','Fatty acids, total polyunsaturated',8,'g','FAPU','7782efc9-c625-49d9-84be-c634e27660d1'),('b65e59bf-bce9-46f5-a607-b04ac7a9df1c','Fiber, total dietary',9,'g','FIBTG','7782efc9-c625-49d9-84be-c634e27660d1'),('b8042dbd-3fcf-45ef-a717-77cc113956e2','Magnesium, Mg',377,'mg','MG','59a7e595-d0b8-4e67-9d62-87209a1ab37b'),('b8217fcb-d865-40ae-b211-cd922ea34bfe','Fatty acids, total trans',8,'g','FATRN','458f9b70-b1c3-4c1f-b4b6-343ed3d4a6d7'),('bf3ac38e-56e4-49ec-9d2b-2e4087f67e56','Vitamin B-6',1,'mg','VITB6A','6be4228a-6480-4110-8653-982ceb7f2865'),('c18369de-4f0f-4b5a-9980-1a7f94f01678','Folate, DFE',100,'µg','FOLDFE','017b9644-3cb9-4388-8359-2c356c787ba9'),('c35bdbed-303c-4bad-8dc6-33d4e2e1355a','Calcium, Ca',243,'mg','CA','6be4228a-6480-4110-8653-982ceb7f2865'),('c5c682a4-11ef-45b9-807b-3d11ab06f2a9','Vitamin B-6',1,'mg','VITB6A','f49aca18-7c3a-4eb9-850e-5295ecc69a93'),('c685a7aa-55a2-477e-9c68-e1f84dabc6ec','Potassium, K',800,'mg','K','017b9644-3cb9-4388-8359-2c356c787ba9'),('c6b3870d-02b8-4952-b800-29ae323482c2','Calcium, Ca',117,'mg','CA','09ed5f45-5bb0-4d0d-8057-fc164271233c'),('c92663ce-65be-40aa-b02e-e278fba5d543','Niacin',3,'mg','NIA','017b9644-3cb9-4388-8359-2c356c787ba9'),('ca14ff9f-55bd-4460-986a-0443cc31d347','Fatty acids, total trans',1,'g','FATRN','09ed5f45-5bb0-4d0d-8057-fc164271233c'),('cacd6f8b-6fe3-4d25-aa73-3e7b85d8923d','Magnesium, Mg',106,'mg','MG','7782efc9-c625-49d9-84be-c634e27660d1'),('cb1503ce-ed3a-4c6c-af99-1cc2c35adeff','Protein',47,'g','PROCNT','59a7e595-d0b8-4e67-9d62-87209a1ab37b'),('cb1b7a4c-5b94-4f19-b0f8-bce56ed73af4','Fiber, total dietary',39,'g','FIBTG','458f9b70-b1c3-4c1f-b4b6-343ed3d4a6d7'),('cb5c7709-fc78-41d6-b4c0-8d255b78c6d3','Potassium, K',356,'mg','K','09ed5f45-5bb0-4d0d-8057-fc164271233c'),('cc448e0d-a3a5-413a-a0fb-c106933fc143','Water',129,'g','WATER','39f9256e-6092-4c56-a4eb-934ef2125f07'),('cc4e6176-71a9-4381-b97d-1fa1ab99baa9','Sodium, Na',104,'mg','NA','09ed5f45-5bb0-4d0d-8057-fc164271233c'),('cd73c201-1dda-4f53-8598-4df692eed85d','Sodium, Na',3489,'mg','NA','458f9b70-b1c3-4c1f-b4b6-343ed3d4a6d7'),('cdc0842a-e50d-4159-a130-9f56b96c3197','Vitamin A, RAE',1561,'µg','VITA_RAE','59a7e595-d0b8-4e67-9d62-87209a1ab37b'),('ce0c5fd3-2932-452c-8208-804b4b9eb550','Sugars, total',34,'g','SUGAR','7782efc9-c625-49d9-84be-c634e27660d1'),('d0eca5f2-be64-4b27-bdd8-cd7ce147c2eb','Fiber, total dietary',9,'g','FIBTG','017b9644-3cb9-4388-8359-2c356c787ba9'),('d39071be-82c7-4f94-ad4d-3d3ff0c8833a','Vitamin A, RAE',28,'µg','VITA_RAE','39f9256e-6092-4c56-a4eb-934ef2125f07'),('d494c761-2dbc-4612-b03a-a3c410ff1eb4','Zinc, Zn',4,'mg','ZN','f49aca18-7c3a-4eb9-850e-5295ecc69a93'),('d68eac56-d3a0-48f4-a409-c0e3cc8b6cc6','Folate, DFE',191,'µg','FOLDFE','f49aca18-7c3a-4eb9-850e-5295ecc69a93'),('d81d62c7-3c1d-4a22-9324-e750f974c6be','Vitamin C, total ascorbic acid',14,'mg','VITC','6be4228a-6480-4110-8653-982ceb7f2865'),('d90cb71f-5de7-4d47-844e-de37d5cc9eff','Fatty acids, total saturated',3,'g','FASAT','7782efc9-c625-49d9-84be-c634e27660d1'),('d910443a-18ad-409a-ab14-2cfed47f3508','Zinc, Zn',1,'mg','ZN','39f9256e-6092-4c56-a4eb-934ef2125f07'),('da8f350d-b805-4759-9ad5-268408e673ec','Zinc, Zn',6,'mg','ZN','6be4228a-6480-4110-8653-982ceb7f2865'),('db546c98-e40e-4514-89d2-b92c2204ad40','Vitamin K (phylloquinone)',163,'µg','VITK1','59a7e595-d0b8-4e67-9d62-87209a1ab37b'),('db598541-a8d3-420f-885d-dca4ff3d604c','Vitamin B-6',1,'mg','VITB6A','59a7e595-d0b8-4e67-9d62-87209a1ab37b'),('dbc20c3b-398f-4517-87de-20bc6a786cdf','Thiamin',2,'mg','THIA','458f9b70-b1c3-4c1f-b4b6-343ed3d4a6d7'),('dd66e704-e356-4721-9635-c7fd70c41cae','Vitamin E (alpha-tocopherol)',15,'mg','TOCPHA','59a7e595-d0b8-4e67-9d62-87209a1ab37b'),('dd8d724d-8476-4640-9ba9-a150e8f81fb8','Potassium, K',2379,'mg','K','59a7e595-d0b8-4e67-9d62-87209a1ab37b'),('dee1ed7e-3060-4858-8cb0-21ddc0dea802','Vitamin D (D2 + D3)',0,'µg','VITD','f49aca18-7c3a-4eb9-850e-5295ecc69a93'),('df13f751-a63b-49df-91a2-bf896685e3ce','Protein',18,'g','PROCNT','f49aca18-7c3a-4eb9-850e-5295ecc69a93'),('dfacc698-0c75-47fb-83c2-e07de39aaea2','Folate, food',100,'µg','FOLFD','7782efc9-c625-49d9-84be-c634e27660d1'),('dfae94e5-6732-4122-8787-0671cba11b1c','Vitamin D (D2 + D3)',0,'µg','VITD','7782efc9-c625-49d9-84be-c634e27660d1'),('dfc7d66d-22b6-484f-b26f-3ed2ce27bbe5','Vitamin C, total ascorbic acid',139,'mg','VITC','7782efc9-c625-49d9-84be-c634e27660d1'),('dfd86013-eafd-48e4-b62f-2dfc6c1e081f','Protein',33,'g','PROCNT','6be4228a-6480-4110-8653-982ceb7f2865'),('e034f1d6-3957-445a-a063-f48ce027d118','Vitamin K (phylloquinone)',5,'µg','VITK1','017b9644-3cb9-4388-8359-2c356c787ba9'),('e2dfd449-f527-49b0-bb48-ef76e49c1848','Vitamin D (D2 + D3)',0,'µg','VITD','6be4228a-6480-4110-8653-982ceb7f2865'),('e35bebc7-e412-4a62-91a5-fc6c78b31b85','Vitamin B-6',1,'mg','VITB6A','458f9b70-b1c3-4c1f-b4b6-343ed3d4a6d7'),('e364e1d7-5ec2-4e29-84b4-d770579a017f','Fiber, total dietary',8,'g','FIBTG','39f9256e-6092-4c56-a4eb-934ef2125f07'),('e3835c94-c372-4f69-9c55-00770c66d65d','Protein',10,'g','PROCNT','017b9644-3cb9-4388-8359-2c356c787ba9'),('e50b17ca-cdcf-4d4f-8dc3-b06b29563cd0','Carbohydrate, by difference',54,'g','CHOCDF','7782efc9-c625-49d9-84be-c634e27660d1'),('e5841f20-19a3-4c0d-ac58-83e5484c7db3','Energy',5087,'kcal','ENERC_KCAL','458f9b70-b1c3-4c1f-b4b6-343ed3d4a6d7'),('e6ab929c-f73c-41f1-bb67-e42eb635bcf5','Vitamin K (phylloquinone)',5,'µg','VITK1','7782efc9-c625-49d9-84be-c634e27660d1'),('e855d4e9-45ca-4d5b-8e1d-3aec43ad56a5','Vitamin E (alpha-tocopherol)',21,'mg','TOCPHA','6be4228a-6480-4110-8653-982ceb7f2865'),('eaaba865-0c81-4c91-96d7-3f4faea4891e','Vitamin C, total ascorbic acid',1,'mg','VITC','09ed5f45-5bb0-4d0d-8057-fc164271233c'),('ec70364f-2341-4420-a150-9c9f89922645','Cholesterol',2,'mg','CHOLE','017b9644-3cb9-4388-8359-2c356c787ba9'),('ed5c36e3-71cf-4214-8d69-550db5a84f9d','Folic acid',0,'µg','FOLAC','017b9644-3cb9-4388-8359-2c356c787ba9'),('eedff3ba-6395-4803-955e-66a14fe4e5e4','Vitamin B-12',0,'µg','VITB12','f49aca18-7c3a-4eb9-850e-5295ecc69a93'),('ef9d73e0-71b1-41d0-b70f-342c5751bc07','Vitamin D (D2 + D3)',0,'µg','VITD','09ed5f45-5bb0-4d0d-8057-fc164271233c'),('efc81bf4-86da-4c9d-a621-1379af7eb466','Folate, food',64,'µg','FOLFD','09ed5f45-5bb0-4d0d-8057-fc164271233c'),('f013b94d-d56b-4ee7-b2e7-d7ab49b8371d','Water',337,'g','WATER','59a7e595-d0b8-4e67-9d62-87209a1ab37b'),('f15eb0dc-03dd-4efc-86d6-6c66e6c45017','Sugars, added',26,'g','SUGAR.added','f49aca18-7c3a-4eb9-850e-5295ecc69a93'),('f170a730-bbed-447a-825b-cfb496cb480b','Fatty acids, total saturated',27,'g','FASAT','6be4228a-6480-4110-8653-982ceb7f2865'),('f2794c68-0c58-47fe-853c-8cdbcc2785a0','Fatty acids, total trans',8,'g','FATRN','59a7e595-d0b8-4e67-9d62-87209a1ab37b'),('f39a8e6f-9139-45ca-a8b3-718e5cec8684','Fatty acids, total trans',0,'g','FATRN','6be4228a-6480-4110-8653-982ceb7f2865'),('f501eb0c-da70-4969-bb3b-21276e5f87c2','Fatty acids, total polyunsaturated',2,'g','FAPU','39f9256e-6092-4c56-a4eb-934ef2125f07'),('f58f2eb2-d467-476f-8449-7fd43485205b','Phosphorus, P',568,'mg','P','458f9b70-b1c3-4c1f-b4b6-343ed3d4a6d7'),('f6a963b7-7c2a-441b-b8c4-660e1b97d553','Folate, food',191,'µg','FOLFD','f49aca18-7c3a-4eb9-850e-5295ecc69a93'),('f705a070-2169-4d2d-8f70-48a890787b34','Sugars, added',13,'g','SUGAR.added','017b9644-3cb9-4388-8359-2c356c787ba9'),('f7e25222-bbbc-43a4-9f38-7cf01374e11f','Riboflavin',0,'mg','RIBF','7782efc9-c625-49d9-84be-c634e27660d1'),('f8931abd-d0ec-4ed1-9429-aab3981a754b','Phosphorus, P',568,'mg','P','59a7e595-d0b8-4e67-9d62-87209a1ab37b'),('f9adc79c-92e8-4494-a704-3bc5de3e46ab','Cholesterol',617,'mg','CHOLE','59a7e595-d0b8-4e67-9d62-87209a1ab37b'),('f9ddff9d-6f18-460f-88eb-51c9b3966c6d','Folate, food',92,'µg','FOLFD','39f9256e-6092-4c56-a4eb-934ef2125f07'),('fbdf2f28-052a-4857-ad05-72ad63d26816','Sugars, added',29,'g','SUGAR.added','09ed5f45-5bb0-4d0d-8057-fc164271233c'),('fcde13f6-ee80-411f-89c2-5d4612fde120','Vitamin D (D2 + D3)',5,'µg','VITD','458f9b70-b1c3-4c1f-b4b6-343ed3d4a6d7');
/*!40000 ALTER TABLE `recipe_total_nutrition` ENABLE KEYS */;
UNLOCK TABLES;

--
-- Table structure for table `recipe_total_nutrition_kcal`
--

DROP TABLE IF EXISTS `recipe_total_nutrition_kcal`;
/*!40101 SET @saved_cs_client     = @@character_set_client */;
/*!50503 SET character_set_client = utf8mb4 */;
CREATE TABLE `recipe_total_nutrition_kcal` (
  `id` varchar(36) NOT NULL,
  `label` varchar(255) NOT NULL,
  `quantity` int NOT NULL,
  `unit` varchar(255) NOT NULL,
  `code` varchar(255) NOT NULL,
  `recipeId` varchar(36) DEFAULT NULL,
  PRIMARY KEY (`id`),
  KEY `FK_035f84d50d40b53d4cd7d980eb1` (`recipeId`),
  CONSTRAINT `FK_035f84d50d40b53d4cd7d980eb1` FOREIGN KEY (`recipeId`) REFERENCES `recipes` (`id`) ON DELETE CASCADE ON UPDATE CASCADE
) ENGINE=InnoDB DEFAULT CHARSET=utf8mb4 COLLATE=utf8mb4_0900_ai_ci;
/*!40101 SET character_set_client = @saved_cs_client */;

--
-- Dumping data for table `recipe_total_nutrition_kcal`
--

LOCK TABLES `recipe_total_nutrition_kcal` WRITE;
/*!40000 ALTER TABLE `recipe_total_nutrition_kcal` DISABLE KEYS */;
INSERT INTO `recipe_total_nutrition_kcal` VALUES ('09de12ff-686f-4a2a-8327-85b19be40bc7','Calories from carbohydrates',3087,'kcal','CHOCDF_KCAL','59a7e595-d0b8-4e67-9d62-87209a1ab37b'),('112786a3-697f-40dd-baf8-8b9c6830aab4','Calories from carbohydrates',35,'kcal','CHOCDF_KCAL','6be4228a-6480-4110-8653-982ceb7f2865'),('19850776-c32d-4c93-818a-01e8c9b8f32c','Calories from fat',1824,'kcal','FAT_KCAL','59a7e595-d0b8-4e67-9d62-87209a1ab37b'),('241ba2b3-ffad-4b88-bd56-ddca78b8e0e5','Calories from carbohydrates',200,'kcal','CHOCDF_KCAL','7782efc9-c625-49d9-84be-c634e27660d1'),('28be4def-5980-4719-899c-f14c300ba9ac','Calories from fat',1371,'kcal','FAT_KCAL','6be4228a-6480-4110-8653-982ceb7f2865'),('3625bc5d-e1d5-4509-b0a5-760760658b1b','Energy',719,'kcal','ENERC_KCAL','f49aca18-7c3a-4eb9-850e-5295ecc69a93'),('422efbe7-6cb8-4c3b-9ead-341d69329411','Energy',386,'kcal','ENERC_KCAL','017b9644-3cb9-4388-8359-2c356c787ba9'),('4d1d96d2-3c94-4cec-a418-c481f12c35ad','Calories from carbohydrates',391,'kcal','CHOCDF_KCAL','f49aca18-7c3a-4eb9-850e-5295ecc69a93'),('4d98b17a-47fe-4017-8c10-dc80cd094548','Calories from carbohydrates',200,'kcal','CHOCDF_KCAL','017b9644-3cb9-4388-8359-2c356c787ba9'),('501b23c5-222a-4fce-8c57-1e27e3b55c68','Energy',1536,'kcal','ENERC_KCAL','6be4228a-6480-4110-8653-982ceb7f2865'),('58eac828-47f9-4006-893b-2faee28363bb','Calories from fat',1824,'kcal','FAT_KCAL','458f9b70-b1c3-4c1f-b4b6-343ed3d4a6d7'),('66f38d5b-eb52-4da4-aa8f-4454dbbd6394','Calories from protein',39,'kcal','PROCNT_KCAL','09ed5f45-5bb0-4d0d-8057-fc164271233c'),('806a9162-69fa-4a11-9ffa-9d96b7222133','Calories from protein',65,'kcal','PROCNT_KCAL','f49aca18-7c3a-4eb9-850e-5295ecc69a93'),('837d1309-6ad6-4c0f-b1fc-113718cb20b9','Calories from carbohydrates',143,'kcal','CHOCDF_KCAL','09ed5f45-5bb0-4d0d-8057-fc164271233c'),('891777ed-4dbd-4d2a-b650-77db73930481','Calories from protein',176,'kcal','PROCNT_KCAL','59a7e595-d0b8-4e67-9d62-87209a1ab37b'),('8a9617d0-c362-4399-b21d-629a142e22cc','Energy',386,'kcal','ENERC_KCAL','7782efc9-c625-49d9-84be-c634e27660d1'),('8cccdd16-2064-464e-be2d-1fb64b1e3733','Calories from protein',176,'kcal','PROCNT_KCAL','458f9b70-b1c3-4c1f-b4b6-343ed3d4a6d7'),('8dd44d8c-ffe2-4c6a-861a-e2051076f9e5','Calories from protein',36,'kcal','PROCNT_KCAL','017b9644-3cb9-4388-8359-2c356c787ba9'),('94169d9f-e13f-4a44-ae46-cf2075157569','Calories from protein',130,'kcal','PROCNT_KCAL','6be4228a-6480-4110-8653-982ceb7f2865'),('98ee70b2-0e47-44f4-b355-440e9cc21fba','Calories from fat',150,'kcal','FAT_KCAL','7782efc9-c625-49d9-84be-c634e27660d1'),('98f01f88-7e99-4434-9655-ca9a489334cb','Calories from fat',150,'kcal','FAT_KCAL','017b9644-3cb9-4388-8359-2c356c787ba9'),('9d800f89-3747-47d8-8899-a0e12f5a1b6b','Energy',5087,'kcal','ENERC_KCAL','59a7e595-d0b8-4e67-9d62-87209a1ab37b'),('b53cf703-b141-40b6-8ba8-dbbdfd085e72','Calories from protein',36,'kcal','PROCNT_KCAL','7782efc9-c625-49d9-84be-c634e27660d1'),('d832d924-cace-483f-b359-4dd5001461ce','Calories from carbohydrates',44,'kcal','CHOCDF_KCAL','39f9256e-6092-4c56-a4eb-934ef2125f07'),('d8755374-cd29-487e-9f5b-de590de854cd','Calories from fat',122,'kcal','FAT_KCAL','39f9256e-6092-4c56-a4eb-934ef2125f07'),('d95225e4-b579-4ea6-8259-3ea9cb29bf16','Calories from carbohydrates',3087,'kcal','CHOCDF_KCAL','458f9b70-b1c3-4c1f-b4b6-343ed3d4a6d7'),('db719520-9253-444f-93c2-60ad1b803d8e','Calories from fat',247,'kcal','FAT_KCAL','09ed5f45-5bb0-4d0d-8057-fc164271233c'),('e1fdfe9a-a665-45eb-b405-9ac201ca578f','Calories from protein',9,'kcal','PROCNT_KCAL','39f9256e-6092-4c56-a4eb-934ef2125f07'),('e3cc20eb-ff4c-432e-add9-75e6ddda4ae0','Energy',5087,'kcal','ENERC_KCAL','458f9b70-b1c3-4c1f-b4b6-343ed3d4a6d7'),('e9331b53-ce5c-4f59-8a18-769f3e7df8fd','Energy',429,'kcal','ENERC_KCAL','09ed5f45-5bb0-4d0d-8057-fc164271233c'),('f23ca70c-a35f-4390-9b90-c3f851df9965','Energy',175,'kcal','ENERC_KCAL','39f9256e-6092-4c56-a4eb-934ef2125f07'),('fae69bb8-d64e-46e2-a5e9-f29317f7d416','Calories from fat',263,'kcal','FAT_KCAL','f49aca18-7c3a-4eb9-850e-5295ecc69a93');
/*!40000 ALTER TABLE `recipe_total_nutrition_kcal` ENABLE KEYS */;
UNLOCK TABLES;

--
-- Table structure for table `recipes`
--

DROP TABLE IF EXISTS `recipes`;
/*!40101 SET @saved_cs_client     = @@character_set_client */;
/*!50503 SET character_set_client = utf8mb4 */;
CREATE TABLE `recipes` (
  `id` varchar(36) NOT NULL,
  `name` varchar(255) NOT NULL,
  `serving` int DEFAULT NULL,
  `image` varchar(255) NOT NULL,
  `cook` varchar(255) DEFAULT NULL,
  `prep` varchar(255) DEFAULT NULL,
  `total` varchar(255) DEFAULT NULL,
  `url` varchar(255) NOT NULL,
  `public` tinyint NOT NULL DEFAULT '1',
  `created_at` datetime(6) NOT NULL DEFAULT CURRENT_TIMESTAMP(6),
  `description` text,
  PRIMARY KEY (`id`),
  UNIQUE KEY `IDX_19d2684dbf4692a00e0ca73578` (`url`)
) ENGINE=InnoDB DEFAULT CHARSET=utf8mb4 COLLATE=utf8mb4_0900_ai_ci;
/*!40101 SET character_set_client = @saved_cs_client */;

--
-- Dumping data for table `recipes`
--

LOCK TABLES `recipes` WRITE;
/*!40000 ALTER TABLE `recipes` DISABLE KEYS */;
INSERT INTO `recipes` VALUES ('017b9644-3cb9-4388-8359-2c356c787ba9','Roasted Strawberry and Tahini Buttermilk Shake',2,'Roasted_Strawberry_and_Tahini_Buttermilk_Shake_1653946210800.jpg','','','','https://www.bonappetit.com/recipe/roasted-strawberry-and-tahini-buttermilk-shake',1,'2022-05-30 22:30:10.827040','Using bruised berries, that last little bit of buttermilk in the container, and a scoop of tahini will make you feel both resourceful and well fed.'),('09ed5f45-5bb0-4d0d-8057-fc164271233c','Peanutty Ice Cream Pie',8,'Peanutty_Ice_Cream_Pie_1655659930366.jpg','','25 mins ','1 day 40 mins ','https://www.allrecipes.com/recipe/12303/peanutty-ice-cream-pie/',1,'2022-06-19 18:32:10.388909','Softened vanilla ice cream is mixed with coconut and chopped peanuts and spread into a chopped peanut crust, then frozen until firm for a rich and creamy dessert pie. Top with M&Ms&reg;, sprinkles, toasted coconut, or chocolate shavings before serving.'),('39f9256e-6092-4c56-a4eb-934ef2125f07','Traditional Mexican Guacamole',4,'Traditional_Mexican_Guacamole_1654466902807.jpg','','10 mins ','10 mins ','https://www.allrecipes.com/recipe/221286/traditional-mexican-guacamole/',1,'2022-06-05 23:08:22.813746','This guacamole uses the traditional ingredients of avocado, lemon juice, cilantro, and onion. Spice it up with jalapeno pepper if you like!'),('458f9b70-b1c3-4c1f-b4b6-343ed3d4a6d7','Honey Glazed Ham',18,'Honey_Glazed_Ham_1655660109394.jpg','1 hr','10 mins','1 hr 10 mins','https://julieblanner.com/honey-glazed-ham/',1,'2022-06-19 18:35:09.424735','This Honey Glazed Ham will be the star of your table! A holiday favorite, wow your guests with this sweet and savory Easy Honey Ham Recipe.'),('59a7e595-d0b8-4e67-9d62-87209a1ab37b','Honey Glazed Ham',18,'Honey_Glazed_Ham_1654466517638.jpg','1 hr','10 mins','1 hr 10 mins','https://julieblanner.com/honey-glazed-ham-old/',1,'2022-06-05 23:01:57.648032','This Honey Glazed Ham will be the star of your table! A holiday favorite, wow your guests with this sweet and savory Easy Honey Ham Recipe.'),('6be4228a-6480-4110-8653-982ceb7f2865','Caprese Salad with Grilled Flank Steak',4,'Caprese_Salad_with_Grilled_Flank_Steak_1655746268366.jpg','10 mins ','20 mins ','35 mins ','https://www.allrecipes.com/recipe/232209/caprese-salad-with-grilled-flank-steak/',1,'2022-06-20 18:31:08.375895','Grilled, marinated flank steak tops a Caprese salad for delicious main course meal that\'s perfect for summer.'),('7782efc9-c625-49d9-84be-c634e27660d1','Roasted Strawberry and Tahini Buttermilk Shake',2,'Roasted_Strawberry_and_Tahini_Buttermilk_Shake_1653778375820.jpg','','','','https://www.bonappetit.com/recipe/roasted-strawberry-and-tahini-buttermilk-shake-old-old',0,'2022-05-28 23:52:55.830040','Using bruised berries, that last little bit of buttermilk in the container, and a scoop of tahini will make you feel both resourceful and well fed.'),('f49aca18-7c3a-4eb9-850e-5295ecc69a93','Roasted Strawberry and Tahini Buttermilk Shake',2,'Roasted_Strawberry_and_Tahini_Buttermilk_Shake_1653704451180.jpg','','','','https://www.bonappetit.com/recipe/roasted-strawberry-and-tahini-buttermilk-shake-old',0,'2022-05-28 03:20:51.190167','Using bruised berries, that last little bit of buttermilk in the container, and a scoop of tahini will make you feel both resourceful and well fed.');
/*!40000 ALTER TABLE `recipes` ENABLE KEYS */;
UNLOCK TABLES;

--
-- Table structure for table `recipes_categories`
--

DROP TABLE IF EXISTS `recipes_categories`;
/*!40101 SET @saved_cs_client     = @@character_set_client */;
/*!50503 SET character_set_client = utf8mb4 */;
CREATE TABLE `recipes_categories` (
  `id` varchar(36) NOT NULL,
  `name` varchar(255) NOT NULL,
  `icon` varchar(255) DEFAULT NULL,
  `active` tinyint NOT NULL DEFAULT '1',
  `index` int NOT NULL DEFAULT '0',
  PRIMARY KEY (`id`)
) ENGINE=InnoDB DEFAULT CHARSET=utf8mb4 COLLATE=utf8mb4_0900_ai_ci;
/*!40101 SET character_set_client = @saved_cs_client */;

--
-- Dumping data for table `recipes_categories`
--

LOCK TABLES `recipes_categories` WRITE;
/*!40000 ALTER TABLE `recipes_categories` DISABLE KEYS */;
INSERT INTO `recipes_categories` VALUES ('113805d8-1768-476c-bad5-2b95e29feaa2','Quick','⏲',1,0),('220a1ce1-b4d7-4913-9da6-2138f8319d19','Salads','🥗',1,0),('263dd76e-9f1d-49fc-9401-f240a0d829ee','Lunch','🥙',1,0),('690f601f-8cb5-4b7b-93e8-f0bea5c00d40','Student','📔',1,0),('69f572fc-595d-493c-99b4-741c3ddf8d52','Cheap Healthy','🪙',1,0),('6fa572a1-fac3-402a-b935-95461745af50','Dinner','🥘',1,0),('8298af62-582c-4df9-a1a7-02f0fa9294b9','Breakfast','🍳',1,0),('900fc610-e6a8-422a-a897-4afe3016af0d','Baking','🥮',1,0),('a26d5a64-ec8c-4eb3-afb7-31a9adea3713','Soups','🍲',1,0),('a6f27bb8-0351-4807-9fb6-2d518014230a','Drinks','🥤',1,2),('c131c0f0-2f21-48cf-a36e-98a64e0bc84a','Easy','🍃',1,0),('e6af96f4-25c4-4780-b2c0-82e6e4ce116c','Pasta','🍝',1,0),('f6b74d09-99c8-42dc-a980-ed4532178168','Drinks','🥤',1,0);
/*!40000 ALTER TABLE `recipes_categories` ENABLE KEYS */;
UNLOCK TABLES;

--
-- Table structure for table `recipes_categories_recipes_categories`
--

DROP TABLE IF EXISTS `recipes_categories_recipes_categories`;
/*!40101 SET @saved_cs_client     = @@character_set_client */;
/*!50503 SET character_set_client = utf8mb4 */;
CREATE TABLE `recipes_categories_recipes_categories` (
  `recipesId` varchar(36) NOT NULL,
  `recipesCategoriesId` varchar(36) NOT NULL,
  PRIMARY KEY (`recipesId`,`recipesCategoriesId`),
  KEY `IDX_31c4451385cd72cb24a859759c` (`recipesId`),
  KEY `IDX_745485893309492dd13113b0f0` (`recipesCategoriesId`),
  CONSTRAINT `FK_31c4451385cd72cb24a859759c0` FOREIGN KEY (`recipesId`) REFERENCES `recipes` (`id`) ON DELETE CASCADE,
  CONSTRAINT `FK_745485893309492dd13113b0f0e` FOREIGN KEY (`recipesCategoriesId`) REFERENCES `recipes_categories` (`id`) ON DELETE CASCADE
) ENGINE=InnoDB DEFAULT CHARSET=utf8mb4 COLLATE=utf8mb4_0900_ai_ci;
/*!40101 SET character_set_client = @saved_cs_client */;

--
-- Dumping data for table `recipes_categories_recipes_categories`
--

LOCK TABLES `recipes_categories_recipes_categories` WRITE;
/*!40000 ALTER TABLE `recipes_categories_recipes_categories` DISABLE KEYS */;
INSERT INTO `recipes_categories_recipes_categories` VALUES ('017b9644-3cb9-4388-8359-2c356c787ba9','a6f27bb8-0351-4807-9fb6-2d518014230a'),('09ed5f45-5bb0-4d0d-8057-fc164271233c','900fc610-e6a8-422a-a897-4afe3016af0d'),('39f9256e-6092-4c56-a4eb-934ef2125f07','263dd76e-9f1d-49fc-9401-f240a0d829ee'),('458f9b70-b1c3-4c1f-b4b6-343ed3d4a6d7','113805d8-1768-476c-bad5-2b95e29feaa2'),('59a7e595-d0b8-4e67-9d62-87209a1ab37b','113805d8-1768-476c-bad5-2b95e29feaa2'),('6be4228a-6480-4110-8653-982ceb7f2865','113805d8-1768-476c-bad5-2b95e29feaa2'),('7782efc9-c625-49d9-84be-c634e27660d1','a6f27bb8-0351-4807-9fb6-2d518014230a'),('f49aca18-7c3a-4eb9-850e-5295ecc69a93','a6f27bb8-0351-4807-9fb6-2d518014230a');
/*!40000 ALTER TABLE `recipes_categories_recipes_categories` ENABLE KEYS */;
UNLOCK TABLES;

--
-- Table structure for table `record`
--

DROP TABLE IF EXISTS `record`;
/*!40101 SET @saved_cs_client     = @@character_set_client */;
/*!50503 SET character_set_client = utf8mb4 */;
CREATE TABLE `record` (
  `id` varchar(36) NOT NULL,
  `time` datetime NOT NULL,
  `value` int NOT NULL,
  `categoryId` int DEFAULT NULL,
  `userId` varchar(36) DEFAULT NULL,
  `date` datetime NOT NULL,
  `created_at` datetime(6) NOT NULL DEFAULT CURRENT_TIMESTAMP(6),
  PRIMARY KEY (`id`),
  KEY `FK_73168a64f6e1844723c2b180cee` (`categoryId`),
  KEY `FK_8675cd3761984947c2506f39a25` (`userId`),
  CONSTRAINT `FK_73168a64f6e1844723c2b180cee` FOREIGN KEY (`categoryId`) REFERENCES `record_category` (`id`) ON DELETE CASCADE ON UPDATE CASCADE,
  CONSTRAINT `FK_8675cd3761984947c2506f39a25` FOREIGN KEY (`userId`) REFERENCES `users` (`id`) ON DELETE CASCADE ON UPDATE CASCADE
) ENGINE=InnoDB DEFAULT CHARSET=utf8mb4 COLLATE=utf8mb4_0900_ai_ci;
/*!40101 SET character_set_client = @saved_cs_client */;

--
-- Dumping data for table `record`
--

LOCK TABLES `record` WRITE;
/*!40000 ALTER TABLE `record` DISABLE KEYS */;
INSERT INTO `record` VALUES ('0edd6275-ab10-431f-bb6c-85c93fc2fcd0','2022-03-06 03:09:17',200,6,'5b6683dc-4f86-4247-8ac1-22a1910d5a9e','2022-03-06 03:09:17','2022-03-07 15:56:12.756581'),('265fb0a9-13f4-459f-9ee2-41566ee5680c','2022-03-04 17:30:33',200,6,'81ab7e31-26ee-4e37-af14-7fea556bc1e5','2022-03-04 17:30:33','2022-03-07 15:56:12.756581'),('683895a6-9381-4976-b2b5-720fd5812394','2022-03-09 16:07:00',200,6,'788d0c7c-d4d5-4f04-a9c9-0099c658a3ba','2022-03-09 16:51:19','2022-03-09 17:41:49.031332'),('8be518f5-7cd0-479f-a73b-22dfc23260bf','2022-02-26 18:44:35',90,8,NULL,'2022-02-26 18:44:35','2022-03-07 15:56:12.756581'),('b93ed5c6-c7c8-4eaf-84dd-c27236eb8391','2022-04-03 00:57:06',666666,6,'8f667396-4b9b-4ab5-9683-041170bbdfc6','2022-04-03 00:57:06','2022-04-03 01:01:01.505228');
/*!40000 ALTER TABLE `record` ENABLE KEYS */;
UNLOCK TABLES;

--
-- Table structure for table `record_category`
--

DROP TABLE IF EXISTS `record_category`;
/*!40101 SET @saved_cs_client     = @@character_set_client */;
/*!50503 SET character_set_client = utf8mb4 */;
CREATE TABLE `record_category` (
  `id` int NOT NULL AUTO_INCREMENT,
  `name` varchar(255) NOT NULL,
  `icon` varchar(255) DEFAULT NULL,
  `unit` varchar(255) NOT NULL,
  PRIMARY KEY (`id`)
) ENGINE=InnoDB AUTO_INCREMENT=11 DEFAULT CHARSET=utf8mb4 COLLATE=utf8mb4_0900_ai_ci;
/*!40101 SET character_set_client = @saved_cs_client */;

--
-- Dumping data for table `record_category`
--

LOCK TABLES `record_category` WRITE;
/*!40000 ALTER TABLE `record_category` DISABLE KEYS */;
INSERT INTO `record_category` VALUES (6,'Crabs','🥗','g'),(7,'Fast Insulin','💉','unit'),(8,'BS','🩸','mg/dl'),(9,'Correction','💉','unit'),(10,'Basal Insulin','💉','unit');
/*!40000 ALTER TABLE `record_category` ENABLE KEYS */;
UNLOCK TABLES;

--
-- Table structure for table `reset_password`
--

DROP TABLE IF EXISTS `reset_password`;
/*!40101 SET @saved_cs_client     = @@character_set_client */;
/*!50503 SET character_set_client = utf8mb4 */;
CREATE TABLE `reset_password` (
  `id` varchar(36) NOT NULL,
  `expired` tinyint NOT NULL DEFAULT '0',
  `created_at` datetime(6) NOT NULL DEFAULT CURRENT_TIMESTAMP(6),
  `userId` varchar(36) DEFAULT NULL,
  PRIMARY KEY (`id`),
  KEY `FK_6315a559e0b7920bdbdf142e306` (`userId`),
  CONSTRAINT `FK_6315a559e0b7920bdbdf142e306` FOREIGN KEY (`userId`) REFERENCES `users` (`id`) ON DELETE CASCADE ON UPDATE CASCADE
) ENGINE=InnoDB DEFAULT CHARSET=utf8mb4 COLLATE=utf8mb4_0900_ai_ci;
/*!40101 SET character_set_client = @saved_cs_client */;

--
-- Dumping data for table `reset_password`
--

LOCK TABLES `reset_password` WRITE;
/*!40000 ALTER TABLE `reset_password` DISABLE KEYS */;
INSERT INTO `reset_password` VALUES ('1c9a1dbc-9518-429a-8b15-4c97117e9818',0,'2022-06-03 22:40:06.096508','5b6683dc-4f86-4247-8ac1-22a1910d5a9e'),('363d3598-f379-442b-9506-fea5ee189e46',1,'2022-06-18 22:48:37.137043','5b6683dc-4f86-4247-8ac1-22a1910d5a9e'),('47a3fa8a-fa0f-4646-b3d3-095e3bb6f882',0,'2022-06-03 21:41:11.712803','5b6683dc-4f86-4247-8ac1-22a1910d5a9e'),('7cb500fa-4405-4d6c-9954-8780b4f9d40f',0,'2022-06-18 22:45:48.734586','5b6683dc-4f86-4247-8ac1-22a1910d5a9e'),('9623d910-6653-484c-a543-2ffd115f4858',0,'2022-06-04 19:10:09.331813','5b6683dc-4f86-4247-8ac1-22a1910d5a9e'),('a4236540-fa92-4c28-bfdc-3bf2250a2b2a',0,'2022-06-03 22:42:15.269065','5b6683dc-4f86-4247-8ac1-22a1910d5a9e'),('ab6a9e73-a244-403c-8318-c6cd50518b51',1,'2022-06-03 22:44:12.130694','5b6683dc-4f86-4247-8ac1-22a1910d5a9e'),('ac8d05b4-ee5b-4de1-ad10-8a12d3a86087',0,'2022-06-03 22:42:15.082871','5b6683dc-4f86-4247-8ac1-22a1910d5a9e'),('b3eec267-f1c7-4ec8-9092-bf8f8db42af0',0,'2022-06-03 21:41:19.850454','5b6683dc-4f86-4247-8ac1-22a1910d5a9e'),('b422e24a-7043-44ca-a7a0-38910af85a4c',0,'2022-06-04 18:14:19.134524','5b6683dc-4f86-4247-8ac1-22a1910d5a9e'),('bbcbe0b3-6ca3-4947-901c-e409491d354d',0,'2022-06-03 22:42:14.243761','5b6683dc-4f86-4247-8ac1-22a1910d5a9e'),('cdc1526d-0449-4f50-94e8-79cd74ca4787',0,'2022-06-03 22:42:14.881444','5b6683dc-4f86-4247-8ac1-22a1910d5a9e'),('d6fe6adc-1547-4e28-97fc-7da44ba0274a',1,'2022-06-04 19:52:21.964544','5b6683dc-4f86-4247-8ac1-22a1910d5a9e');
/*!40000 ALTER TABLE `reset_password` ENABLE KEYS */;
UNLOCK TABLES;

--
-- Table structure for table `special_condition`
--

DROP TABLE IF EXISTS `special_condition`;
/*!40101 SET @saved_cs_client     = @@character_set_client */;
/*!50503 SET character_set_client = utf8mb4 */;
CREATE TABLE `special_condition` (
  `id` varchar(36) NOT NULL,
  `name` varchar(255) NOT NULL,
  PRIMARY KEY (`id`)
) ENGINE=InnoDB DEFAULT CHARSET=utf8mb4 COLLATE=utf8mb4_0900_ai_ci;
/*!40101 SET character_set_client = @saved_cs_client */;

--
-- Dumping data for table `special_condition`
--

LOCK TABLES `special_condition` WRITE;
/*!40000 ALTER TABLE `special_condition` DISABLE KEYS */;
INSERT INTO `special_condition` VALUES ('4df57d96-ef11-4e80-99e7-b517946a231b','Other'),('60d04aa6-9be6-4c6e-ba70-35fbf9d95dd9','Type 1 Diabetes'),('ce700b20-d851-4d84-92b5-3d038a414a0f','Celiac Disease'),('de4aef75-852c-4411-bcb0-01cac2b783d3','Allergies and Intolerances'),('f969929a-7f07-4d8c-8947-8feb079861c6','Thyroid');
/*!40000 ALTER TABLE `special_condition` ENABLE KEYS */;
UNLOCK TABLES;

--
-- Table structure for table `translated`
--

DROP TABLE IF EXISTS `translated`;
/*!40101 SET @saved_cs_client     = @@character_set_client */;
/*!50503 SET character_set_client = utf8mb4 */;
CREATE TABLE `translated` (
  `id` varchar(36) NOT NULL,
  `txt` text NOT NULL,
  `lang` varchar(255) NOT NULL,
  `pointer` varchar(255) NOT NULL,
  `created_at` datetime(6) NOT NULL DEFAULT CURRENT_TIMESTAMP(6),
  `type` varchar(255) NOT NULL,
  PRIMARY KEY (`id`)
) ENGINE=InnoDB DEFAULT CHARSET=utf8mb4 COLLATE=utf8mb4_0900_ai_ci;
/*!40101 SET character_set_client = @saved_cs_client */;

--
-- Dumping data for table `translated`
--

LOCK TABLES `translated` WRITE;
/*!40000 ALTER TABLE `translated` DISABLE KEYS */;
INSERT INTO `translated` VALUES ('057ab85b-6b50-4500-b679-d7407cd3da94','moyen','fr','57bfbfee-d991-44d2-8372-7ab855800616','2022-06-20 18:31:09.041808','INGREDIENT_UNIT'),('067b8818-9b8b-462e-8930-614b6610a87b','وضع شريحة لحم في كيس كبير قابل للتصفير؛ إضافة ثوم مغلف، وزيت الزيتون، والملح، والفلفلفل. أبيع الحقيبة ووزع خليط النفط على شريحة اللحم','ar','3bc6a756-75f5-40cd-87d7-7ea46b7221b5','2022-06-20 18:32:04.782818','INSTRUCTION'),('076e07bf-3e7b-4809-8253-3d7bf2b8961b','كوب','ar','0bc47377-0791-429d-b29f-9d6cec2143d5','2022-06-20 18:31:18.805063','INGREDIENT_UNIT'),('08dd8fba-ec29-4417-b3a3-bcd3a0d979e8','sel et poivre noir de terre au goût','fr','2653b57f-6f16-456d-ac33-64bac25bf151','2022-06-20 18:31:43.045869','INGREDIENT_TXT'),('0961a049-cdb6-407b-acca-f209ee2cc9b4','Precalentar una parrilla al aire libre para fuego medio-alto y aceite ligeramente el rallador.','es','3a5a45cd-f359-4cff-9dd3-78ad73dd2c99','2022-06-20 18:32:02.058287','INSTRUCTION'),('0bbf9338-2227-44aa-ad58-b57b63166e8b','Mélanger les tomates, la mozzarella, le basilic, 1 gousse d\'ail haché, et 1 cuillère à soupe d\'huile d\'olive dans un bol; jeter à bloquer. Couvrir le bol et réfrigérer.','fr','14bddc95-353c-4a27-811b-bd41dfc8b353','2022-06-20 18:31:56.309342','INSTRUCTION'),('10a5341a-1ebd-4b86-a01d-bbbb37c1bcc7','طماطم مكس، موزاريلا، باسل، ثوم مغلف، وزيت زيتون من الطاولات في وعاء؛ ورمي المعاطف. غطّي الطبق و الثلاجة','ar','14bddc95-353c-4a27-811b-bd41dfc8b353','2022-06-20 18:31:57.500638','INSTRUCTION'),('1795f40b-a9aa-4fb5-b31e-d2ca51ea9931','خليط خس الزبدة (6.5 أونصة)','ar','9ef5c844-4261-43fa-949a-06fb594fe3a4','2022-06-20 18:31:48.626082','INGREDIENT_TXT'),('19fc3a83-ab82-4c56-a3f8-e3e07a6862ee','bola mozzarella fresca, cortado en cubos de 1 pulgada (4 onza)','es','c5615a24-0fe0-487f-8832-6f9670ac5488','2022-06-20 18:31:17.667413','INGREDIENT_TXT'),('20cfeb23-6a29-4eca-a3a2-187171ea8bb4','الملح والفلفل الأسود الأرضي','ar','2653b57f-6f16-456d-ac33-64bac25bf151','2022-06-20 18:31:44.124332','INGREDIENT_TXT'),('22a31769-10f1-41c9-8685-880f9d57edf8','bag','fr','9ef5c844-4261-43fa-949a-06fb594fe3a4','2022-06-20 18:31:45.951584','INGREDIENT_UNIT'),('23c88c31-0e04-4713-84bd-8075a11acc92','coágulo','es','49266cfe-c37d-4ec5-a1f5-f0245c355b82','2022-06-20 18:31:24.628782','INGREDIENT_UNIT'),('26197a1e-9579-4d11-a615-fc6acf771efd','livre','fr','edbfcc9b-7eea-4368-b782-7a7e3a404f33','2022-06-20 18:31:37.338593','INGREDIENT_UNIT'),('273884ed-6c88-42fd-be93-04732d9aae4e','libra','es','edbfcc9b-7eea-4368-b782-7a7e3a404f33','2022-06-20 18:31:39.607632','INGREDIENT_UNIT'),('276a0d2c-df59-412c-a7b8-65348fc871e8','Mezcla tomates, mozzarella, albahaca, 1 ajo picado, y 1 cucharada de aceite de oliva en un tazón; tómese al abrigo. Cubrir el tazón y refrigerar.','es','14bddc95-353c-4a27-811b-bd41dfc8b353','2022-06-20 18:31:58.812302','INSTRUCTION'),('2ace438d-63c1-4049-b3cb-81d588c31c43','خسّ في أربعة أطباق خدمة. تدرز 1 1/2 من بسكويت الشاي كل من الفينغر والزيتون في كل جزء من الخس شريحة لحم و طماطم بين السلطة','ar','a91587b9-07fb-49eb-8916-95d16f7f7946','2022-06-20 18:32:13.472207','INSTRUCTION'),('395e06d2-ff7e-4a3c-9a61-d36fdcf8bfec','الحقيبة','ar','9ef5c844-4261-43fa-949a-06fb594fe3a4','2022-06-20 18:31:46.618893','INGREDIENT_UNIT'),('42fbee24-2100-4f44-9975-e2241be94757','Tablepoon','ar','783ecad9-ecef-487e-a7c3-09b9e4469d92','2022-06-20 18:31:50.676019','INGREDIENT_UNIT'),('4591f3e0-5704-4b86-92fb-4f7d895e0b2a','عندما يكون الحزن مسخّنًا، يطهو شرائح اللحم إلى درجة عملك المنشودة، حوالي 5 دقائق للجانب المتوسط. وينبغي أن يكون مقياس الحرارة الجاهزة في المركز هو 140 درجة ف (60 درجة مئوية). لنقف لـ 5 دقائق قبل أن نقطع الحبة','ar','ceda20a1-f346-498f-b9a5-24be1ab644ed','2022-06-20 18:32:09.381164','INSTRUCTION'),('4c190cdb-e8b8-4575-a0dc-dc4c6f6e6e77','cuillère à soupe','fr','0b857e85-08d0-4c97-a90e-ea74c54bf46e','2022-06-20 18:31:29.895044','INGREDIENT_UNIT'),('4df01c6f-2b51-4d02-a50f-4cca59aaeed8','مقطعة بشكل متزامن','ar','0bc47377-0791-429d-b29f-9d6cec2143d5','2022-06-20 18:31:21.779373','INGREDIENT_TXT'),('52a466ca-c1f1-41f0-af5f-65da2155c8b1','Lorsque le grill est préchauffé, faites cuire le steak à votre degré de cuisson désiré, environ 5 minutes par côté pour le moyen. Un thermomètre à lecture instantané inséré dans le centre doit lire 140 degrés F (60 degrés C.) Laisser reposer 5 minutes avant de couper finement le grain.','fr','ceda20a1-f346-498f-b9a5-24be1ab644ed','2022-06-20 18:32:07.860740','INSTRUCTION'),('566c7951-78dd-473b-8f0f-ddf40f0dce08','Placer le steak dans un grand sac refermable; ajouter 1 gousse d\'ail haché, 1 cuillère à soupe d\'huile d\'olive, de sel et de poivre. Scellez le sac et distribuez le mélange d\'huile sur le steak.','fr','3bc6a756-75f5-40cd-87d7-7ea46b7221b5','2022-06-20 18:32:03.544107','INSTRUCTION'),('5a512c4d-ed40-4b9b-832a-8c1eead2fb9c','vinagre balsámico, o para probar','es','783ecad9-ecef-487e-a7c3-09b9e4469d92','2022-06-20 18:31:54.756188','INGREDIENT_TXT'),('5e2cb44d-91a0-4c14-bcb7-07557804aae4','mozzarella frais, coupé en cubes de 1 pouce (4 once)','fr','c5615a24-0fe0-487f-8832-6f9670ac5488','2022-06-20 18:31:15.584078','INGREDIENT_TXT'),('6125facb-f825-45fa-9432-5ce0c80bf4cd','tomates, dictées','fr','57bfbfee-d991-44d2-8372-7ab855800616','2022-06-20 18:31:13.240688','INGREDIENT_TXT'),('63751074-a6e4-44b0-b473-60e468bd3d32','متوسطة','ar','57bfbfee-d991-44d2-8372-7ab855800616','2022-06-20 18:31:10.600199','INGREDIENT_UNIT'),('65aaa197-d028-4978-a83e-e548a08cf693','عباءة','ar','49266cfe-c37d-4ec5-a1f5-f0245c355b82','2022-06-20 18:31:23.803950','INGREDIENT_UNIT'),('692c4777-e53a-4d4d-a1fe-4839e28cb0af','mezcla de lechuga de mantequilla (6,5 onzas)','es','9ef5c844-4261-43fa-949a-06fb594fe3a4','2022-06-20 18:31:49.397116','INGREDIENT_TXT'),('6f757318-365d-42db-9528-b84a02d828cb','موزاريلا طازجة، تقطع إلى مكعبات من 1 بوصة (4 أونصة)','ar','c5615a24-0fe0-487f-8832-6f9670ac5488','2022-06-20 18:31:16.850096','INGREDIENT_TXT'),('71e36915-5fbf-407b-bc09-aac1de51a56d','Préchauffer une grille extérieure pour chauffer à feu moyen-élevé et huiler légèrement la grille.','fr','3a5a45cd-f359-4cff-9dd3-78ad73dd2c99','2022-06-20 18:32:00.029840','INSTRUCTION'),('73ef937c-8f95-43a1-9bcd-97a533541836','Cuando la parrilla se precalienta, cocine el filete a su grado deseado de dureza, aproximadamente 5 minutos por lado para el medio. Un termómetro de lectura instantánea insertado en el centro debe leer 140 grados F (60 grados C.) Deja reposar 5 minutos antes de cortar el grano.','es','ceda20a1-f346-498f-b9a5-24be1ab644ed','2022-06-20 18:32:10.728765','INSTRUCTION'),('77b78d70-2744-4068-8058-0b3b5ed3a7ef','ajo, picado, dividido','es','49266cfe-c37d-4ec5-a1f5-f0245c355b82','2022-06-20 18:31:28.914270','INGREDIENT_TXT'),('78234932-cfde-4e70-be05-bc629b2ab2e4','Colocar el filete en una gran bolsa resealable; añadir 1 coágulo ajo picado, 1 cucharada de aceite de oliva, sal y pimienta. Sellar la bolsa y distribuir la mezcla de aceite sobre el bistec.','es','3bc6a756-75f5-40cd-87d7-7ea46b7221b5','2022-06-20 18:32:06.371355','INSTRUCTION'),('7ea2fde6-8fd9-4859-8cc9-cd504f151ac0','steak de flanco','es','edbfcc9b-7eea-4368-b782-7a7e3a404f33','2022-06-20 18:31:41.999636','INGREDIENT_TXT'),('80baad03-098c-4111-a906-a540032e1253','Clove','fr','49266cfe-c37d-4ec5-a1f5-f0245c355b82','2022-06-20 18:31:23.198687','INGREDIENT_UNIT'),('87564ad5-9cd2-42b7-afda-5787a56fbd53','sal y pimienta negra molida al gusto','es','2653b57f-6f16-456d-ac33-64bac25bf151','2022-06-20 18:31:45.106865','INGREDIENT_TXT'),('8da9a207-350f-4f05-89e9-9481990bdc59','aceite de oliva, dividido','es','0b857e85-08d0-4c97-a90e-ea74c54bf46e','2022-06-20 18:31:35.778224','INGREDIENT_TXT'),('9698f641-f217-459d-bdb8-e91eefafaade','رطل','ar','edbfcc9b-7eea-4368-b782-7a7e3a404f33','2022-06-20 18:31:38.330424','INGREDIENT_UNIT'),('988bab99-7463-4ff4-9c7e-bc0fd528f2a4','Tablepoon','ar','0b857e85-08d0-4c97-a90e-ea74c54bf46e','2022-06-20 18:31:31.192304','INGREDIENT_UNIT'),('a2b9a738-51cf-4c68-9dcb-303f2de1a28a','أو طعمه','ar','783ecad9-ecef-487e-a7c3-09b9e4469d92','2022-06-20 18:31:53.948793','INGREDIENT_TXT'),('a491f9d0-1082-4004-b92f-cb8adad4569f','cuillère à soupe','fr','783ecad9-ecef-487e-a7c3-09b9e4469d92','2022-06-20 18:31:50.070269','INGREDIENT_UNIT'),('a963e31a-cc3e-4a2b-8d29-c7fa7e0a8855','طماطم، مقطوعة','ar','57bfbfee-d991-44d2-8372-7ab855800616','2022-06-20 18:31:13.939223','INGREDIENT_TXT'),('afa21427-1bcc-47e0-b6bf-57ccf1997582','taza','es','0bc47377-0791-429d-b29f-9d6cec2143d5','2022-06-20 18:31:20.028356','INGREDIENT_UNIT'),('c5c96a55-dbd7-42c8-b306-53e4cff06152','Mélange de laitue de beurre (6.5 once)','fr','9ef5c844-4261-43fa-949a-06fb594fe3a4','2022-06-20 18:31:47.869162','INGREDIENT_TXT'),('c96b206b-db6d-4dbd-be3d-2a7cdb25a4f4','tasse','fr','0bc47377-0791-429d-b29f-9d6cec2143d5','2022-06-20 18:31:18.241183','INGREDIENT_UNIT'),('d2ba1543-3cd3-4914-a86a-55bb1d4daca9','Divide lechuga en 4 platos de servicio. Boquilla 1 1 1/2 cucharaditas cada vinagre balsámico y aceite de oliva en cada porción de lechuga. Divide la mezcla de filete y tomate uniformemente entre las ensaladas.','es','a91587b9-07fb-49eb-8916-95d16f7f7946','2022-06-20 18:32:14.644795','INSTRUCTION'),('d688dd7b-ec63-4ca6-bcc5-8208b9fff191','médium mediano','es','57bfbfee-d991-44d2-8372-7ab855800616','2022-06-20 18:31:11.180439','INGREDIENT_UNIT'),('dc6d3dd2-1799-491b-991b-cf9c30b34d20','ail, haché, divisé','fr','49266cfe-c37d-4ec5-a1f5-f0245c355b82','2022-06-20 18:31:25.300295','INGREDIENT_TXT'),('dd33c891-e2ea-4606-92b4-5bcddabd275a','قم بتسخين حزن في الهواء الطلق للحرارة المتوسطة المرتفعة و زيت خفيف','ar','3a5a45cd-f359-4cff-9dd3-78ad73dd2c99','2022-06-20 18:32:00.981845','INSTRUCTION'),('ddd98cbc-74c8-49b3-9dbd-4e2cecf23047','huile d\'olive, divisée','fr','0b857e85-08d0-4c97-a90e-ea74c54bf46e','2022-06-20 18:31:34.237452','INGREDIENT_TXT'),('df41a135-d15b-4f4e-8f10-2e02e49c7268','cucharada','es','783ecad9-ecef-487e-a7c3-09b9e4469d92','2022-06-20 18:31:51.274071','INGREDIENT_UNIT'),('e33a4790-0c57-4210-8e71-37906e52cf51','زيت الزيتون، مقسم','ar','0b857e85-08d0-4c97-a90e-ea74c54bf46e','2022-06-20 18:31:35.162623','INGREDIENT_TXT'),('e47e31f6-bc8c-493e-8c14-059cf8a00bcb','tomates, dados','es','57bfbfee-d991-44d2-8372-7ab855800616','2022-06-20 18:31:14.629337','INGREDIENT_TXT'),('e84b5e0e-21a5-4c33-a8b7-b7400c38dbb0','ثوم، مخفف، مقسم','ar','49266cfe-c37d-4ec5-a1f5-f0245c355b82','2022-06-20 18:31:28.051042','INGREDIENT_TXT'),('ea35162f-3d55-4ea7-b9e3-c2ff5f68fdc0','bolsa','es','9ef5c844-4261-43fa-949a-06fb594fe3a4','2022-06-20 18:31:47.153644','INGREDIENT_UNIT'),('edeed2a5-7556-4954-9cb0-c4bd15a64d19','cucharada','es','0b857e85-08d0-4c97-a90e-ea74c54bf46e','2022-06-20 18:31:33.100767','INGREDIENT_UNIT'),('edfdd05d-5328-46ab-bd50-b1018d05a70b','basilic frais grossièrement haché','fr','0bc47377-0791-429d-b29f-9d6cec2143d5','2022-06-20 18:31:20.887981','INGREDIENT_TXT'),('eefcfdef-f07b-4333-ad89-a69b6d50656f','Divisez la laitue sur 4 assiettes. Mélanger 1 1/2 cuillères à thé chaque vinaigre balsamique et huile d\'olive sur chaque portion de laitue. Divisez le mélange de steak et de tomates uniformément entre les salades.','fr','a91587b9-07fb-49eb-8916-95d16f7f7946','2022-06-20 18:32:11.951733','INSTRUCTION'),('f10987f5-1de4-4d9c-9438-d11c10687611','شرائح اللحم النكهة','ar','edbfcc9b-7eea-4368-b782-7a7e3a404f33','2022-06-20 18:31:40.939106','INGREDIENT_TXT'),('f2c80a97-0d27-4d94-9bc5-c7ca2d0c3578','steak','fr','edbfcc9b-7eea-4368-b782-7a7e3a404f33','2022-06-20 18:31:40.359296','INGREDIENT_TXT'),('fb726dea-a5ab-415f-9b79-6d4909081511','fregadero picado','es','0bc47377-0791-429d-b29f-9d6cec2143d5','2022-06-20 18:31:22.586154','INGREDIENT_TXT'),('fc547cae-e7a2-477a-a1e6-d3855811facd','vinaigre balsamique, ou goûter','fr','783ecad9-ecef-487e-a7c3-09b9e4469d92','2022-06-20 18:31:51.992850','INGREDIENT_TXT');
/*!40000 ALTER TABLE `translated` ENABLE KEYS */;
UNLOCK TABLES;

--
-- Table structure for table `user_information`
--

DROP TABLE IF EXISTS `user_information`;
/*!40101 SET @saved_cs_client     = @@character_set_client */;
/*!50503 SET character_set_client = utf8mb4 */;
CREATE TABLE `user_information` (
  `id` varchar(36) NOT NULL,
  `weight` int NOT NULL,
  `height` int NOT NULL,
  `gender` varchar(255) NOT NULL,
  `bmi` int NOT NULL,
  `birth` datetime NOT NULL,
  PRIMARY KEY (`id`)
) ENGINE=InnoDB DEFAULT CHARSET=utf8mb4 COLLATE=utf8mb4_0900_ai_ci;
/*!40101 SET character_set_client = @saved_cs_client */;

--
-- Dumping data for table `user_information`
--

LOCK TABLES `user_information` WRITE;
/*!40000 ALTER TABLE `user_information` DISABLE KEYS */;
/*!40000 ALTER TABLE `user_information` ENABLE KEYS */;
UNLOCK TABLES;

--
-- Table structure for table `users`
--

DROP TABLE IF EXISTS `users`;
/*!40101 SET @saved_cs_client     = @@character_set_client */;
/*!50503 SET character_set_client = utf8mb4 */;
CREATE TABLE `users` (
  `id` varchar(36) NOT NULL,
  `name` varchar(255) NOT NULL,
  `email` varchar(255) NOT NULL,
  `username` varchar(255) NOT NULL,
  `password` varchar(255) NOT NULL,
  `created_at` datetime(6) NOT NULL DEFAULT CURRENT_TIMESTAMP(6),
  `version` int NOT NULL DEFAULT '1',
  `weight` int NOT NULL,
  `height` int NOT NULL,
  `gender` varchar(255) NOT NULL,
  `bmi` int NOT NULL,
  `birth` datetime NOT NULL,
  `banned` tinyint NOT NULL DEFAULT '0',
  PRIMARY KEY (`id`),
  UNIQUE KEY `IDX_97672ac88f789774dd47f7c8be` (`email`),
  UNIQUE KEY `IDX_fe0bb3f6520ee0469504521e71` (`username`)
) ENGINE=InnoDB DEFAULT CHARSET=utf8mb4 COLLATE=utf8mb4_0900_ai_ci;
/*!40101 SET character_set_client = @saved_cs_client */;

--
-- Dumping data for table `users`
--

LOCK TABLES `users` WRITE;
/*!40000 ALTER TABLE `users` DISABLE KEYS */;
INSERT INTO `users` VALUES ('0bfcc70f-d371-4809-abaa-c8c6972c4295','nas','nas@gmail.com','NAS','$2b$05$F5U5gIWT5nYiMd3EO6UDAOsQWDHJEVrrY5Iww3nDlGmEANMiyd5na','2022-06-14 18:42:36.456660',1,60,170,'MALE',1583,'2000-04-09 00:00:00',0),('111e3b0a-0d82-49c5-80d1-f0f486bdc677','awk','awk@awk.com','AWK','$2b$05$w/OI.QlaKv5GdlXZCOLV8OxTBOf5z2Unfxd9puAaXd8ZpDdvflWSe','2022-04-09 01:04:07.437885',1,120,190,'MALE',2482,'2000-04-09 00:00:00',0),('2141d86c-e35d-4ccc-9e9e-53ae671e66af','test1 tester','tester1@test.com','TEST1','$2b$05$1dn6kKN4olCKUE6as1iWqOhx1BOfLjYaGV29wOpF4whtZnjSHkZhq','2022-05-16 23:26:18.723589',1,60,180,'MALE',1631,'2000-04-09 00:00:00',0),('5b6683dc-4f86-4247-8ac1-22a1910d5a9e','Brahim','berkassebrahim@gmail.com','avocado','$2b$05$zTB/SwFzwR7TOncA1.KYR.T20bDFf8nPR/f7qHMvfREIRtNUI1T4y','2022-02-28 23:55:10.378789',4,65,177,'MALE',1703,'2000-04-09 00:00:00',0),('788d0c7c-d4d5-4f04-a9c9-0099c658a3ba','User test','testuser@gmail.com','user','$2b$05$3QnaxCY0otZDwvEMJXqmvuX/BJMyKnewf1w0FoxcxoIN1I/9ivIA6','2022-03-09 16:37:44.237514',1,70,180,'MALE',1770,'2000-04-09 00:00:00',0),('81ab7e31-26ee-4e37-af14-7fea556bc1e5','Ayoub','ayoub@gmail.com','ayoub','$2b$05$QZ1ogAOwDbu1bSIkCglmrenvsJaEUUmQ6D/DmcSvKD/d0NDQYKa9q','2022-03-01 22:18:38.912078',1,75,184,'MALE',1856,'2000-04-09 00:00:00',0),('8f667396-4b9b-4ab5-9683-041170bbdfc6','a','a','a','$2b$05$YBw93ih93eSDYS5fDC1kTeXWGeHsVKbfO0WV3U/.1VvT0hLnE6y12','2022-04-03 00:43:05.955686',1,50,100,'MALE',1118,'2000-04-10 00:00:00',0),('b29a4375-bd98-49a8-91f2-4fdd98238cca','PLAY','play@play.com','PLAY','$2b$05$Hntv3x2za8F.9iT2u9OPQeMQ7dBdq3oqwSU34iaYp038ho0.9u5ki','2022-05-14 17:13:53.019650',1,60,180,'MALE',1631,'2000-04-09 00:00:00',0),('d5896690-0773-4257-834a-2254a7b9eccf','logic','logic@gmail.com','LOGIC','$2b$05$YAPPktnBxTA83moihcw8w.kD5pPiS9wvO97O.NYxjrcK3h2iR4rA2','2022-06-18 19:23:17.433193',1,70,174,'MALE',1669,'2000-04-09 00:00:00',0),('da7e9afc-8dfb-42bb-b977-c677bd0d7f8e','test2','test2@test.com','TEST2','$2b$05$kiWJUhzUxMO3Yi1ftGnSC.eQBb.Ib1q0Ar227WThyiKo1E7KGhKeC','2022-05-17 17:36:59.050009',1,60,180,'MALE',1631,'2000-04-08 23:00:00',0),('e3f2d409-686d-455f-9a2d-05d45613c0af','Brahim Berkasse','ber@gmail.com','avocados','$2b$05$zG.Y9/WMqwAqM.kWrZToieEA.AhiEgKSveRxAGuICzbvs0dsuYDb2','2022-03-01 16:33:08.528924',1,70,183,'MALE',1785,'2000-04-09 00:00:00',0);
/*!40000 ALTER TABLE `users` ENABLE KEYS */;
UNLOCK TABLES;

--
-- Table structure for table `users_specialconditions_special_condition`
--

DROP TABLE IF EXISTS `users_specialconditions_special_condition`;
/*!40101 SET @saved_cs_client     = @@character_set_client */;
/*!50503 SET character_set_client = utf8mb4 */;
CREATE TABLE `users_specialconditions_special_condition` (
  `usersId` varchar(36) NOT NULL,
  `specialConditionId` varchar(36) NOT NULL,
  PRIMARY KEY (`usersId`,`specialConditionId`),
  KEY `IDX_3405a0e9ca7efda67eccb80534` (`usersId`),
  KEY `IDX_f8970fa0f6e3df1a523fab63a8` (`specialConditionId`),
  CONSTRAINT `FK_3405a0e9ca7efda67eccb805341` FOREIGN KEY (`usersId`) REFERENCES `users` (`id`) ON DELETE CASCADE,
  CONSTRAINT `FK_f8970fa0f6e3df1a523fab63a8a` FOREIGN KEY (`specialConditionId`) REFERENCES `special_condition` (`id`) ON DELETE CASCADE
) ENGINE=InnoDB DEFAULT CHARSET=utf8mb4 COLLATE=utf8mb4_0900_ai_ci;
/*!40101 SET character_set_client = @saved_cs_client */;

--
-- Dumping data for table `users_specialconditions_special_condition`
--

LOCK TABLES `users_specialconditions_special_condition` WRITE;
/*!40000 ALTER TABLE `users_specialconditions_special_condition` DISABLE KEYS */;
INSERT INTO `users_specialconditions_special_condition` VALUES ('5b6683dc-4f86-4247-8ac1-22a1910d5a9e','60d04aa6-9be6-4c6e-ba70-35fbf9d95dd9'),('5b6683dc-4f86-4247-8ac1-22a1910d5a9e','f969929a-7f07-4d8c-8947-8feb079861c6'),('788d0c7c-d4d5-4f04-a9c9-0099c658a3ba','60d04aa6-9be6-4c6e-ba70-35fbf9d95dd9'),('788d0c7c-d4d5-4f04-a9c9-0099c658a3ba','de4aef75-852c-4411-bcb0-01cac2b783d3'),('788d0c7c-d4d5-4f04-a9c9-0099c658a3ba','f969929a-7f07-4d8c-8947-8feb079861c6'),('81ab7e31-26ee-4e37-af14-7fea556bc1e5','4df57d96-ef11-4e80-99e7-b517946a231b'),('8f667396-4b9b-4ab5-9683-041170bbdfc6','4df57d96-ef11-4e80-99e7-b517946a231b'),('e3f2d409-686d-455f-9a2d-05d45613c0af','60d04aa6-9be6-4c6e-ba70-35fbf9d95dd9'),('e3f2d409-686d-455f-9a2d-05d45613c0af','f969929a-7f07-4d8c-8947-8feb079861c6');
/*!40000 ALTER TABLE `users_specialconditions_special_condition` ENABLE KEYS */;
UNLOCK TABLES;
/*!40103 SET TIME_ZONE=@OLD_TIME_ZONE */;

/*!40101 SET SQL_MODE=@OLD_SQL_MODE */;
/*!40014 SET FOREIGN_KEY_CHECKS=@OLD_FOREIGN_KEY_CHECKS */;
/*!40014 SET UNIQUE_CHECKS=@OLD_UNIQUE_CHECKS */;
/*!40101 SET CHARACTER_SET_CLIENT=@OLD_CHARACTER_SET_CLIENT */;
/*!40101 SET CHARACTER_SET_RESULTS=@OLD_CHARACTER_SET_RESULTS */;
/*!40101 SET COLLATION_CONNECTION=@OLD_COLLATION_CONNECTION */;
/*!40111 SET SQL_NOTES=@OLD_SQL_NOTES */;

-- Dump completed on 2022-06-24  3:24:11
