-- MySQL dump 10.13  Distrib 8.0.23, for Linux (x86_64)
--
-- Host: localhost    Database: opencc
-- ------------------------------------------------------
-- Server version	8.0.23

/*!40101 SET @OLD_CHARACTER_SET_CLIENT=@@CHARACTER_SET_CLIENT */;
/*!40101 SET @OLD_CHARACTER_SET_RESULTS=@@CHARACTER_SET_RESULTS */;
/*!40101 SET @OLD_COLLATION_CONNECTION=@@COLLATION_CONNECTION */;
/*!50503 SET NAMES utf8mb4 */;
/*!40103 SET @OLD_TIME_ZONE=@@TIME_ZONE */;
/*!40103 SET TIME_ZONE='+00:00' */;
/*!40014 SET @OLD_UNIQUE_CHECKS=@@UNIQUE_CHECKS, UNIQUE_CHECKS=0 */;
/*!40014 SET @OLD_FOREIGN_KEY_CHECKS=@@FOREIGN_KEY_CHECKS, FOREIGN_KEY_CHECKS=0 */;
/*!40101 SET @OLD_SQL_MODE=@@SQL_MODE, SQL_MODE='NO_AUTO_VALUE_ON_ZERO' */;
/*!40111 SET @OLD_SQL_NOTES=@@SQL_NOTES, SQL_NOTES=0 */;

--
-- Table structure for table `activities`
--

DROP TABLE IF EXISTS `activities`;
/*!40101 SET @saved_cs_client     = @@character_set_client */;
/*!50503 SET character_set_client = utf8mb4 */;
CREATE TABLE `activities` (
  `id` varchar(36) NOT NULL,
  `feedback` varchar(255) DEFAULT NULL,
  `calories` int DEFAULT NULL,
  `categoryId` varchar(36) DEFAULT NULL,
  `userId` varchar(36) DEFAULT NULL,
  `duration` varchar(255) NOT NULL,
  `created_at` datetime(6) NOT NULL DEFAULT CURRENT_TIMESTAMP(6),
  PRIMARY KEY (`id`),
  KEY `FK_da47c633d8bb7ee8ca9009788d4` (`categoryId`),
  KEY `FK_5a2cfe6f705df945b20c1b22c71` (`userId`),
  CONSTRAINT `FK_5a2cfe6f705df945b20c1b22c71` FOREIGN KEY (`userId`) REFERENCES `users` (`id`) ON DELETE CASCADE ON UPDATE CASCADE,
  CONSTRAINT `FK_da47c633d8bb7ee8ca9009788d4` FOREIGN KEY (`categoryId`) REFERENCES `activity_categories` (`id`) ON DELETE CASCADE ON UPDATE CASCADE
) ENGINE=InnoDB DEFAULT CHARSET=utf8mb4 COLLATE=utf8mb4_0900_ai_ci;
/*!40101 SET character_set_client = @saved_cs_client */;

--
-- Dumping data for table `activities`
--

LOCK TABLES `activities` WRITE;
/*!40000 ALTER TABLE `activities` DISABLE KEYS */;
INSERT INTO `activities` VALUES ('045ffe7e-4058-4ca5-a1ae-72910e193e5d','Low',0,'83a7f55a-110f-4077-89be-133e4d2cb9ff','5b6683dc-4f86-4247-8ac1-22a1910d5a9e','0:0:6','2022-03-07 17:04:16.257913'),('07b1543d-5b01-4bdd-8683-a13a9306e946','Low',0,'83a7f55a-110f-4077-89be-133e4d2cb9ff','5b6683dc-4f86-4247-8ac1-22a1910d5a9e','0:0:6','2022-03-07 17:00:23.129305'),('07f1d482-7cff-40f6-80cc-8cd10de22d7d','Normal',0,'83a7f55a-110f-4077-89be-133e4d2cb9ff','5b6683dc-4f86-4247-8ac1-22a1910d5a9e','0:0:18','2022-03-07 16:50:14.871978'),('0aadd506-1e82-4924-b0cf-54c1174ef268','Low',0,'83a7f55a-110f-4077-89be-133e4d2cb9ff','5b6683dc-4f86-4247-8ac1-22a1910d5a9e','0:0:6','2022-03-07 17:01:57.440014'),('0fc04659-05f1-4168-be43-6da29b9dedb3','Normal',0,'83a7f55a-110f-4077-89be-133e4d2cb9ff','5b6683dc-4f86-4247-8ac1-22a1910d5a9e','0:0:18','2022-03-07 16:14:42.609619'),('24119063-be18-4e4a-948a-01f43b3fa938','Normal',0,'83a7f55a-110f-4077-89be-133e4d2cb9ff','5b6683dc-4f86-4247-8ac1-22a1910d5a9e','0:0:18','2022-03-07 16:17:54.329005'),('241b39b6-bd6f-4e55-8029-52f891903cb4','Intense',651,'83a7f55a-110f-4077-89be-133e4d2cb9ff','5b6683dc-4f86-4247-8ac1-22a1910d5a9e','0:0:2','2022-03-30 19:01:32.094223'),('2f4467c7-286f-4e02-8231-571112b0aef8','Normal',413,'83a7f55a-110f-4077-89be-133e4d2cb9ff','5b6683dc-4f86-4247-8ac1-22a1910d5a9e','0:0:7','2022-03-18 23:44:48.266386'),('3044d413-51bb-41e1-aa1a-ebbd217b7f80','Normal',0,'83a7f55a-110f-4077-89be-133e4d2cb9ff','5b6683dc-4f86-4247-8ac1-22a1910d5a9e','0:0:18','2022-03-07 16:14:42.567458'),('30fd7569-d176-41f8-8d2b-c253c1e5d7b5','Strong',0,'42ee7671-df10-4a7a-8144-5fa6ac185423','e99113a7-f9cc-4cd2-afff-52ce32900a65','0:0:23','2022-03-30 19:29:29.899918'),('31a9e474-67df-470e-8994-7f012a9dbe26','Intense',0,'83a7f55a-110f-4077-89be-133e4d2cb9ff','5b6683dc-4f86-4247-8ac1-22a1910d5a9e','0:0:15','2022-03-07 15:57:48.070041'),('37281df5-5d72-4302-bd76-97eabc145233','Low',0,'83a7f55a-110f-4077-89be-133e4d2cb9ff','5b6683dc-4f86-4247-8ac1-22a1910d5a9e','0:0:1','2022-03-07 16:55:52.904698'),('54b656dc-af37-4b8f-b2db-78d969800c42','Normal',58,'83a7f55a-110f-4077-89be-133e4d2cb9ff','5b6683dc-4f86-4247-8ac1-22a1910d5a9e','0:0:6','2022-03-18 23:43:29.844232'),('56c80eb8-c578-423c-ae38-170ae3bed824','Intense',0,'83a7f55a-110f-4077-89be-133e4d2cb9ff','5b6683dc-4f86-4247-8ac1-22a1910d5a9e','0:0:1','2022-03-07 17:09:24.542013'),('58ee9c6f-d61e-409f-b454-013e188e11ad','Normal',0,'83a7f55a-110f-4077-89be-133e4d2cb9ff','5b6683dc-4f86-4247-8ac1-22a1910d5a9e','0:0:18','2022-03-07 16:14:42.208711'),('62699b85-3746-4f2e-a213-877ee0588096','Low',0,'83a7f55a-110f-4077-89be-133e4d2cb9ff','5b6683dc-4f86-4247-8ac1-22a1910d5a9e','0:0:6','2022-03-07 17:02:12.553322'),('62b98a48-4706-41a5-a285-86719538a5fe','Intense',0,'83a7f55a-110f-4077-89be-133e4d2cb9ff','5b6683dc-4f86-4247-8ac1-22a1910d5a9e','0:0:1','2022-03-07 17:04:37.819277'),('74bb348e-8f69-4eab-b443-7ad869654328','Low',0,'83a7f55a-110f-4077-89be-133e4d2cb9ff','5b6683dc-4f86-4247-8ac1-22a1910d5a9e','0:0:1','2022-03-07 16:58:50.810449'),('831af193-4f63-451a-a07b-2702985edd7c','Normal',0,'83a7f55a-110f-4077-89be-133e4d2cb9ff','5b6683dc-4f86-4247-8ac1-22a1910d5a9e','0:0:18','2022-03-07 16:18:17.569566'),('86572cdc-0570-4737-9f1a-12d0d0e2dddf','Normal',0,'83a7f55a-110f-4077-89be-133e4d2cb9ff','5b6683dc-4f86-4247-8ac1-22a1910d5a9e','0:0:18','2022-03-07 16:12:55.155502'),('914d7e74-8174-4dc6-a290-8c79223d7006','Normal',0,'83a7f55a-110f-4077-89be-133e4d2cb9ff','5b6683dc-4f86-4247-8ac1-22a1910d5a9e','0:0:18','2022-03-07 16:18:00.427534'),('9362ffcb-0b7c-4ad8-968f-2b926f1d0c50','Normal',493,'83a7f55a-110f-4077-89be-133e4d2cb9ff','5b6683dc-4f86-4247-8ac1-22a1910d5a9e','0:0:1','2022-03-18 23:47:06.437915'),('94d3cdd6-ef85-441f-a1a6-384237fdcf93','Normal',0,'83a7f55a-110f-4077-89be-133e4d2cb9ff','5b6683dc-4f86-4247-8ac1-22a1910d5a9e','0:0:18','2022-03-07 16:17:44.358427'),('974df519-e613-4dff-8fc8-901b7c6e0ea6','Intense',0,'83a7f55a-110f-4077-89be-133e4d2cb9ff','5b6683dc-4f86-4247-8ac1-22a1910d5a9e','0:0:15','2022-03-07 15:57:48.070041'),('9da8000d-dd36-4626-b6dc-e444c42bedd1','Low',0,'83a7f55a-110f-4077-89be-133e4d2cb9ff','5b6683dc-4f86-4247-8ac1-22a1910d5a9e','0:0:1','2022-03-07 16:52:08.846546'),('c0f6a69a-0462-48d5-8335-3a628692ff7c','Intense',651,'83a7f55a-110f-4077-89be-133e4d2cb9ff','5b6683dc-4f86-4247-8ac1-22a1910d5a9e','0:0:4','2022-03-20 23:21:25.995482'),('c88725d6-56af-4cd3-a270-b25d12ed7e0e','Strong',304,'692b3266-b411-40e3-b144-e75d2005a92a','5b6683dc-4f86-4247-8ac1-22a1910d5a9e','1:40:02','2022-03-07 15:57:48.070041'),('cc121e6b-cbe1-4032-9288-26a27efe5fb8','Normal',0,'83a7f55a-110f-4077-89be-133e4d2cb9ff','5b6683dc-4f86-4247-8ac1-22a1910d5a9e','0:0:18','2022-03-07 16:14:41.631726'),('e94d7141-41f4-4126-8921-b3f566e0f9dd','Normal',0,'83a7f55a-110f-4077-89be-133e4d2cb9ff','5b6683dc-4f86-4247-8ac1-22a1910d5a9e','0:0:18','2022-03-07 16:15:39.486747'),('f1872359-7fe1-4f20-bf02-9ae15c5f8774','Low',0,'83a7f55a-110f-4077-89be-133e4d2cb9ff','5b6683dc-4f86-4247-8ac1-22a1910d5a9e','0:0:6','2022-03-07 17:01:05.131740'),('fbaceef2-3a43-4754-aaea-0777e47189dc','Low',0,'83a7f55a-110f-4077-89be-133e4d2cb9ff','5b6683dc-4f86-4247-8ac1-22a1910d5a9e','0:0:1','2022-03-07 16:55:29.617725');
/*!40000 ALTER TABLE `activities` ENABLE KEYS */;
UNLOCK TABLES;

--
-- Table structure for table `activity_calories`
--

DROP TABLE IF EXISTS `activity_calories`;
/*!40101 SET @saved_cs_client     = @@character_set_client */;
/*!50503 SET character_set_client = utf8mb4 */;
CREATE TABLE `activity_calories` (
  `id` int NOT NULL AUTO_INCREMENT,
  `name` varchar(255) NOT NULL,
  `zone` int NOT NULL,
  `val` int NOT NULL,
  `categoryId` varchar(36) DEFAULT NULL,
  PRIMARY KEY (`id`),
  KEY `FK_4d4a72381128425ecb71ed5a588` (`categoryId`),
  CONSTRAINT `FK_4d4a72381128425ecb71ed5a588` FOREIGN KEY (`categoryId`) REFERENCES `activity_categories` (`id`) ON DELETE CASCADE ON UPDATE CASCADE
) ENGINE=InnoDB AUTO_INCREMENT=33 DEFAULT CHARSET=utf8mb4 COLLATE=utf8mb4_0900_ai_ci;
/*!40101 SET character_set_client = @saved_cs_client */;

--
-- Dumping data for table `activity_calories`
--

LOCK TABLES `activity_calories` WRITE;
/*!40000 ALTER TABLE `activity_calories` DISABLE KEYS */;
INSERT INTO `activity_calories` VALUES (1,'Cycling, mountain bike, bmx',58,502,'0fd61a7d-6aa8-4698-ad36-380f2480f4d8'),(2,'Cycling, mountain bike, bmx',70,598,'0fd61a7d-6aa8-4698-ad36-380f2480f4d8'),(3,'Cycling, mountain bike, bmx',80,695,'0fd61a7d-6aa8-4698-ad36-380f2480f4d8'),(4,'Cycling, mountain bike, bmx',90,791,'0fd61a7d-6aa8-4698-ad36-380f2480f4d8'),(5,'Stretching, hatha yoga',58,236,'692b3266-b411-40e3-b144-e75d2005a92a'),(6,'Stretching, hatha yoga',70,281,'692b3266-b411-40e3-b144-e75d2005a92a'),(7,'Stretching, hatha yoga',80,327,'692b3266-b411-40e3-b144-e75d2005a92a'),(8,'Stretching, hatha yoga',90,372,'692b3266-b411-40e3-b144-e75d2005a92a'),(9,'Basketball game, competitive',58,472,'626cfed9-5b82-4a42-881e-e815177d64f4'),(10,'Basketball game, competitive',70,563,'626cfed9-5b82-4a42-881e-e815177d64f4'),(11,'Basketball game, competitive',80,654,'626cfed9-5b82-4a42-881e-e815177d64f4'),(12,'Basketball game, competitive',90,745,'626cfed9-5b82-4a42-881e-e815177d64f4'),(13,'Martial arts, judo, karate, jujitsu',58,590,'b865fe22-6cec-492d-9a97-9525479b6c42'),(14,'Martial arts, judo, karate, jujitsu',70,704,'b865fe22-6cec-492d-9a97-9525479b6c42'),(15,'Martial arts, judo, karate, jujitsu',80,817,'b865fe22-6cec-492d-9a97-9525479b6c42'),(16,'Martial arts, judo, karate, jujitsu',90,931,'b865fe22-6cec-492d-9a97-9525479b6c42'),(17,'Martial arts, kick boxing',58,590,'b8781470-696f-47af-bd11-c4fe742cfc72'),(18,'Martial arts, kick boxing',70,704,'b8781470-696f-47af-bd11-c4fe742cfc72'),(19,'Martial arts, kick boxing',80,817,'b8781470-696f-47af-bd11-c4fe742cfc72'),(20,'Martial arts, kick boxing',90,931,'b8781470-696f-47af-bd11-c4fe742cfc72'),(21,'Playing tennis',58,413,'83a7f55a-110f-4077-89be-133e4d2cb9ff'),(22,'Playing tennis',70,493,'83a7f55a-110f-4077-89be-133e4d2cb9ff'),(23,'Playing tennis',80,572,'83a7f55a-110f-4077-89be-133e4d2cb9ff'),(24,'Playing tennis',90,651,'83a7f55a-110f-4077-89be-133e4d2cb9ff'),(25,'Swimming synchronized',58,472,'d2ba1e5e-078a-45d1-ad54-415b4bbf838c'),(26,'Swimming synchronized',70,563,'d2ba1e5e-078a-45d1-ad54-415b4bbf838c'),(27,'Swimming synchronized',80,654,'d2ba1e5e-078a-45d1-ad54-415b4bbf838c'),(28,'Swimming synchronized',90,745,'d2ba1e5e-078a-45d1-ad54-415b4bbf838c'),(29,'Walk / run, playing with animals',58,236,'87b39370-83bd-4b86-aa67-845897370206'),(30,'Walk / run, playing with animals',70,281,'87b39370-83bd-4b86-aa67-845897370206'),(31,'Walk / run, playing with animals',80,327,'87b39370-83bd-4b86-aa67-845897370206'),(32,'Walk / run, playing with animals',90,372,'87b39370-83bd-4b86-aa67-845897370206');
/*!40000 ALTER TABLE `activity_calories` ENABLE KEYS */;
UNLOCK TABLES;

--
-- Table structure for table `activity_categories`
--

DROP TABLE IF EXISTS `activity_categories`;
/*!40101 SET @saved_cs_client     = @@character_set_client */;
/*!50503 SET character_set_client = utf8mb4 */;
CREATE TABLE `activity_categories` (
  `id` varchar(36) NOT NULL,
  `name` varchar(255) NOT NULL,
  `icon` varchar(255) DEFAULT NULL,
  PRIMARY KEY (`id`)
) ENGINE=InnoDB DEFAULT CHARSET=utf8mb4 COLLATE=utf8mb4_0900_ai_ci;
/*!40101 SET character_set_client = @saved_cs_client */;

--
-- Dumping data for table `activity_categories`
--

LOCK TABLES `activity_categories` WRITE;
/*!40000 ALTER TABLE `activity_categories` DISABLE KEYS */;
INSERT INTO `activity_categories` VALUES ('0fd61a7d-6aa8-4698-ad36-380f2480f4d8','Cycling','🚴‍♂️'),('42ee7671-df10-4a7a-8144-5fa6ac185423','Cardio','🏋️‍♀️'),('626cfed9-5b82-4a42-881e-e815177d64f4','BasketBall','🏀'),('692b3266-b411-40e3-b144-e75d2005a92a','Yoga','🧘‍♀️'),('83a7f55a-110f-4077-89be-133e4d2cb9ff','Tennis','🎾'),('87b39370-83bd-4b86-aa67-845897370206','Run','🏃‍♀️'),('b865fe22-6cec-492d-9a97-9525479b6c42','Judo','🥋'),('b8781470-696f-47af-bd11-c4fe742cfc72','Boxing','🥊'),('d2ba1e5e-078a-45d1-ad54-415b4bbf838c','Swimming','🏊‍♀️');
/*!40000 ALTER TABLE `activity_categories` ENABLE KEYS */;
UNLOCK TABLES;

--
-- Table structure for table `cooked_recipe`
--

DROP TABLE IF EXISTS `cooked_recipe`;
/*!40101 SET @saved_cs_client     = @@character_set_client */;
/*!50503 SET character_set_client = utf8mb4 */;
CREATE TABLE `cooked_recipe` (
  `id` varchar(36) NOT NULL,
  `recipeId` varchar(36) DEFAULT NULL,
  `userId` varchar(36) DEFAULT NULL,
  `created_at` datetime(6) NOT NULL DEFAULT CURRENT_TIMESTAMP(6),
  PRIMARY KEY (`id`),
  KEY `FK_17600d06fd7fc32c611fa975f29` (`recipeId`),
  KEY `FK_5af9ce17d58e46d8f42a750e7bd` (`userId`),
  CONSTRAINT `FK_17600d06fd7fc32c611fa975f29` FOREIGN KEY (`recipeId`) REFERENCES `recipes` (`id`) ON DELETE CASCADE ON UPDATE CASCADE,
  CONSTRAINT `FK_5af9ce17d58e46d8f42a750e7bd` FOREIGN KEY (`userId`) REFERENCES `users` (`id`) ON DELETE CASCADE ON UPDATE CASCADE
) ENGINE=InnoDB DEFAULT CHARSET=utf8mb4 COLLATE=utf8mb4_0900_ai_ci;
/*!40101 SET character_set_client = @saved_cs_client */;

--
-- Dumping data for table `cooked_recipe`
--

LOCK TABLES `cooked_recipe` WRITE;
/*!40000 ALTER TABLE `cooked_recipe` DISABLE KEYS */;
INSERT INTO `cooked_recipe` VALUES ('06ac9519-19dd-43b4-a985-9d48581db87f','3cd3f061-f3bc-4042-84c6-bb5f13722996','5b6683dc-4f86-4247-8ac1-22a1910d5a9e','2022-03-07 17:10:00.997617'),('0aec0527-2fcc-4349-989a-9568de6fd450','30386c99-cc37-49c8-8110-7eabf566410c','35909965-f8f6-406f-beec-432745018edf','2022-04-07 21:11:52.756774'),('24279bd5-85e8-4165-8d6b-cb23b4b1ae10','dd24945a-27fb-47d8-994f-7470d8aaf38a','f2720afa-4b05-4816-8a1d-91d897db2856','2022-04-05 00:00:00.000000'),('2a17c78a-c315-4e61-881b-c2230400308c','ce7c42d8-f557-42e1-8e53-d9925bcafd3b','788d0c7c-d4d5-4f04-a9c9-0099c658a3ba','2022-03-10 20:16:16.055116'),('2cb4f4b3-e6b7-401f-ad80-5dfe16925832','b4191208-a0a1-4ea3-a1ce-e6cdeca0af94',NULL,'2022-04-05 00:00:00.000000'),('383ea6dd-4572-40ff-aa97-dc33aaea43df','ce7c42d8-f557-42e1-8e53-d9925bcafd3b','5b6683dc-4f86-4247-8ac1-22a1910d5a9e','2022-03-07 15:58:28.669900'),('3938d7fa-90f4-42bc-94ce-fe91dc67122a','3cd3f061-f3bc-4042-84c6-bb5f13722996','788d0c7c-d4d5-4f04-a9c9-0099c658a3ba','2022-03-09 20:41:39.337068'),('42372387-e3be-48ef-b07c-65fa5cb99ec8','b4191208-a0a1-4ea3-a1ce-e6cdeca0af94','5b6683dc-4f86-4247-8ac1-22a1910d5a9e','2022-03-30 19:01:46.179612'),('4a244ebd-b7ea-4918-b287-8281e8855313','ce7c42d8-f557-42e1-8e53-d9925bcafd3b','5b6683dc-4f86-4247-8ac1-22a1910d5a9e','2022-03-07 15:58:28.669900'),('4b68b777-934b-4f7b-9e0d-f1b73c48b9f8','893397cd-a91f-4f09-a179-7376cef82601','5b6683dc-4f86-4247-8ac1-22a1910d5a9e','2022-04-06 00:00:00.000000'),('50051ca3-ec03-434c-baa8-3b222fa4e59e','85cb832a-a110-46ea-a7db-ccfcfbc883ab','5b6683dc-4f86-4247-8ac1-22a1910d5a9e','2022-04-07 00:00:00.000000'),('64ec930c-c3da-46db-9850-66a178f334c2','30386c99-cc37-49c8-8110-7eabf566410c','35909965-f8f6-406f-beec-432745018edf','2022-04-07 00:00:00.000000'),('65f06a1c-a0db-45fa-9cfb-de7e699784cb','6570af5a-e811-45b8-a533-c4f06438e1ff','5b6683dc-4f86-4247-8ac1-22a1910d5a9e','2022-03-20 23:20:22.193186'),('72b3142f-0788-4628-8d11-e8b1dee37711','6570af5a-e811-45b8-a533-c4f06438e1ff',NULL,'2022-04-03 22:09:25.411042'),('99f820e0-f3fd-416f-accf-a1bf06245391','3cd3f061-f3bc-4042-84c6-bb5f13722996','5b6683dc-4f86-4247-8ac1-22a1910d5a9e','2022-03-07 15:58:28.669900'),('9a53a086-61d2-435c-b863-5f755a59845e','b4191208-a0a1-4ea3-a1ce-e6cdeca0af94','e99113a7-f9cc-4cd2-afff-52ce32900a65','2022-03-30 19:27:37.533976'),('9bc1f756-acf9-4e6c-8fed-ae47b2ed0899','b4191208-a0a1-4ea3-a1ce-e6cdeca0af94','f2720afa-4b05-4816-8a1d-91d897db2856','2022-04-05 20:21:50.465453'),('9ef2db64-7f29-401f-90be-905ee27d7e98','ce7c42d8-f557-42e1-8e53-d9925bcafd3b','e99113a7-f9cc-4cd2-afff-52ce32900a65','2022-04-01 19:04:35.479469'),('ad2ed3b4-15c2-46bc-8520-04d3378f1e0c','dd24945a-27fb-47d8-994f-7470d8aaf38a',NULL,'2022-04-03 22:09:25.429466'),('b9fe4817-a3fb-4cb5-a9db-5f2ea9eaa78e','6570af5a-e811-45b8-a533-c4f06438e1ff',NULL,'2022-04-03 21:53:37.534427'),('be8d023f-6448-4703-88fa-88234ea0e8f1','fed3dedf-43b3-4de5-9433-6028e601bcf1','5b6683dc-4f86-4247-8ac1-22a1910d5a9e','2022-03-20 21:58:05.162962'),('d5c23a71-d37c-4dc5-abdb-03b49fe55908','fed3dedf-43b3-4de5-9433-6028e601bcf1',NULL,'2022-04-03 22:12:16.951888'),('e8fdd6e6-487a-4df7-b17c-500e13e6e3d8','dd24945a-27fb-47d8-994f-7470d8aaf38a',NULL,'2022-04-03 21:53:37.556131'),('ff37fe2f-e4a5-400d-ac06-3dae233101f3','fed3dedf-43b3-4de5-9433-6028e601bcf1','e99113a7-f9cc-4cd2-afff-52ce32900a65','2022-04-01 18:53:23.261714');
/*!40000 ALTER TABLE `cooked_recipe` ENABLE KEYS */;
UNLOCK TABLES;

--
-- Table structure for table `early_access_request`
--

DROP TABLE IF EXISTS `early_access_request`;
/*!40101 SET @saved_cs_client     = @@character_set_client */;
/*!50503 SET character_set_client = utf8mb4 */;
CREATE TABLE `early_access_request` (
  `id` varchar(36) NOT NULL,
  `userId` varchar(36) DEFAULT NULL,
  `service` varchar(255) NOT NULL,
  PRIMARY KEY (`id`),
  KEY `FK_b544ea999d1618dede3962a85c6` (`userId`),
  CONSTRAINT `FK_b544ea999d1618dede3962a85c6` FOREIGN KEY (`userId`) REFERENCES `users` (`id`) ON DELETE CASCADE ON UPDATE CASCADE
) ENGINE=InnoDB DEFAULT CHARSET=utf8mb4 COLLATE=utf8mb4_0900_ai_ci;
/*!40101 SET character_set_client = @saved_cs_client */;

--
-- Dumping data for table `early_access_request`
--

LOCK TABLES `early_access_request` WRITE;
/*!40000 ALTER TABLE `early_access_request` DISABLE KEYS */;
INSERT INTO `early_access_request` VALUES ('7bb345cd-cf4b-4f0d-a3ea-721c32b93860','0d5dcf88-a9ab-4aa5-9cd9-823db91cbc86','MENTAL_HEALTH'),('9cbcd2c3-25a0-42ec-a4cf-8f840d7d48a8','35909965-f8f6-406f-beec-432745018edf','MENTAL_HEALTH'),('d9062bb6-a7e3-4499-9182-1f0d2893d7d8','49894e3c-a4a6-4571-831b-4a78f9d1188c','MENTAL_HEALTH'),('dbec8fad-4423-4ca9-a3fa-4914876b5e65','5b6683dc-4f86-4247-8ac1-22a1910d5a9e','MENTAL_HEALTH');
/*!40000 ALTER TABLE `early_access_request` ENABLE KEYS */;
UNLOCK TABLES;

--
-- Table structure for table `ingredients`
--

DROP TABLE IF EXISTS `ingredients`;
/*!40101 SET @saved_cs_client     = @@character_set_client */;
/*!50503 SET character_set_client = utf8mb4 */;
CREATE TABLE `ingredients` (
  `id` varchar(36) NOT NULL,
  `raw` varchar(255) NOT NULL,
  `unit` varchar(255) DEFAULT NULL,
  `amount` int DEFAULT NULL,
  `ingredients` varchar(255) DEFAULT NULL,
  `created_at` datetime(6) NOT NULL DEFAULT CURRENT_TIMESTAMP(6),
  `recipeId` varchar(36) DEFAULT NULL,
  PRIMARY KEY (`id`),
  KEY `FK_f20a9542c7a02105fa40a08d95b` (`recipeId`),
  CONSTRAINT `FK_f20a9542c7a02105fa40a08d95b` FOREIGN KEY (`recipeId`) REFERENCES `recipes` (`id`) ON DELETE CASCADE ON UPDATE CASCADE
) ENGINE=InnoDB DEFAULT CHARSET=utf8mb4 COLLATE=utf8mb4_0900_ai_ci;
/*!40101 SET character_set_client = @saved_cs_client */;

--
-- Dumping data for table `ingredients`
--

LOCK TABLES `ingredients` WRITE;
/*!40000 ALTER TABLE `ingredients` DISABLE KEYS */;
INSERT INTO `ingredients` VALUES ('00498248-eeb5-42c6-b4c9-d19410ce4945','⅔ cup (84 g) all-purpose flour','cup',1,'(84 g) all-purpose flour','2022-04-06 02:19:07.143608','ba62229e-0ab7-4b07-b4e8-de3b7d876f3b'),('01619ae4-c9dc-46a5-bd37-50edc59762f1','2 tablespoons organic sugar, divided','tablespoons',2,'organic sugar, divided','2022-04-06 02:17:01.752320','30386c99-cc37-49c8-8110-7eabf566410c'),('019e0c9d-0643-431b-8869-075ea95b59a4','1 teaspoon horseradish','teaspoon',1,'horseradish','2022-03-06 02:44:19.119947','3cd3f061-f3bc-4042-84c6-bb5f13722996'),('01ca219c-421c-445e-bfaf-dfece605cf48','1 banana, preferably frozen','undefined',1,'banana, preferably frozen','2022-04-06 02:27:19.642717','97a5aba6-9d39-47da-b4a9-9e75d92d7e01'),('022dd861-b79a-4664-b46e-c2b8171e6640','1 tablespoon finely chopped tarragon','tablespoon',1,'finely chopped tarragon','2022-04-06 02:09:23.025029','dcfd256e-b215-4d56-9502-9fd095113a11'),('0231af34-1519-459e-a31e-a9fec721020e','¾ tsp. ground cumin','tsp.',1,'ground cumin','2022-04-06 02:24:54.914490','893397cd-a91f-4f09-a179-7376cef82601'),('03f98ac3-aa3b-49fa-815f-97b6d28420bd',' Vegetable oil (for grill)','undefined',NULL,NULL,'2022-04-06 02:16:10.493243','e89aaa1b-efd1-444b-a26d-76f2c8a70e12'),('053f322a-cc2b-4499-890c-e4be426d04d5',' Pinch of kosher salt','undefined',NULL,NULL,'2022-04-06 02:17:33.555345','6c629135-2f44-49dd-bb25-0141b773a34e'),('06daa389-7f2c-489e-9a26-e1bbeec9e318','¼ teaspoon ground cinnamon (Optional)','teaspoon',0,'ground cinnamon (Optional)','2022-03-20 22:14:34.274031','b4191208-a0a1-4ea3-a1ce-e6cdeca0af94'),('074f94c6-10aa-41eb-aff9-99b100f37e4e','2 carrots','undefined',2,' carrots','2022-03-06 00:56:49.847070','ce7c42d8-f557-42e1-8e53-d9925bcafd3b'),('092f2d46-9b6a-440e-a7d8-c680432106c7','1 pinch cayenne pepper','pinch',1,'cayenne pepper','2022-04-06 02:09:23.050166','dcfd256e-b215-4d56-9502-9fd095113a11'),('09af9347-9049-4851-be9a-9e89ab3ff405','6 Tbsp. unsalted butter','Tbsp.',6,'unsalted butter','2022-04-06 02:12:34.776145','dd51b859-f756-4e11-8be5-f6209bb068e8'),('0a162b2d-ad38-4f6b-9e78-90da7284fe17','¼ cup sliced pickled jalapeños','cup',0,'d pickled jalapeños','2022-04-06 02:22:09.743031','1d732269-5ba6-4e29-a127-da0a2b6fa54f'),('0ad7a244-a62f-485e-9d22-ed6068519587','13 cardamom pods, cracked','undefined',13,'cardamom pods, cracked','2022-04-06 02:14:48.651396','15b901f9-3232-4f6e-9664-a243c932fe32'),('0b6bb163-6ae3-4951-8fde-6d601f32811a','½ Freshly ground black pepper','undefined',1,'Freshly ground black pepper','2022-04-06 02:24:54.929908','893397cd-a91f-4f09-a179-7376cef82601'),('0bdd6144-617d-4814-8ea6-ae6af2c55645',' Tbsp. extra-virgin olive oil','undefined',NULL,NULL,'2022-04-06 02:24:54.969120','893397cd-a91f-4f09-a179-7376cef82601'),('0be6bc4b-0194-416b-9ce1-917260907b81','2 tablespoons mayonnaise','tablespoons',2,'mayonnaise','2022-04-06 02:12:59.110269','b6807a17-f27c-42aa-a722-930084f8b211'),('0cca8364-aef9-4219-845e-d60e8ad7cfcb','2 tsp. fresh lime juice, divided','tsp.',2,'fresh lime juice, divided','2022-04-06 02:21:53.972034','666a0b5b-90a1-427b-940e-9316d3b67ef8'),('0eb3344f-bc8d-4de3-a81c-be9c33ea6acc',' Flaky sea salt','undefined',NULL,NULL,'2022-04-06 02:25:28.540396','f852a4dc-e20b-4a41-acd6-789db0813143'),('0ff9c2b8-85ca-4311-941a-5b994c2a3ad6','1 Kosher salt','undefined',1,'Kosher salt','2022-04-06 02:24:54.981381','893397cd-a91f-4f09-a179-7376cef82601'),('11344631-15f1-42e4-87e7-2f2cc10837b7','1 Tablespoon capers','Tablespoon',1,'capers','2022-03-06 02:44:19.100452','3cd3f061-f3bc-4042-84c6-bb5f13722996'),('11ab5e62-fd90-4762-9400-69afe5fe3536','¾ cup (83 g) powdered sugar, sifted','cup',1,'(83 g) powdered sugar, sifted','2022-04-06 02:19:07.155988','ba62229e-0ab7-4b07-b4e8-de3b7d876f3b'),('1200f2a4-ff96-4f97-beb1-3b8b71bf70cd','¼ cup fresh lime juice','cup',0,'fresh lime juice','2022-04-06 02:22:34.145636','5bab4042-9684-4fae-ad3b-5f5de9350580'),('12b4ae78-7c91-4ca6-88c2-1772c1f747f7',' Kosher salt','undefined',NULL,NULL,'2022-04-06 02:13:12.199943','4ddb632f-e9f1-4eed-a3bc-dc0984887e63'),('14840017-4fd3-4c8c-bcb5-9fa3fc9b4f55','2 tbsp extra-virgin olive oil','tbsp',2,' extra-virgin olive oil','2022-03-06 00:56:49.859837','ce7c42d8-f557-42e1-8e53-d9925bcafd3b'),('14f0dc7b-7fa3-4cdd-9b30-717661810aea','1 tsp ground coriander seeds','tsp',1,' ground coriander seeds','2022-03-06 00:56:49.864968','ce7c42d8-f557-42e1-8e53-d9925bcafd3b'),('15692f21-84d7-4f8d-b2df-31c508bb29e8','2 cups panko or coarse dried breadcrumbs','cups',2,'panko or coarse dried breadcrumbs','2022-04-06 02:23:23.733144','85cb832a-a110-46ea-a7db-ccfcfbc883ab'),('175000df-f92f-4fab-b9c3-26f4c35048ad','1 ½ teaspoons brown sugar','undefined',1,' 1/2 teaspoons brown sugar','2022-04-06 02:09:05.953474','fcd030aa-35d1-4f31-95d6-f2bb0bd7c902'),('17a9807d-b21c-4a5a-8b21-e3a89fc1a893','2 large egg yolks','undefined',2,'large egg yolks','2022-04-06 02:18:41.044230','a3e3c39d-34f8-42b7-9727-3711233f1bce'),('180c63b9-c6f8-4873-8aa3-b004e63571c4','3 Tbsp. unsalted butter','Tbsp.',3,'unsalted butter','2022-04-06 02:25:08.874063','1ea1dea2-4aa0-4f76-9f5b-eb832e515554'),('18714b74-9689-4b3b-8e51-bba2e683a7c2','4 scallions (~1 cup), very thinly sliced with greens','undefined',4,'scallions (~1 cup), very thinly sliced with greens','2022-03-20 23:18:49.358315','6570af5a-e811-45b8-a533-c4f06438e1ff'),('19261f19-4d7e-4210-a807-b8037b6afb19','⅔ cup milk','cup',1,'milk','2022-03-20 22:14:34.257271','b4191208-a0a1-4ea3-a1ce-e6cdeca0af94'),('19780d3c-acf6-4759-b8ae-66f842a98131','1 tsp. freshly ground black pepper, plus more','tsp.',1,'freshly ground black pepper, plus more','2022-04-06 02:23:23.723404','85cb832a-a110-46ea-a7db-ccfcfbc883ab'),('1999c80c-718b-4798-841c-c5f938d1aef4','1 tablespoon unsalted butter, or more as needed','tablespoon',1,'unsalted butter, or more as needed','2022-03-20 22:14:34.282711','b4191208-a0a1-4ea3-a1ce-e6cdeca0af94'),('19b9f885-6fe0-46ad-9c09-0a403e084155','½ tsp black pepper','tsp',1,' black pepper','2022-03-06 00:56:49.881657','ce7c42d8-f557-42e1-8e53-d9925bcafd3b'),('1a356738-5bf5-4e32-9a3b-1d15a4c1299f','½ tsp. toasted sesame oil','tsp.',1,'toasted sesame oil','2022-04-06 02:21:38.536645','a3b6891b-fad3-4c7a-9240-cbd0cb2fb132'),('1a5cee08-e26f-4e8a-a8dd-cb88297b5f34',' Pinch of ground cardamom','undefined',NULL,NULL,'2022-04-06 02:27:19.686515','97a5aba6-9d39-47da-b4a9-9e75d92d7e01'),('1bb3bad1-5a85-446f-8133-3bf6082c37cf','1 cup cubed (1/4 inch) celery root, soaked briefly in cold water, drained well','cup',1,'cubed (1/4 inch) celery root, soaked briefly in cold water, drained well','2022-04-06 02:09:23.061201','dcfd256e-b215-4d56-9502-9fd095113a11'),('1c4fb857-55a2-4db7-ae7e-3dfe4fd4bf44','1 tablespoon unsalted butter','tablespoon',1,'unsalted butter','2022-04-06 02:12:59.150115','b6807a17-f27c-42aa-a722-930084f8b211'),('1dada348-859c-4548-b834-7810d00d31e8','4 thick slices rustic white bread, optional','undefined',4,'thick slices rustic white bread, optional','2022-04-06 02:25:08.918638','1ea1dea2-4aa0-4f76-9f5b-eb832e515554'),('1e5e3cd0-cd82-46ac-bc1f-a9957ba201c3','2 Medjool dates, pitted','undefined',2,'Medjool dates, pitted','2022-04-06 02:27:19.649974','97a5aba6-9d39-47da-b4a9-9e75d92d7e01'),('1e6097a3-2b09-46b5-bd02-928363614d2e','1/2 large apple, grated or thinly sliced','undefined',1,'large apple, grated or thinly sliced','2022-03-20 23:18:49.354841','6570af5a-e811-45b8-a533-c4f06438e1ff'),('1feb36e5-6812-4c72-9908-c0f7e797e459','1 pear, diced','undefined',1,'pear, diced','2022-04-06 02:09:05.967001','fcd030aa-35d1-4f31-95d6-f2bb0bd7c902'),('201875b2-8c27-4f02-91e4-8d5098a4593a','4 medium onions, chopped','undefined',4,'medium onions, chopped','2022-04-06 02:24:54.883736','893397cd-a91f-4f09-a179-7376cef82601'),('2083f166-53ae-4474-a71d-38a81b788e35','2¼ cups (281 g) all-purpose flour','cups',1,'(281 g) all-purpose flour','2022-04-06 02:18:29.881377','d1466bc9-050b-425e-ad8e-af0675f32354'),('20bef7c7-fc64-4d01-805c-de0625d5d81a','½ tsp. Aleppo-style pepper','tsp.',1,'Aleppo-style pepper','2022-04-06 02:24:54.987781','893397cd-a91f-4f09-a179-7376cef82601'),('21cf422f-99ea-479e-a8e1-ac7b0695360b','8 oz. bittersweet chocolate (70% cacao), chopped, divided','oz.',8,'bittersweet chocolate (70% cacao), chopped, divided','2022-04-06 02:18:29.946792','d1466bc9-050b-425e-ad8e-af0675f32354'),('23de8937-bd5e-4f71-8599-87b576a72ac0','4 Tetley British Blend or Orange Pekoe tea bags','undefined',4,'Tetley British Blend or Orange Pekoe tea bags','2022-04-06 02:14:48.641157','15b901f9-3232-4f6e-9664-a243c932fe32'),('2478c610-68ff-47c5-b860-e8999a50ef1f','2 onions','undefined',2,'onions','2022-04-06 02:25:08.861165','1ea1dea2-4aa0-4f76-9f5b-eb832e515554'),('25125090-25d1-44a1-a198-9baea189cb7f','cooking spray','undefined',NULL,NULL,'2022-04-03 00:48:58.058345','dd24945a-27fb-47d8-994f-7470d8aaf38a'),('256367eb-8ca6-488a-ad47-b514e68e86c4','2 large eggs','undefined',2,'large eggs','2022-04-06 02:18:29.909169','d1466bc9-050b-425e-ad8e-af0675f32354'),('25ba8aa7-42ed-4d11-9235-98532389518b','1¼ large eggs','undefined',0,'large eggs','2022-04-06 02:18:41.036326','a3e3c39d-34f8-42b7-9727-3711233f1bce'),('26d94324-d544-4543-8da1-b44c4c1152a6','½ tsp ground ginger','tsp',1,' ground ginger','2022-03-06 00:56:49.872810','ce7c42d8-f557-42e1-8e53-d9925bcafd3b'),('2948eb66-ee4d-4972-be4e-2a7e05a0f4aa',' Ciabatta or other crusty bread (for serving; optional)','undefined',NULL,NULL,'2022-04-06 02:23:23.769007','85cb832a-a110-46ea-a7db-ccfcfbc883ab'),('2a1d47f4-46f3-4821-960a-39cac5a3f7d6','1 small garlic clove','undefined',1,'small garlic clove','2022-03-06 02:44:19.115390','3cd3f061-f3bc-4042-84c6-bb5f13722996'),('2a338c68-7acb-4b54-aa1a-b149bf3a3fe7','¼ cup plain yogurt','cup',0,'plain yogurt','2022-04-06 02:09:05.947146','fcd030aa-35d1-4f31-95d6-f2bb0bd7c902'),('2a399c99-0a1f-4442-b3d6-b5ddffcefe94','½ cup all-purpose flour','cup',1,'all-purpose flour','2022-04-06 02:23:23.705687','85cb832a-a110-46ea-a7db-ccfcfbc883ab'),('2a5ae56d-d9c5-4e7f-a6a0-29d53ee86a91','2 mangoes, peeled, sliced','undefined',2,'mangoes, peeled, sliced','2022-04-06 02:22:34.182527','5bab4042-9684-4fae-ad3b-5f5de9350580'),('2b76ab62-5289-49fe-b7cb-5df30f6eb91e','salt to taste','undefined',NULL,NULL,'2022-03-20 22:14:34.277225','b4191208-a0a1-4ea3-a1ce-e6cdeca0af94'),('2c5ba5f2-8b3e-443f-b471-f46d4aaf8fab','½ teaspoon freshly ground black pepper','teaspoon',1,'freshly ground black pepper','2022-04-06 02:15:44.953513','f3248d19-b91e-46da-b3ab-8735aac7c391'),('2d201425-4f64-409b-bf89-7a29678e9591','¾ tsp. kosher salt','tsp.',1,'kosher salt','2022-04-06 02:27:10.788457','25c855c1-a417-4c89-8683-1485925a9870'),('2da4b5f6-6576-432c-9d2c-43d4bdce900f','¾ cup finely grated Parmesan, plus more for serving','cup',1,'finely grated Parmesan, plus more for serving','2022-04-06 02:13:12.211154','4ddb632f-e9f1-4eed-a3bc-dc0984887e63'),('2dd331bb-c037-4ccf-9352-45e8cb5b712e','100 g kale','g',100,' kale','2022-03-06 00:56:49.857797','ce7c42d8-f557-42e1-8e53-d9925bcafd3b'),('30314578-e101-40e8-8afb-5425f18e938f','1 cup finely shredded red cabbage','cup',1,'finely shredded red cabbage','2022-03-20 23:18:49.351511','6570af5a-e811-45b8-a533-c4f06438e1ff'),('32098110-9def-430b-a41d-625bc30154d4',' Sesame seeds (for serving)','undefined',NULL,NULL,'2022-04-06 02:21:54.042160','666a0b5b-90a1-427b-940e-9316d3b67ef8'),('322b0d7c-4608-4fd6-8f8f-b7deb998d2f1','1 tsp. Diamond Crystal or ½ tsp. Morton kosher salt, plus more','tsp.',1,'Diamond Crystal or 1/2 tsp. Morton kosher salt, plus more','2022-04-06 02:24:44.421780','fde67312-80de-43bd-8c1a-196393822bfc'),('3249fe17-2946-4131-84da-049181ee36b6','½ large shallot, chopped','undefined',1,'large shallot, chopped','2022-04-06 02:25:28.523844','f852a4dc-e20b-4a41-acd6-789db0813143'),('33213cb0-649f-4a54-8ab4-48f2af3d129c',' tablespoons olive oil','undefined',NULL,NULL,'2022-04-06 02:11:29.420749','f5762675-fe7e-4f23-83da-e8f379b8fef7'),('339483f1-c008-404b-9895-6e1881577584','¾ cup (150 g) granulated sugar','cup',1,'(150 g) granulated sugar','2022-04-06 02:18:29.931852','d1466bc9-050b-425e-ad8e-af0675f32354'),('3463cf57-0d17-43b8-ac6a-14f81c0082e6','3 cups whole milk','cups',3,'whole milk','2022-04-06 02:17:33.529579','6c629135-2f44-49dd-bb25-0141b773a34e'),('347a3926-d028-477c-b17e-c89e0ea54440','3 Tbsp. unseasoned rice vinegar','Tbsp.',3,'unseasoned rice vinegar','2022-04-06 02:21:38.507914','a3b6891b-fad3-4c7a-9240-cbd0cb2fb132'),('35bfea54-f9bd-429c-b700-b706b1c28b3a','1 tablespoon vegetable oil','tablespoon',1,'vegetable oil','2022-04-06 02:05:00.785371','1be483a2-eafd-4db8-bc19-f45b9efb8a3c'),('35e9f642-5af1-4747-a83b-ea9220776a6d','2 tablespoons Greek yogurt (or mayo)','tablespoons',2,'Greek yogurt (or mayo)','2022-03-13 23:39:14.263520','fed3dedf-43b3-4de5-9433-6028e601bcf1'),('35ed4b52-54c2-4036-b4a0-8b17b80a980f','2 tablespoons chopped walnuts','tablespoons',2,'chopped walnuts','2022-04-06 02:09:06.010180','fcd030aa-35d1-4f31-95d6-f2bb0bd7c902'),('35fcf0f0-368e-482f-973d-8ad37d500509','2 Tbsp. fresh lemon juice','Tbsp.',2,'fresh lemon juice','2022-04-06 02:18:41.061974','a3e3c39d-34f8-42b7-9727-3711233f1bce'),('392d24b7-b66b-4d91-ae60-1628f3e70044','3 Tbsp soy sauce','Tbsp',3,'soy sauce','2022-04-06 02:11:05.474152','e60e7c73-32ac-4170-916e-6a8a0733070c'),('39b30436-a391-4ab6-b1c6-7ea52fbc82c3','1 cup (1 stick) unsalted butter, melted, slightly cooled','cup',1,'(1 stick) unsalted butter, melted, slightly cooled','2022-04-06 02:18:40.986742','a3e3c39d-34f8-42b7-9727-3711233f1bce'),('39e1b3d5-ab1a-42a5-a468-52ac8ee24014','freshly ground black pepper to taste','undefined',NULL,NULL,'2022-04-06 02:04:37.587697','35a89094-78da-4931-96cc-d5cbf0f5d6fb'),('3a3a6bb1-ac61-45b7-b00e-cb1c98ac5212','½ cup extra-virgin olive oil','cup',1,'extra-virgin olive oil','2022-04-06 02:16:10.524013','e89aaa1b-efd1-444b-a26d-76f2c8a70e12'),('3a7b8797-6180-4540-abc8-611e2e85c594','½ tsp. freshly ground black pepper','tsp.',1,'freshly ground black pepper','2022-04-06 02:22:34.160521','5bab4042-9684-4fae-ad3b-5f5de9350580'),('3ae5dd0c-11e9-4d0c-bded-d547833363d3','¼ cup creme fraiche','cup',0,'creme fraiche','2022-04-06 02:09:23.015597','dcfd256e-b215-4d56-9502-9fd095113a11'),('3b62f66f-6fb4-4cd5-92dc-c91091ff5464','½ cup raisins','cup',1,'raisins','2022-04-06 02:09:05.995005','fcd030aa-35d1-4f31-95d6-f2bb0bd7c902'),('3b71d66d-5402-48b1-8a71-8bc820c7de0a','¼ teaspoon almond extract','teaspoon',0,'almond extract','2022-04-06 02:05:00.822806','1be483a2-eafd-4db8-bc19-f45b9efb8a3c'),('3d2d1cc9-14bd-485a-a981-612dd4e24736',' Thinly sliced chives, mild red pepper flakes (such as Urfa biber or Aleppo-style; optional), and toasted sesame seeds (for serving)','undefined',NULL,NULL,'2022-04-06 02:21:38.555259','a3b6891b-fad3-4c7a-9240-cbd0cb2fb132'),('3e822e8b-e726-4b7c-93e7-b6bbfc6642f7','½ teaspoon dijon mustard','teaspoon',1,'dijon mustard','2022-03-06 02:44:19.110930','3cd3f061-f3bc-4042-84c6-bb5f13722996'),('3fdc151f-6132-4680-9f40-56f1c4d4f335','1 kg sweet potatoes','kg',1,' sweet potatoes','2022-03-06 00:56:49.849324','ce7c42d8-f557-42e1-8e53-d9925bcafd3b'),('3ff92e70-c7fb-4820-9b45-2f17e3a985ed','400 g canned chopped tomatoes','g',400,' canned chopped tomatoes','2022-03-06 00:56:49.888756','ce7c42d8-f557-42e1-8e53-d9925bcafd3b'),('3ffc486e-28ed-480b-bd1a-cdd3f127ccf3','2 tablespoons white vinegar','tablespoons',2,'white vinegar','2022-04-03 00:48:57.954625','dd24945a-27fb-47d8-994f-7470d8aaf38a'),('402c485f-d6b5-4682-ae2d-058e1d84d292','1 Tbsp. unseasoned rice vinegar','Tbsp.',1,'unseasoned rice vinegar','2022-04-06 02:21:53.962536','666a0b5b-90a1-427b-940e-9316d3b67ef8'),('4069a399-745c-4d57-8b62-c7e191f6fb05','1 tsp turmeric','tsp',1,' turmeric','2022-03-06 00:56:49.870415','ce7c42d8-f557-42e1-8e53-d9925bcafd3b'),('41ce7384-67e1-429f-a391-6989a2f6dc40','1 yellow bell pepper','undefined',1,' yellow bell pepper','2022-03-06 00:56:49.851965','ce7c42d8-f557-42e1-8e53-d9925bcafd3b'),('4234072e-4387-4f30-93f8-479484c1a4fe','2½ cups coconut water','cups',1,'coconut water','2022-04-06 02:27:10.774362','25c855c1-a417-4c89-8683-1485925a9870'),('43017fc3-ab51-4e87-8935-c2002934085a','3 tablespoons crushed cinnamon sticks (preferably Ceylon)','tablespoons',3,'crushed cinnamon sticks (preferably Ceylon)','2022-04-06 02:17:33.537129','6c629135-2f44-49dd-bb25-0141b773a34e'),('4311f5a4-4a34-4181-b317-c9511176ce46','¼ tsp. vanilla extract','tsp.',0,'vanilla extract','2022-04-06 02:18:40.997730','a3e3c39d-34f8-42b7-9727-3711233f1bce'),('4393c339-df4b-4e63-b34d-622918655b89','¼ teaspoon kosher salt','teaspoon',0,'kosher salt','2022-04-06 02:17:01.740601','30386c99-cc37-49c8-8110-7eabf566410c'),('439c4a09-2fb4-415a-b574-5ab160a2bb71','1 Tbsp. Diamond Crystal or 1¾ tsp. Morton kosher salt','Tbsp.',1,'Diamond Crystal or 13/4 tsp. Morton kosher salt','2022-04-06 02:22:34.156348','5bab4042-9684-4fae-ad3b-5f5de9350580'),('43a2ad62-1ac5-48e2-8fca-63626827470d','2 Tbsp. drained pickled green peppercorns, plus more for serving','Tbsp.',2,'drained pickled green peppercorns, plus more for serving','2022-04-06 02:16:10.500576','e89aaa1b-efd1-444b-a26d-76f2c8a70e12'),('43a7d342-1fb8-46e3-a8db-ebe29e475b14','¾ tablespoons fresh lemon juice, plus more','tablespoons',1,'fresh lemon juice, plus more','2022-04-06 02:11:29.378122','f5762675-fe7e-4f23-83da-e8f379b8fef7'),('45515117-6bf8-4d81-adc7-ee519f86763c','½ cup (100 g) granulated sugar','cup',1,'(100 g) granulated sugar','2022-04-06 02:18:40.960260','a3e3c39d-34f8-42b7-9727-3711233f1bce'),('45a690f3-540d-49f1-a708-e9afa5b493d3','¼ cup olive oil','cup',0,'olive oil','2022-04-06 02:15:44.917516','f3248d19-b91e-46da-b3ab-8735aac7c391'),('4651bce5-3dc4-4844-ae24-24e7918cca4e','1 teaspoon sesame seeds','teaspoon',1,'sesame seeds','2022-04-06 02:04:37.596297','35a89094-78da-4931-96cc-d5cbf0f5d6fb'),('4748f857-645b-486e-882b-1bc0a006c9de','12 oz. spaghetti or other long pasta','oz.',12,'spaghetti or other long pasta','2022-04-06 02:12:34.755688','dd51b859-f756-4e11-8be5-f6209bb068e8'),('476269e9-0ea3-4a52-b33a-bfcb755c4c45','1–2 Tbsp. chickpea miso or yellow miso','undefined',1,'–2 Tbsp. chickpea miso or yellow miso','2022-04-06 02:24:44.451048','fde67312-80de-43bd-8c1a-196393822bfc'),('477320df-4c09-494e-9542-7adbbd58429b','2 cups chopped, cooked chicken meat','cups',2,'chopped, cooked chicken meat','2022-04-06 02:07:43.764801','fd273271-21a1-43b1-b0bb-4e8c22c19b21'),('4965eeae-896d-4cb8-8d3e-e85671f6f6fa','¾ Curd and assembly','undefined',1,'Curd and assembly','2022-04-06 02:18:41.003534','a3e3c39d-34f8-42b7-9727-3711233f1bce'),('49a8463c-3f08-429c-a955-01e6024a6d26','salt to taste','undefined',NULL,NULL,'2022-03-06 00:56:49.896971','ce7c42d8-f557-42e1-8e53-d9925bcafd3b'),('49f991bb-5df1-4836-9c7c-0ab4c840456e','6 thick slices bread','undefined',6,'thick slices bread','2022-03-20 22:14:34.280466','b4191208-a0a1-4ea3-a1ce-e6cdeca0af94'),('4a57acff-3c17-403b-888f-578092ae1f1b','¾ cup extra-virgin olive oil','cup',1,'extra-virgin olive oil','2022-04-06 02:15:22.625161','2e0c1573-6f3b-4c6b-90e4-5dff011b9673'),('4b74beb4-3584-456f-8156-7fac659c6b80','½ cup (packed) mint leaves','cup',1,'(packed) mint leaves','2022-04-06 02:16:10.517092','e89aaa1b-efd1-444b-a26d-76f2c8a70e12'),('4c9d185d-b64e-46c8-ad2a-6519516ef6ce','1 teaspoon finely chopped garlic','teaspoon',1,'finely chopped garlic','2022-04-06 02:04:37.574466','35a89094-78da-4931-96cc-d5cbf0f5d6fb'),('4fcb6cae-b0b0-4f40-8146-d62b454c6555','½ cup espresso','cup',1,'espresso','2022-04-06 02:17:33.561401','6c629135-2f44-49dd-bb25-0141b773a34e'),('50001314-4357-4948-a8cd-052acfe17eef','¼ cup extra-virgin olive oil','cup',0,'extra-virgin olive oil','2022-04-06 02:22:09.785287','1d732269-5ba6-4e29-a127-da0a2b6fa54f'),('50e17408-64d6-4d31-a11e-18f9cc0b4a20','2 large crisp, sweet apples, cut into 1/2-inch cubes','undefined',2,'large crisp, sweet apples, cut into 1/2-inch cubes','2022-04-06 02:09:23.055885','dcfd256e-b215-4d56-9502-9fd095113a11'),('50e55fe1-7fc9-4ca3-9a9c-d8fba5f33c59','2 Tbsp. finely chopped cilantro','Tbsp.',2,'finely chopped cilantro','2022-04-06 02:22:34.171317','5bab4042-9684-4fae-ad3b-5f5de9350580'),('52341511-b77d-4334-a106-2be0463ebe72','10 oz. spring greens salad mix or other mixed greens','oz.',10,'spring greens salad mix or other mixed greens','2022-04-06 02:23:23.738531','85cb832a-a110-46ea-a7db-ccfcfbc883ab'),('55df97af-0614-45f9-a840-faadc88cbdee','½ cup white sugar','cup',1,'white sugar','2022-04-06 02:05:00.792403','1be483a2-eafd-4db8-bc19-f45b9efb8a3c'),('5675a409-6845-4c04-94cc-c16129c2b13a','½ teaspoon white sugar','teaspoon',1,'white sugar','2022-04-06 02:09:23.030097','dcfd256e-b215-4d56-9502-9fd095113a11'),('5700db71-358e-44c7-9655-c62e9482c59a','½ cup finely chopped onion','cup',1,'finely chopped onion','2022-04-06 02:04:37.542025','35a89094-78da-4931-96cc-d5cbf0f5d6fb'),('57046394-ecf1-4158-a413-ac32ecea113b','1 cup hot coconut milk','cup',1,'hot coconut milk','2022-04-06 02:17:01.761298','30386c99-cc37-49c8-8110-7eabf566410c'),('590a0a20-74eb-4972-a4fa-be477126c004','3 Tbsp cooking oil, divided','Tbsp',3,'cooking oil, divided','2022-04-06 02:11:05.460853','e60e7c73-32ac-4170-916e-6a8a0733070c'),('59a1c17b-3b20-4fc1-9728-c2de74d43c5b','½ tsp. crushed red pepper flakes, plus more for sprinkling','tsp.',1,'crushed red pepper flakes, plus more for sprinkling','2022-04-06 02:25:08.880863','1ea1dea2-4aa0-4f76-9f5b-eb832e515554'),('59d1cdec-0d1c-4350-bce4-8a12b9cd9efb','1 shallot, finely chopped','undefined',1,'shallot, finely chopped','2022-04-06 02:22:34.166315','5bab4042-9684-4fae-ad3b-5f5de9350580'),('5a682182-e892-44ca-aabd-f4cc95333eea','2  large eggs','undefined',2,'large eggs','2022-04-06 02:11:05.446350','e60e7c73-32ac-4170-916e-6a8a0733070c'),('5c8c5068-2339-407a-8047-ec75e9ca1519','1 2 lb. porterhouse steak (about 2\" thick), preferably prime or as well-marbled as you can find','undefined',1,'2 lb. porterhouse steak (about 2\" thick), preferably prime or as well-marbled as you can find','2022-04-06 02:16:10.537704','e89aaa1b-efd1-444b-a26d-76f2c8a70e12'),('5d0a463f-e08c-4d7a-9b64-71401de40bdf','1 scallion, white and pale green parts finely chopped, dark green parts thinly sliced','undefined',1,'scallion, white and pale green parts finely chopped, dark green parts thinly sliced','2022-04-06 02:21:53.941413','666a0b5b-90a1-427b-940e-9316d3b67ef8'),('5d8e0658-6064-49a8-9ea9-609f7c5ee36d','1 bulb small fennel','undefined',1,'bulb small fennel','2022-03-06 00:56:49.854662','ce7c42d8-f557-42e1-8e53-d9925bcafd3b'),('5e013314-13a6-4e18-9c6e-af1d806a9f9e','1 pound lean ground beef','pound',1,'lean ground beef','2022-04-06 02:04:37.526456','35a89094-78da-4931-96cc-d5cbf0f5d6fb'),('5e3b7bd3-85e3-4baa-894c-9ef24c1bcfaa','9 Medjool dates, pitted, 5 chopped, 4 quartered lengthwise','undefined',9,'Medjool dates, pitted, 5 chopped, 4 quartered lengthwise','2022-04-06 02:18:29.941273','d1466bc9-050b-425e-ad8e-af0675f32354'),('5e493bea-0f24-45cc-bb9d-28f9c736a54d','1 tsp cumin','tsp',1,' cumin','2022-03-06 00:56:49.863233','ce7c42d8-f557-42e1-8e53-d9925bcafd3b'),('5ef4fe16-563d-4731-95d8-921f71f32ac3','1 onion','undefined',1,' onion','2022-03-06 00:56:49.843487','ce7c42d8-f557-42e1-8e53-d9925bcafd3b'),('5efaf856-0413-4afd-aed5-875c8b19f7a5','½ cup (packed) basil leaves','cup',1,'(packed) basil leaves','2022-04-06 02:16:10.508503','e89aaa1b-efd1-444b-a26d-76f2c8a70e12'),('5ffc5165-f33a-415c-8bd9-0f5dd142c49d','1 carrot, diced','undefined',1,'carrot, diced','2022-04-06 02:11:05.429931','e60e7c73-32ac-4170-916e-6a8a0733070c'),('6073f2b3-04bb-44c6-9a50-27ac67d5eee9','1 cup mini marshmallows','cup',1,'mini marshmallows','2022-04-06 02:05:00.746058','1be483a2-eafd-4db8-bc19-f45b9efb8a3c'),('609a13cd-e10d-41a7-9eda-47aad1dfffb0',' Kosher salt, freshly ground pepper','undefined',NULL,NULL,'2022-04-06 02:21:38.544423','a3b6891b-fad3-4c7a-9240-cbd0cb2fb132'),('60b785b2-cb2d-4a7f-b890-76c743d3ecbb','¼ cup nutritional yeast, plus more','cup',0,'nutritional yeast, plus more','2022-04-06 02:24:44.427234','fde67312-80de-43bd-8c1a-196393822bfc'),('60f0f068-aa7a-4580-b8e5-a489edc047b4','2 cups red lentils, rinsed','cups',2,'red lentils, rinsed','2022-04-06 02:24:54.956074','893397cd-a91f-4f09-a179-7376cef82601'),('635186c7-3556-4705-a837-1ef86f71fa37','1 large egg','undefined',1,'large egg','2022-04-03 00:48:58.020493','dd24945a-27fb-47d8-994f-7470d8aaf38a'),('645f9d49-6988-452c-9f08-779b6125975b','2 cloves of garlic, peeled','undefined',2,'cloves of garlic, peeled','2022-03-13 23:39:14.282540','fed3dedf-43b3-4de5-9433-6028e601bcf1'),('658f8e68-9007-43f6-8e41-b86921375761','2 tablespoons mirin','tablespoons',2,'mirin','2022-03-20 23:18:49.342306','6570af5a-e811-45b8-a533-c4f06438e1ff'),('660a1ef8-f46e-4822-bb8e-706ed4c63b2d','⅓ cup fresh blood orange juice','cup',0,'fresh blood orange juice','2022-04-06 02:22:34.140506','5bab4042-9684-4fae-ad3b-5f5de9350580'),('6697300d-d059-4643-9875-4b351066cece','1 pinch freshly ground black pepper','pinch',1,'freshly ground black pepper','2022-04-06 02:09:23.042778','dcfd256e-b215-4d56-9502-9fd095113a11'),('66b196c6-43da-46cb-b890-871992bd5301','1 stalk celery, chopped','undefined',1,'stalk celery, chopped','2022-04-06 02:07:43.772302','fd273271-21a1-43b1-b0bb-4e8c22c19b21'),('66c6c4ee-e413-4efd-9731-f4b04691dec5','8 oz. fresh mozzarella','oz.',8,'fresh mozzarella','2022-04-06 02:23:23.754202','85cb832a-a110-46ea-a7db-ccfcfbc883ab'),('66f84d07-44d9-4330-a8a7-a370b3772be4',' Lightly sweetened whipped cream and chocolate-covered espresso beans (for serving; optional)','undefined',NULL,NULL,'2022-04-06 02:17:33.567804','6c629135-2f44-49dd-bb25-0141b773a34e'),('6745c4ab-d28b-4249-bdf0-5c421940dc66','1 3\"-long cinnamon stick','undefined',1,'3\"-long cinnamon stick','2022-04-06 02:14:48.656569','15b901f9-3232-4f6e-9664-a243c932fe32'),('682d3e3a-9881-484f-a9ff-2db86bd72bb4','1 (8 ounce) container plain yogurt','undefined',1,'(8 ounce) container plain yogurt','2022-04-06 02:06:12.993216','87c7f114-0945-4706-b90f-76de7818c35b'),('6a448fc8-9d0f-4a66-80c6-10b476b55ef5','340 g quinoa','g',340,' quinoa','2022-03-06 00:56:49.890942','ce7c42d8-f557-42e1-8e53-d9925bcafd3b'),('6a535f6d-0cd2-40a9-8c80-f4b8b3a30a3b','1 medium Asian pear, thinly sliced','undefined',1,'medium Asian pear, thinly sliced','2022-04-06 02:21:53.991728','666a0b5b-90a1-427b-940e-9316d3b67ef8'),('6b8ad121-1afe-4aa3-9e6e-5c8c07f628ca','½ cup blanched slivered almonds','cup',1,'blanched slivered almonds','2022-04-06 02:07:43.729180','fd273271-21a1-43b1-b0bb-4e8c22c19b21'),('6b93d9e4-8dd6-4639-bb50-d726593e3b74','2 garlic cloves, finely grated','undefined',2,'garlic cloves, finely grated','2022-04-06 02:15:22.609414','2e0c1573-6f3b-4c6b-90e4-5dff011b9673'),('6c808b0a-657f-4d8f-ab33-c3ad01ffa1da','3 cups torn 1\" pieces country bread, with crusts','cups',3,'torn 1\" pieces country bread, with crusts','2022-04-06 02:11:29.414302','f5762675-fe7e-4f23-83da-e8f379b8fef7'),('6cb7f9f6-65e5-48e8-99b2-8e5dff951bf5','2 pounds very ripe red tomatoes, preferably heirloom, cut into ½-inch wedges, 3 tablespoons seeds reserved','pounds',2,'very ripe red tomatoes, preferably heirloom, cut into 1/2-inch wedges, 3 tablespoons seeds reserved','2022-04-06 02:25:28.519304','f852a4dc-e20b-4a41-acd6-789db0813143'),('6d7b381d-66d0-4eea-b887-cf81f93aba1c','2 carrots, grated','undefined',2,'carrots, grated','2022-03-20 23:18:49.353039','6570af5a-e811-45b8-a533-c4f06438e1ff'),('6de097bc-e914-4a93-b987-bd158a85423b','1 apple, diced','undefined',1,'pple, diced','2022-04-06 02:09:05.973263','fcd030aa-35d1-4f31-95d6-f2bb0bd7c902'),('6e5766be-9417-45ba-a21e-07dd4bed11e6','12 ounces fettuccine or other long pasta','ounces',12,'fettuccine or other long pasta','2022-04-06 02:13:12.192954','4ddb632f-e9f1-4eed-a3bc-dc0984887e63'),('6e935c3e-e4d7-4132-b43d-c769a6e54993','¾ cup (150 g) light brown sugar','cup',1,'(150 g) light brown sugar','2022-04-06 02:18:29.936402','d1466bc9-050b-425e-ad8e-af0675f32354'),('6ed3fbce-8247-47e8-b44e-a8329bed83d7','2 slices ½”-thick Pullman or other white bread','slices',2,'1/2”-thick Pullman or other white bread','2022-04-06 02:12:59.104454','b6807a17-f27c-42aa-a722-930084f8b211'),('6efef002-8215-429c-88fe-fa0b0c59a3a3','4 tsp. cream of tartar','tsp.',4,'cream of tartar','2022-04-06 02:18:41.021928','a3e3c39d-34f8-42b7-9727-3711233f1bce'),('6f009c1c-cdd9-4a75-b8ae-8c2eb6a5d7bb','½ cup toasted walnut pieces','cup',1,'toasted walnut pieces','2022-04-06 02:09:23.073198','dcfd256e-b215-4d56-9502-9fd095113a11'),('70b424bf-5bd9-4817-8239-a183c4d3bbb5','¾ cup heavy cream','cup',1,'heavy cream','2022-04-06 02:12:34.767042','dd51b859-f756-4e11-8be5-f6209bb068e8'),('711f9ff0-d2ba-43d8-882c-e0c765814c11','3 cup vegetable oil','cup',3,'vegetable oil','2022-04-06 02:11:29.392265','f5762675-fe7e-4f23-83da-e8f379b8fef7'),('71e39b56-76ed-48ed-9ba8-5bd4f7d35b09','1 anchovy fillets packed in oil, drained','undefined',1,'nchovy fillets packed in oil, drained','2022-04-06 02:11:29.355020','f5762675-fe7e-4f23-83da-e8f379b8fef7'),('72a27aca-e420-4daf-b9ad-230f7579a8e5','½ English hothouse cucumber, peeled, seeded','undefined',1,'English hothouse cucumber, peeled, seeded','2022-04-06 02:25:28.507795','f852a4dc-e20b-4a41-acd6-789db0813143'),('72bb1d55-9fce-4dca-8493-587e441628b8','1 small head of Napa cabbage','undefined',1,'small head of Napa cabbage','2022-04-06 02:21:38.550029','a3b6891b-fad3-4c7a-9240-cbd0cb2fb132'),('731c42f7-07dd-4e91-ad70-be207f321251','8 oz. broccolini, halved lengthwise if thick','oz.',8,'broccolini, halved lengthwise if thick','2022-04-06 02:24:44.465792','fde67312-80de-43bd-8c1a-196393822bfc'),('739a4956-8e0d-442b-993a-524011d19721','½ tablespoons olive oil','tablespoons',1,'olive oil','2022-04-06 02:11:29.387915','f5762675-fe7e-4f23-83da-e8f379b8fef7'),('7409c5e8-cfb3-4ecf-8a74-e4646229b9fb',' Soy sauce, thinly sliced scallion, and chili crisp (for serving)','undefined',NULL,NULL,'2022-04-06 02:13:49.587894','3107980b-9142-415e-9b29-b1ffe0e24119'),('7409faf6-4983-4685-910b-e93235cfdf30','2 tablespoons white sugar','tablespoons',2,'white sugar','2022-04-06 02:06:13.003125','87c7f114-0945-4706-b90f-76de7818c35b'),('74701053-a02a-41ac-bb93-80c3df13af40','2 Tbsp. white or yellow miso','Tbsp.',2,'white or yellow miso','2022-04-06 02:21:38.513226','a3b6891b-fad3-4c7a-9240-cbd0cb2fb132'),('753acbcd-3a31-4105-87ca-2fc9ad7cda81','1 teaspoon vanilla extract (Optional)','teaspoon',1,'vanilla extract (Optional)','2022-03-20 22:14:34.269272','b4191208-a0a1-4ea3-a1ce-e6cdeca0af94'),('75758c33-a716-456b-ad43-f39427f7b5db','½ cup buttermilk','cup',1,'buttermilk','2022-04-06 02:22:09.772986','1d732269-5ba6-4e29-a127-da0a2b6fa54f'),('76147eee-6805-4e70-b647-612ab1b0894e','½ teaspoon vanilla extract','teaspoon',1,'vanilla extract','2022-04-06 02:06:13.007842','87c7f114-0945-4706-b90f-76de7818c35b'),('76cfd976-fc5f-4c19-b5df-473b6ce8ae25','1 2\" piece ginger, peeled, finely grated','undefined',1,'2\" piece ginger, peeled, finely grated','2022-04-06 02:24:44.439237','fde67312-80de-43bd-8c1a-196393822bfc'),('7836f44f-add0-4be0-a475-d4d25a7da6a6','3 tablespoons demerara or granulated sugar','tablespoons',3,'demerara or granulated sugar','2022-04-06 02:17:33.548868','6c629135-2f44-49dd-bb25-0141b773a34e'),('7919716b-c0b7-42b2-a13b-5fc93f3612c7','2 soup','undefined',2,'soup','2022-04-06 02:24:54.867926','893397cd-a91f-4f09-a179-7376cef82601'),('7a39e13f-24a4-4c0d-9ae3-950d0cabc8f0','2 tablespoons unsalted butter, melted','tablespoons',2,'unsalted butter, melted','2022-04-03 00:48:58.026041','dd24945a-27fb-47d8-994f-7470d8aaf38a'),('7ba35963-95c9-4872-8fcc-c350b914320c','½ cup pine nuts','cup',1,'pine nuts','2022-04-06 02:15:22.595597','2e0c1573-6f3b-4c6b-90e4-5dff011b9673'),('7cf19585-6567-451c-95c8-c10e0d2ce83f',' Pinch of kosher salt','undefined',NULL,NULL,'2022-04-06 02:27:19.691684','97a5aba6-9d39-47da-b4a9-9e75d92d7e01'),('7ed0ebed-0029-41f1-9ecf-cd1d0b5a718a','½ large red bell pepper, stemmed, seeded','undefined',1,'large red bell pepper, stemmed, seeded','2022-04-06 02:25:28.513276','f852a4dc-e20b-4a41-acd6-789db0813143'),('800e9a6d-04fe-4f35-9a6f-bbf1fec2c97c','3 pounds sweet potatoes, peeled, cut into 1½-inch pieces','pounds',3,'sweet potatoes, peeled, cut into 11/2-inch pieces','2022-04-06 02:15:44.910611','f3248d19-b91e-46da-b3ab-8735aac7c391'),('825748d2-9634-4e78-8ad2-dceb57e44de7','½ cup cacao nibs','cup',1,'cacao nibs','2022-04-06 02:17:01.716973','30386c99-cc37-49c8-8110-7eabf566410c'),('82ed33cf-ff15-4988-a67c-0f10b54a00d5','2 Tbsp. extra-virgin olive oil','Tbsp.',2,'extra-virgin olive oil','2022-04-06 02:24:54.876351','893397cd-a91f-4f09-a179-7376cef82601'),('8313fc83-69b0-47a6-91cf-351d8bb826b7','3 Freshly ground black pepper','undefined',3,'Freshly ground black pepper','2022-04-06 02:11:29.402543','f5762675-fe7e-4f23-83da-e8f379b8fef7'),('836ba995-9e4a-4a15-888d-58b5c30ee302','1/4 cup mayonnaise','cup',0,'mayonnaise','2022-03-06 02:44:19.093477','3cd3f061-f3bc-4042-84c6-bb5f13722996'),('8379585e-4ce6-4009-b56f-fa39bf3eea9b','¼ cup (½ stick) unsalted butter, cut into small pieces','cup',0,'(1/2 stick) unsalted butter, cut into small pieces','2022-04-06 02:13:12.205575','4ddb632f-e9f1-4eed-a3bc-dc0984887e63'),('8438d838-3376-4a72-8fe8-0dbced03dcb3','¾ cup thick teriyaki sauce','cup',1,'thick teriyaki sauce','2022-04-06 02:04:37.550189','35a89094-78da-4931-96cc-d5cbf0f5d6fb'),('84befee6-164b-4f0f-87a8-9f7e943a5cfc','1 Tbsp. tahini (such as Soom)','Tbsp.',1,'tahini (such as Soom)','2022-04-06 02:21:38.519003','a3b6891b-fad3-4c7a-9240-cbd0cb2fb132'),('858fc011-3410-4495-b61a-9e8cbda94167','2 tsp. instant espresso powder','tsp.',2,'instant espresso powder','2022-04-06 02:19:07.130852','ba62229e-0ab7-4b07-b4e8-de3b7d876f3b'),('8707c3a8-9a87-44c3-a6a6-f2d185dbec7d','1 teaspoon baking powder','teaspoon',1,'baking powder','2022-04-03 00:48:57.985179','dd24945a-27fb-47d8-994f-7470d8aaf38a'),('874e32ce-4ca6-4d7d-ac77-33611c01b7ff','4 large eggs','undefined',4,'large eggs','2022-04-06 02:13:49.576542','3107980b-9142-415e-9b29-b1ffe0e24119'),('876ccb9b-b405-4c07-a34b-793d91f97d64','3 Croutons:','undefined',3,'Croutons:','2022-04-06 02:11:29.408516','f5762675-fe7e-4f23-83da-e8f379b8fef7'),('88a0109c-7b4d-4d9e-aee2-353318426b99','1 tsp. cornstarch','tsp.',1,'cornstarch','2022-04-06 02:18:29.899441','d1466bc9-050b-425e-ad8e-af0675f32354'),('8915e3e0-d9f2-4bfb-8c9f-514461caea8b','1 cups passion fruit juice (preferably Ceres or Goya Passion Fruit Cocktail)','cups',1,'passion fruit juice (preferably Ceres or Goya Passion Fruit Cocktail)','2022-04-06 02:18:41.050446','a3e3c39d-34f8-42b7-9727-3711233f1bce'),('8b097123-ae78-4e05-808d-b126559408e5','⅓ cup plain whole-milk Greek yogurt','cup',0,'plain whole-milk Greek yogurt','2022-04-06 02:21:54.019211','666a0b5b-90a1-427b-940e-9316d3b67ef8'),('8b8c762b-0c14-4e73-afa4-0feccb4318ec','3 tablespoons old-fashioned oats, preferably soaked overnight','tablespoons',3,'old-fashioned oats, preferably soaked overnight','2022-04-06 02:27:19.673890','97a5aba6-9d39-47da-b4a9-9e75d92d7e01'),('8b91fcc7-8c4e-4fcb-a849-31c8ab779dd3','8 slices of whole grain or sourdough bread, toasted','slices',8,'whole grain or sourdough bread, toasted','2022-03-13 23:39:14.280364','fed3dedf-43b3-4de5-9433-6028e601bcf1'),('8bab6dd9-3d6f-41cd-b04b-b4f2db4d016d','3 tablespoons tahini','tablespoons',3,'tahini','2022-03-20 23:18:49.337213','6570af5a-e811-45b8-a533-c4f06438e1ff'),('8bb4464e-83bd-4dad-991c-d3ab11fe196c',' Freshly ground black pepper','undefined',NULL,NULL,'2022-04-06 02:12:34.793058','dd51b859-f756-4e11-8be5-f6209bb068e8'),('8c04649f-ab02-43ea-9ac3-6c8877b1eadc','8 ounces semisweet chocolate (preferably Scharffen Berger), finely chopped','ounces',8,'semisweet chocolate (preferably Scharffen Berger), finely chopped','2022-04-06 02:17:33.543105','6c629135-2f44-49dd-bb25-0141b773a34e'),('8dc1360d-d53a-4f7f-9052-6c79a721feec','1 tsp. baking soda','tsp.',1,'baking soda','2022-04-06 02:18:29.892848','d1466bc9-050b-425e-ad8e-af0675f32354'),('8e2f0f9c-213b-42a6-96ca-5ebb296248b3','⅓ cup extra-virgin olive oil','cup',0,'extra-virgin olive oil','2022-04-06 02:21:38.502182','a3b6891b-fad3-4c7a-9240-cbd0cb2fb132'),('8e9f66a9-69d0-40af-baaf-fdc0fef56abb','1 red bell pepper, diced','undefined',1,'red bell pepper, diced','2022-04-06 02:11:05.435071','e60e7c73-32ac-4170-916e-6a8a0733070c'),('8f89ab1f-2892-40f7-8ed6-94e59e659db8','1 large onion, finely chopped','undefined',1,'large onion, finely chopped','2022-04-06 02:24:44.433505','fde67312-80de-43bd-8c1a-196393822bfc'),('8fd569f9-aed7-47e5-a361-a64eb6fe1c7b','2 heads of broccoli','undefined',2,'heads of broccoli','2022-04-06 02:25:08.901090','1ea1dea2-4aa0-4f76-9f5b-eb832e515554'),('8ff3a4cf-8bf8-49a4-8fb9-bd53115a8f44','2 large eggs','undefined',2,'large eggs','2022-04-06 02:23:23.728537','85cb832a-a110-46ea-a7db-ccfcfbc883ab'),('903b4eb5-1f48-4146-a1b2-f4fe5e937627','¼ cup dried cranberries','cup',0,'dried cranberries','2022-04-06 02:09:06.002538','fcd030aa-35d1-4f31-95d6-f2bb0bd7c902'),('9081b525-ee4a-41d6-9a3a-358cfc70faa5','½ cup basil and/or mint leaves, plus more for serving','cup',1,'basil and/or mint leaves, plus more for serving','2022-04-06 02:22:09.748176','1d732269-5ba6-4e29-a127-da0a2b6fa54f'),('90b957c4-1397-4894-92e6-4ab5d25e72f1','2 avocados, peeled, sliced','undefined',2,'vocados, peeled, sliced','2022-04-06 02:22:34.187621','5bab4042-9684-4fae-ad3b-5f5de9350580'),('91013f14-fa67-4a7d-8f27-91f19b59941e',' Freshly ground black pepper','undefined',NULL,NULL,'2022-04-06 02:13:12.217361','4ddb632f-e9f1-4eed-a3bc-dc0984887e63'),('91cb3da8-4348-4eef-b0af-52c5ce94c82d','1/4 cup plain Greek yogurt or sour cream','cup',0,'plain Greek yogurt or sour cream','2022-03-06 02:44:19.096521','3cd3f061-f3bc-4042-84c6-bb5f13722996'),('92032cc4-e04b-48d2-aca6-b1671fcce8f2','1 tsp apple cider vinegar (optional)','tsp',1,' apple cider vinegar (optional)','2022-03-06 00:56:49.893732','ce7c42d8-f557-42e1-8e53-d9925bcafd3b'),('9274adda-db10-47ec-a539-e3a7abcb29e3','1 tsp ground paprika','tsp',1,' ground paprika','2022-03-06 00:56:49.861467','ce7c42d8-f557-42e1-8e53-d9925bcafd3b'),('9274c52e-7f39-4a4b-a438-734720286b89',' Kosher salt','undefined',NULL,NULL,'2022-04-06 02:21:53.919741','666a0b5b-90a1-427b-940e-9316d3b67ef8'),('933d2fc0-7260-4e6e-b96b-015864da3c98','¼ cup vegetable oil','cup',0,'vegetable oil','2022-04-06 02:24:44.406474','fde67312-80de-43bd-8c1a-196393822bfc'),('933fddad-ea36-43e2-a8f1-ab191b74713c','1/3 cup toasted sesame seeds, plus more for serving','cup',0,'toasted sesame seeds, plus more for serving','2022-03-20 23:18:49.333960','6570af5a-e811-45b8-a533-c4f06438e1ff'),('93b91d31-20b4-4dd7-9a44-eaea8875a7d4','⅓ cup quinoa','cup',0,'quinoa','2022-04-06 02:21:53.933619','666a0b5b-90a1-427b-940e-9316d3b67ef8'),('94ffdf30-8bbf-4c0f-9679-ff7adf0b7e98','1 tsp. black sesame paste or tahini','tsp.',1,'black sesame paste or tahini','2022-04-06 02:21:54.027157','666a0b5b-90a1-427b-940e-9316d3b67ef8'),('95d1067d-9389-4aa7-80c6-c1cb6bf7df1a','3 tablespoons olive oil, plus more for drizzling','tablespoons',3,'olive oil, plus more for drizzling','2022-04-06 02:25:28.545322','f852a4dc-e20b-4a41-acd6-789db0813143'),('9684f42c-3eb1-4e4f-ae37-68b61c478cfb',' Freshly ground black pepper','undefined',NULL,NULL,'2022-04-06 02:25:08.895609','1ea1dea2-4aa0-4f76-9f5b-eb832e515554'),('969fb659-bed0-4b63-8bbe-30b931a51b07','2 large egg whites','undefined',2,'large egg whites','2022-04-06 02:19:07.138669','ba62229e-0ab7-4b07-b4e8-de3b7d876f3b'),('96b02344-e611-4f3d-875e-f7400ea0c76b','1 teaspoon vanilla extract','teaspoon',1,'vanilla extract','2022-04-06 02:05:00.816287','1be483a2-eafd-4db8-bc19-f45b9efb8a3c'),('97002b67-abef-45c2-8a1e-c72eb220b834','1 tsp. Diamond Crystal or ½ tsp. Morton kosher salt, plus more','tsp.',1,'Diamond Crystal or 1/2 tsp. Morton kosher salt, plus more','2022-04-06 02:23:23.717656','85cb832a-a110-46ea-a7db-ccfcfbc883ab'),('9765e61f-0758-4617-b60d-ad3796d24527','2 15.5-oz. cans chickpeas, rinsed, divided','undefined',2,'15.5-oz. cans chickpeas, rinsed, divided','2022-04-06 02:24:44.415718','fde67312-80de-43bd-8c1a-196393822bfc'),('9778b7bf-5d12-44c2-afda-73c4d7ab793b','1 tsp grated fresh ginger','tsp',1,'grated fresh ginger','2022-04-06 02:11:05.424158','e60e7c73-32ac-4170-916e-6a8a0733070c'),('9819604f-b546-41d5-a4c8-2d804d2649ea','3 cups cooked and cooled rice','cups',3,'cooked and cooled rice','2022-04-06 02:11:05.467454','e60e7c73-32ac-4170-916e-6a8a0733070c'),('99b1d08e-d3ff-48e9-9ecc-7cb3cb7ae515','1 cup all-purpose flour','cup',1,'all-purpose flour','2022-04-03 00:48:57.979910','dd24945a-27fb-47d8-994f-7470d8aaf38a'),('99b5340d-ac58-42fe-9bed-74304da3af6d','8 Tbsp. double-concentrated tomato paste','Tbsp.',8,'double-concentrated tomato paste','2022-04-06 02:24:54.945088','893397cd-a91f-4f09-a179-7376cef82601'),('9b56d0cc-865b-4c0f-95cd-cc2d684e5a49','6 Tbsp. extra-virgin olive oil, divided','Tbsp.',6,'extra-virgin olive oil, divided','2022-04-06 02:23:23.743616','85cb832a-a110-46ea-a7db-ccfcfbc883ab'),('9c018ee3-417e-4f6a-b93d-80221098e73d','1 cup evaporated milk','cup',1,'evaporated milk','2022-04-06 02:14:48.674398','15b901f9-3232-4f6e-9664-a243c932fe32'),('9c10ae47-0534-4c54-933c-4177fbf8c3bb','2 lemons, divided','undefined',2,'lemons, divided','2022-04-06 02:23:23.748798','85cb832a-a110-46ea-a7db-ccfcfbc883ab'),('9e6a9040-07f9-40d2-bbf2-421508b10e93','1 tsp. vanilla extract','tsp.',1,'vanilla extract','2022-04-06 02:14:48.669613','15b901f9-3232-4f6e-9664-a243c932fe32'),('9f2a8eb2-1e7c-415b-b5fd-023c32a993ce','½ (8 ounce) can pineapple tidbits, drained','undefined',1,'(8 ounce) can pineapple tidbits, drained','2022-04-06 02:04:37.565715','35a89094-78da-4931-96cc-d5cbf0f5d6fb'),('9f533aa7-d534-42d3-821e-6d6601feb426','1 1/2 tablespoons freshly squeezed lime juice','tablespoons',1,'freshly squeezed lime juice','2022-03-20 23:18:49.338805','6570af5a-e811-45b8-a533-c4f06438e1ff'),('9f5d10da-5b91-42a0-aead-c36004b81c89','A tiny squeeze of lemon juice','undefined',NULL,'tiny squeeze of lemon juice','2022-03-13 23:39:14.274453','fed3dedf-43b3-4de5-9433-6028e601bcf1'),('9fe615d2-2e30-4302-ae89-b3c5e4cd571e','½ teaspoon baking soda','teaspoon',1,'baking soda','2022-04-03 00:48:57.990877','dd24945a-27fb-47d8-994f-7470d8aaf38a'),('a1b5cc50-b5a4-4f73-864e-c9055f44aadd','480 g chickpeas (drained)','g',480,' chickpeas (drained)','2022-03-06 00:56:49.840980','ce7c42d8-f557-42e1-8e53-d9925bcafd3b'),('a2a947bf-bb3a-4a3d-b681-f9b1e0ed5a5b','1 cup halved cherry tomatoes','cup',1,'halved cherry tomatoes','2022-04-06 02:22:34.192766','5bab4042-9684-4fae-ad3b-5f5de9350580'),('a2e73229-3629-4803-8497-5b699bb609e6','1-2 tablespoons warm water','undefined',1,'2 tablespoons warm water','2022-03-20 23:18:49.347404','6570af5a-e811-45b8-a533-c4f06438e1ff'),('a5713c63-a5d6-4693-8b68-ed372e486fc2','1 tsp. (or more) unseasoned rice vinegar','tsp.',1,'(or more) unseasoned rice vinegar','2022-04-06 02:24:44.473331','fde67312-80de-43bd-8c1a-196393822bfc'),('a58043d5-41bb-45b2-90b0-23a6423d5795','1 tablespoon unsweetened cocoa powder','tablespoon',1,'unsweetened cocoa powder','2022-04-06 02:27:19.680350','97a5aba6-9d39-47da-b4a9-9e75d92d7e01'),('a5e8835a-f5c7-4e29-b9f7-bcf842e7fb56','1 tablespoon lemon juice','tablespoon',1,'lemon juice','2022-04-06 02:07:43.746556','fd273271-21a1-43b1-b0bb-4e8c22c19b21'),('a698d093-faf9-4a44-a78d-be869363c251','1 garlic clove','undefined',1,'garlic clove','2022-04-06 02:22:09.790764','1d732269-5ba6-4e29-a127-da0a2b6fa54f'),('a7dfb6a1-611f-4b28-8231-b422c6aa1a80','1 stalk celery, washed and chopped','undefined',1,'stalk celery, washed and chopped','2022-03-13 23:39:14.271174','fed3dedf-43b3-4de5-9433-6028e601bcf1'),('a85132c6-8dba-468f-8bca-41692dfb791a','½ cup extra-virgin olive oil','cup',1,'extra-virgin olive oil','2022-04-06 02:18:29.914427','d1466bc9-050b-425e-ad8e-af0675f32354'),('aaf2b667-a950-4d93-b6fa-2d80eaf11360','1 Tbsp toasted sesame oil','Tbsp',1,'toasted sesame oil','2022-04-06 02:11:05.482131','e60e7c73-32ac-4170-916e-6a8a0733070c'),('ab53c5cd-b25f-4df3-9c25-9f647fdb8601','1 teaspoon vanilla extract','teaspoon',1,'vanilla extract','2022-04-03 00:48:58.030118','dd24945a-27fb-47d8-994f-7470d8aaf38a'),('abc85e08-92af-49b9-97fc-bbec208233b0','1 ½ teaspoons baking powder','undefined',1,' 1/2 teaspoons baking powder','2022-04-06 02:05:00.765678','1be483a2-eafd-4db8-bc19-f45b9efb8a3c'),('abe7efc9-d97b-458a-a807-0a610cb32a13','2 large egg yolks','undefined',2,'large egg yolks','2022-04-06 02:11:29.372697','f5762675-fe7e-4f23-83da-e8f379b8fef7'),('ac33a96d-ef01-4df1-b567-c68d7c6bd703','1 small red Thai chile, finely chopped','undefined',1,'small red Thai chile, finely chopped','2022-04-06 02:21:53.953757','666a0b5b-90a1-427b-940e-9316d3b67ef8'),('ac787ac2-06c5-469b-adc5-b802d19c9177','¼ cup well-mixed tahini','cup',0,'well-mixed tahini','2022-04-06 02:18:29.920480','d1466bc9-050b-425e-ad8e-af0675f32354'),('ad2c44c3-5a30-4c12-bb84-e0a232acc725','1 medium russet potato','undefined',1,'medium russet potato','2022-04-06 02:25:08.907209','1ea1dea2-4aa0-4f76-9f5b-eb832e515554'),('adb11379-8384-4842-a33a-594c024b09e6','1 tablespoon sugar','tablespoon',1,'sugar','2022-03-20 23:18:49.343871','6570af5a-e811-45b8-a533-c4f06438e1ff'),('adb29484-af2d-46cd-b727-8777717d4a69','1 tsp. Diamond Crystal or ½ tsp. Morton kosher salt','tsp.',1,'Diamond Crystal or 1/2 tsp. Morton kosher salt','2022-04-06 02:18:29.904303','d1466bc9-050b-425e-ad8e-af0675f32354'),('adcc81e1-438d-4df6-8287-a26f43313d8b','1 dash ground cinnamon (Optional)','dash',1,'ground cinnamon (Optional)','2022-04-06 02:09:06.015553','fcd030aa-35d1-4f31-95d6-f2bb0bd7c902'),('adf35bcf-e551-43f0-bbc8-3928e8a2545e','Salt and pepper','undefined',NULL,NULL,'2022-03-06 02:44:19.125136','3cd3f061-f3bc-4042-84c6-bb5f13722996'),('adf6aa2d-d93e-4188-9caf-4c7dc1db6c8d','¼ tsp cayenne pepper','tsp',0,' cayenne pepper','2022-03-06 00:56:49.883663','ce7c42d8-f557-42e1-8e53-d9925bcafd3b'),('ae0c14ea-da94-4039-9d6b-ff38952aa0b1','1 teaspoon minced fresh ginger','teaspoon',1,'minced fresh ginger','2022-04-06 02:04:37.581469','35a89094-78da-4931-96cc-d5cbf0f5d6fb'),('af8b22d9-d380-457f-9025-f9f12031066c','1 large head of iceberg lettuce','undefined',1,'large head of iceberg lettuce','2022-04-06 02:22:09.736349','1d732269-5ba6-4e29-a127-da0a2b6fa54f'),('b0b9e1d8-164c-4d2e-bd95-ddbd64375b97','1 garlic cloves, thinly sliced','undefined',1,'garlic cloves, thinly sliced','2022-04-06 02:24:54.975681','893397cd-a91f-4f09-a179-7376cef82601'),('b164688a-6506-4b50-b8bc-58002a53edc8','2 cups good-quality low-sodium vegetable or chicken broth','cups',2,'good-quality low-sodium vegetable or chicken broth','2022-04-06 02:24:54.950076','893397cd-a91f-4f09-a179-7376cef82601'),('b1ccc2fe-ed69-47b3-b5d0-4cef03e75591','¼ cup raw cashews, preferably soaked overnight','cup',0,'raw cashews, preferably soaked overnight','2022-04-06 02:27:19.665586','97a5aba6-9d39-47da-b4a9-9e75d92d7e01'),('b24343ef-0f35-4049-a09e-c7338e0f6c34',' tsp. ground turmeric','undefined',NULL,NULL,'2022-04-06 02:24:54.921642','893397cd-a91f-4f09-a179-7376cef82601'),('b2a4c01d-b8cb-44c8-aafb-72b241a407f4','1 tsp. Aleppo-style pepper, plus more for serving','tsp.',1,'Aleppo-style pepper, plus more for serving','2022-04-06 02:27:10.793726','25c855c1-a417-4c89-8683-1485925a9870'),('b2d50456-21b8-4d54-89a5-17de1b38468b','1 cup blueberries (frozen or fresh)','cup',1,'blueberries (frozen or fresh)','2022-04-06 02:06:12.986607','87c7f114-0945-4706-b90f-76de7818c35b'),('b32f1bc5-296c-46b8-9c7e-faf48deef8e7','4 dried whole shiitake mushrooms, rinsed to remove any grit','undefined',4,'dried whole shiitake mushrooms, rinsed to remove any grit','2022-04-06 02:13:49.568960','3107980b-9142-415e-9b29-b1ffe0e24119'),('b3a23eb3-cb9f-452a-b42c-ac3a99abe99a','750 ml water','ml',750,' water','2022-03-06 00:56:49.885454','ce7c42d8-f557-42e1-8e53-d9925bcafd3b'),('b3fb9d7f-4389-413d-9cbe-b35405d347aa','4 green onions, sliced','undefined',4,'green onions, sliced','2022-04-06 02:11:05.439726','e60e7c73-32ac-4170-916e-6a8a0733070c'),('b3fe837c-6dd1-418a-a496-0ad85a3c8702','2 Kosher salt','undefined',2,'Kosher salt','2022-04-06 02:11:29.367893','f5762675-fe7e-4f23-83da-e8f379b8fef7'),('b45117fd-902b-406e-803f-97423f1a3df4','½ tsp ground cinnamon','tsp',1,' ground cinnamon','2022-03-06 00:56:49.874873','ce7c42d8-f557-42e1-8e53-d9925bcafd3b'),('b4d949c2-b48e-4759-8324-0bf832948aee','6 large eggs','undefined',6,'large eggs','2022-03-13 23:39:14.258950','fed3dedf-43b3-4de5-9433-6028e601bcf1'),('b74f0841-7516-47b6-8478-8b1207a01ca6','1 lemon','undefined',1,'lemon','2022-04-06 02:12:34.748037','dd51b859-f756-4e11-8be5-f6209bb068e8'),('b785e38f-78b8-476b-9001-3d171b4c3fbd','2 tsp. vanilla extract','tsp.',2,'vanilla extract','2022-04-06 02:18:29.925570','d1466bc9-050b-425e-ad8e-af0675f32354'),('b7bd345f-ff11-4994-9293-2eba669e9652','½ cup unsalted butter, softened','cup',1,'unsalted butter, softened','2022-04-06 02:05:00.778421','1be483a2-eafd-4db8-bc19-f45b9efb8a3c'),('b847ef5b-d5d4-4d75-973c-d73d183b5dad','4 garlic cloves','undefined',4,'garlic cloves','2022-04-06 02:25:08.868451','1ea1dea2-4aa0-4f76-9f5b-eb832e515554'),('b8becd95-adc1-44ba-80ae-f60a578fe8db','¼ teaspoon salt','teaspoon',0,'salt','2022-04-03 00:48:57.995410','dd24945a-27fb-47d8-994f-7470d8aaf38a'),('b8cf5158-ff7d-4ade-a491-d1f98236aef2','1 small bunch of cilantro, chopped','undefined',1,'small bunch of cilantro, chopped','2022-03-20 23:18:49.360014','6570af5a-e811-45b8-a533-c4f06438e1ff'),('b947c986-08eb-4de8-9df2-d371f18a8a91','4 Garlic chips and Assembly','undefined',4,'Garlic chips and Assembly','2022-04-06 02:24:54.963816','893397cd-a91f-4f09-a179-7376cef82601'),('b96a7e35-458e-4790-b355-a8602f1d1ee0','2 tablespoons (or more) sherry or red wine vinegar','tablespoons',2,'(or more) sherry or red wine vinegar','2022-04-06 02:25:28.533911','f852a4dc-e20b-4a41-acd6-789db0813143'),('ba1c5d79-57aa-474f-a32a-5b5acd5ccf56','8 oz. sharp cheddar cheese','oz.',8,'sharp cheddar cheese','2022-04-06 02:25:08.912983','1ea1dea2-4aa0-4f76-9f5b-eb832e515554'),('bacbd4a1-c589-4b22-99fc-5b305368052a','⅓ cup extra-virgin olive oil','cup',0,'extra-virgin olive oil','2022-04-06 02:22:34.131960','5bab4042-9684-4fae-ad3b-5f5de9350580'),('bad7235e-dfe2-484e-831b-a47a05544a86','½ cup miniature chocolate chips, or more to taste','cup',1,'miniature chocolate chips, or more to taste','2022-04-03 00:48:58.038140','dd24945a-27fb-47d8-994f-7470d8aaf38a'),('bcaa8951-5c62-4959-aff9-990490b8b52e','1 cup quartered seedless green grapes','cup',1,'quartered seedless green grapes','2022-04-06 02:09:23.066768','dcfd256e-b215-4d56-9502-9fd095113a11'),('bdc62683-f131-4c79-9060-ece8d26c4ef9','1 garlic clove, finely grated','undefined',1,'garlic clove, finely grated','2022-04-06 02:25:28.528553','f852a4dc-e20b-4a41-acd6-789db0813143'),('be036b2c-590c-4bfc-8919-17340b680ae1','½ tsp. instant dashi powder (we like Ajinomoto)','tsp.',1,'instant dashi powder (we like Ajinomoto)','2022-04-06 02:13:49.581738','3107980b-9142-415e-9b29-b1ffe0e24119'),('c20bf95d-c141-4705-a39e-e26a0a7952f7','2 teaspoon Dijon mustard','teaspoon',2,'Dijon mustard','2022-04-06 02:11:29.383221','f5762675-fe7e-4f23-83da-e8f379b8fef7'),('c327578b-9e9f-419d-a21c-57fdbf2ec70c',' Tomato soup (for serving; optional)','undefined',NULL,NULL,'2022-04-06 02:12:59.178402','b6807a17-f27c-42aa-a722-930084f8b211'),('c3664b60-63a9-4583-aacc-864c4f3b06af','½ cup mayonnaise','cup',1,'mayonnaise','2022-04-06 02:07:43.735807','fd273271-21a1-43b1-b0bb-4e8c22c19b21'),('c36d1f95-0136-45ed-b4b4-225d47dc18e8','¼ teaspoon salt','teaspoon',0,'salt','2022-04-06 02:09:23.035947','dcfd256e-b215-4d56-9502-9fd095113a11'),('c3c797e1-91be-4359-be9c-f08c53ea7389','1 cup frozen peas','cup',1,'frozen peas','2022-04-06 02:11:05.453326','e60e7c73-32ac-4170-916e-6a8a0733070c'),('c3e6f75c-2e00-41a9-b902-72ce663f56dc','2 tablespoons coco aminos or soy sauce','tablespoons',2,'coco aminos or soy sauce','2022-03-20 23:18:49.340486','6570af5a-e811-45b8-a533-c4f06438e1ff'),('c4f0262c-74bb-4fa8-9937-19ef5fadee53','2 small handfuls of lettuce','undefined',2,'small handfuls of lettuce','2022-03-13 23:39:14.277188','fed3dedf-43b3-4de5-9433-6028e601bcf1'),('c565b54b-1c17-45e2-b69a-7bcc1f79ee14','¼ cup chopped water chestnuts, drained','cup',0,'chopped water chestnuts, drained','2022-04-06 02:04:37.556303','35a89094-78da-4931-96cc-d5cbf0f5d6fb'),('c611400d-be39-45a1-bc21-5098278a4a7c','1 tablespoon whole-grain mustard','tablespoon',1,'whole-grain mustard','2022-03-13 23:39:14.265426','fed3dedf-43b3-4de5-9433-6028e601bcf1'),('c6301543-0078-4cfb-ab52-9ca225f8086d',' cup (200 g) granulated sugar','undefined',NULL,NULL,'2022-04-06 02:18:41.068402','a3e3c39d-34f8-42b7-9727-3711233f1bce'),('c6eafb00-99c4-4611-a20d-42576df05efc','3 oz. Parmesan, grated (about ¾ cup)','oz.',3,'Parmesan, grated (about 3/4 cup)','2022-04-06 02:15:22.604117','2e0c1573-6f3b-4c6b-90e4-5dff011b9673'),('c71d1e8c-80ed-472a-ae94-f43e75318120','¼ tsp. Diamond Crystal or ¼ tsp. Morton kosher salt','tsp.',0,'Diamond Crystal or ¼ tsp. Morton kosher salt','2022-04-06 02:18:40.971306','a3e3c39d-34f8-42b7-9727-3711233f1bce'),('c7744ed7-20df-4c93-8aba-3de42a8d3c5b','3 preserved lemon, rinsed, seeds removed, finely chopped','undefined',3,'preserved lemon, rinsed, seeds removed, finely chopped','2022-04-06 02:24:54.938221','893397cd-a91f-4f09-a179-7376cef82601'),('c79b3122-9654-4235-bd72-631d4b33c2df','1 garlic cloves, finely chopped','undefined',1,'garlic cloves, finely chopped','2022-04-06 02:24:54.893419','893397cd-a91f-4f09-a179-7376cef82601'),('c81404dd-80b7-41ec-8219-9c3a26d52e9d','½ lemon, juiced','undefined',1,'lemon, juiced','2022-04-06 02:09:23.020449','dcfd256e-b215-4d56-9502-9fd095113a11'),('c8e04203-0f6f-47fe-a01c-0adb5dc22597',' Freshly ground black pepper','undefined',NULL,NULL,'2022-04-06 02:12:59.165689','b6807a17-f27c-42aa-a722-930084f8b211'),('c90d5792-2ff7-471b-95d1-02c62bdc28bd','1 tsp. soy sauce','tsp.',1,'soy sauce','2022-04-06 02:21:38.530770','a3b6891b-fad3-4c7a-9240-cbd0cb2fb132'),('c9cb6f45-73b1-44a4-9e64-bd03eb61c818','30 g fresh herbs (mint, parsley, or cilantro) for serving','g',30,' fresh herbs (mint, parsley, or cilantro) for serving','2022-03-06 00:56:49.895233','ce7c42d8-f557-42e1-8e53-d9925bcafd3b'),('c9ee202a-2707-4801-8ba1-496cc8cd5b21','1 cup (200 g) granulated sugar','cup',1,'(200 g) granulated sugar','2022-04-06 02:19:07.108205','ba62229e-0ab7-4b07-b4e8-de3b7d876f3b'),('cadbbb2d-9401-4b66-bc89-9df953554b69','1/2 of a small lemon','undefined',1,'a small lemon','2022-03-06 02:44:19.118042','3cd3f061-f3bc-4042-84c6-bb5f13722996'),('cb25eff2-05b0-4b26-92f2-ff37165a0e9d','3 large egg whites, at room temperature','undefined',3,'large egg whites, at room temperature','2022-04-06 02:05:00.808349','1be483a2-eafd-4db8-bc19-f45b9efb8a3c'),('cbe8fce8-55b6-448f-99ad-bd3e31dab555','1 ⅔ cups all-purpose flour','undefined',1,' 2/3 cups all-purpose flour','2022-04-06 02:05:00.758292','1be483a2-eafd-4db8-bc19-f45b9efb8a3c'),('cc15ad47-97b0-49c5-879e-1e4c0643399e','2 large mangoes, peeled, cut into 1\" pieces, frozen (about 4 cups)','undefined',2,'large mangoes, peeled, cut into 1\" pieces, frozen (about 4 cups)','2022-04-06 02:27:10.767532','25c855c1-a417-4c89-8683-1485925a9870'),('cc922fbc-15e5-4254-b41c-1f15e3db35ab','2 tsp. honey, divided','tsp.',2,'honey, divided','2022-04-06 02:21:53.979579','666a0b5b-90a1-427b-940e-9316d3b67ef8'),('ccafc442-3bad-46b4-a074-75bd0910fd1c','4 blood oranges, peel and white pith removed, flesh sliced into irregular pieces','undefined',4,'blood oranges, peel and white pith removed, flesh sliced into irregular pieces','2022-04-06 02:22:34.177158','5bab4042-9684-4fae-ad3b-5f5de9350580'),('cd0594d4-761b-44fa-a972-079d113ca2da',' Kosher salt, freshly ground pepper','undefined',NULL,NULL,'2022-04-06 02:22:09.760458','1d732269-5ba6-4e29-a127-da0a2b6fa54f'),('cd7a0450-24f6-4d69-aba4-0b2b7171410d','1 tsp. onion powder','tsp.',1,'onion powder','2022-04-06 02:21:38.525244','a3b6891b-fad3-4c7a-9240-cbd0cb2fb132'),('ce3d34cf-9c55-4636-8c90-d9a0f84f6450','3 tablespoons marshmallow creme','tablespoons',3,'marshmallow creme','2022-04-06 02:05:00.798793','1be483a2-eafd-4db8-bc19-f45b9efb8a3c'),('ce4471ef-c21a-4635-a19f-2bc230d887b3','6½ oz. almond paste (about ¾ cup)','oz.',3,'almond paste (about 3/4 cup)','2022-04-06 02:19:07.099651','ba62229e-0ab7-4b07-b4e8-de3b7d876f3b'),('ce5226d9-4a0e-4f3a-835e-27af1f95af1f',' Kosher salt','undefined',NULL,NULL,'2022-04-06 02:12:34.761282','dd51b859-f756-4e11-8be5-f6209bb068e8'),('ceb2048d-6fa9-41b0-ab1e-a2fc3c4739ee','1 lemon','undefined',1,'lemon','2022-04-06 02:22:09.767296','1d732269-5ba6-4e29-a127-da0a2b6fa54f'),('cef7e202-c31a-45ff-b28b-99ae402c49f6','⅛ teaspoon ground nutmeg','undefined',NULL,NULL,'2022-04-06 02:06:13.014047','87c7f114-0945-4706-b90f-76de7818c35b'),('cefcac2b-b1e5-48de-80f3-128072248bc5','½ tsp sea salt','tsp',1,' sea salt','2022-03-06 00:56:49.879888','ce7c42d8-f557-42e1-8e53-d9925bcafd3b'),('d1391b1c-717d-4c12-b9d1-89fabf4079de','⅔ cup buttermilk','cup',1,'buttermilk','2022-04-06 02:05:00.831103','1be483a2-eafd-4db8-bc19-f45b9efb8a3c'),('d1a44bda-da4e-473d-a87f-174c26a18697','1 lemon (juice, divided)','undefined',1,' lemon (juice, divided)','2022-03-06 00:56:49.892365','ce7c42d8-f557-42e1-8e53-d9925bcafd3b'),('d2ab21ae-05aa-4f11-8fb9-c4c0335c1136','2 tsp. Diamond Crystal or 1¼ tsp. Morton kosher salt','tsp.',2,'Diamond Crystal or 11/4 tsp. Morton kosher salt','2022-04-06 02:19:07.126010','ba62229e-0ab7-4b07-b4e8-de3b7d876f3b'),('d2bc0bc0-0681-4a3f-9abc-0ac8e871dcf9','2 ounces thinly sliced American cheese or cheddar (about 4 slices)','ounces',2,'thinly sliced American cheese or cheddar (about 4 slices)','2022-04-06 02:12:59.158495','b6807a17-f27c-42aa-a722-930084f8b211'),('d2f5f8e8-ddc3-44df-8e69-8fb94695f09b',' Store-bought pesto (for serving)','undefined',NULL,NULL,'2022-04-06 02:23:23.759644','85cb832a-a110-46ea-a7db-ccfcfbc883ab'),('d36f57bf-b4dc-4663-b805-00545612dfbf','1 8–10-oz. package dried udon or other wheat noodles or 16 oz. fresh wheat noodles (such as yakisoba, ramen, or pan-fry noodles)','undefined',1,'8–10-oz. package dried udon or other wheat noodles or 16 oz. fresh wheat noodles (such as yakisoba, ramen, or pan-fry noodles)','2022-04-06 02:24:44.457940','fde67312-80de-43bd-8c1a-196393822bfc'),('d3b7e334-6694-443d-b513-1ce09f07744a','½ cup plain Greek yogurt','cup',1,'plain Greek yogurt','2022-04-06 02:25:08.925441','1ea1dea2-4aa0-4f76-9f5b-eb832e515554'),('d4e744d3-45fb-4cf3-bfd4-02739b3667e5','¾ cup 2% reduced-fat milk','cup',1,'2% reduced-fat milk','2022-04-06 02:06:12.997660','87c7f114-0945-4706-b90f-76de7818c35b'),('d5e9b0be-56cc-4583-bcfe-91416b4cf540','¾ cup milk','cup',1,'milk','2022-04-03 00:48:57.940211','dd24945a-27fb-47d8-994f-7470d8aaf38a'),('d638f669-d7c5-4540-9744-c0a8387c5f06','1 Shortbread','undefined',1,'Shortbread','2022-04-06 02:18:40.947565','a3e3c39d-34f8-42b7-9727-3711233f1bce'),('d648ab07-8bb5-4d26-8b5f-aca4090ae625','6 Dressing:','undefined',6,'Dressing:','2022-04-06 02:11:29.348602','f5762675-fe7e-4f23-83da-e8f379b8fef7'),('d68a1e6f-3b4f-41cc-809b-7a64a9abe798','1 dash ground nutmeg (Optional)','dash',1,'ground nutmeg (Optional)','2022-04-06 02:09:06.025100','fcd030aa-35d1-4f31-95d6-f2bb0bd7c902'),('d6b88727-e2fb-4e1b-a573-57dd1d01b449','¼ cup sour cream','cup',0,'sour cream','2022-04-06 02:22:09.780248','1d732269-5ba6-4e29-a127-da0a2b6fa54f'),('d86e7442-8f16-458a-9ab8-36a50c094fb3','1 cup (31 g) all-purpose flour','cup',1,'(31 g) all-purpose flour','2022-04-06 02:18:41.017003','a3e3c39d-34f8-42b7-9727-3711233f1bce'),('d8ddf68d-1fd3-4dd7-afde-0e7a882af900','2 large eggs','undefined',2,'large eggs','2022-03-20 22:14:34.261221','b4191208-a0a1-4ea3-a1ce-e6cdeca0af94'),('d94695c2-5faa-4e16-981e-2c0725985ac5','1 tablespoon sliced green onion','tablespoon',1,'d green onion','2022-04-06 02:04:37.603716','35a89094-78da-4931-96cc-d5cbf0f5d6fb'),('daff1179-58f1-4e6b-87a3-1edd79396381','¾ cup mayonnaise','cup',1,'mayonnaise','2022-04-06 02:09:23.009619','dcfd256e-b215-4d56-9502-9fd095113a11'),('dcc51cda-4558-4167-a324-23ee2f9309f8','3 cloves garlic','undefined',3,'cloves garlic','2022-03-06 00:56:49.845141','ce7c42d8-f557-42e1-8e53-d9925bcafd3b'),('dd0997ca-ed4b-4f80-8b0c-613fa32e46c7','3 oz. finely grated Parmesan (about ¾ cup)','oz.',3,'finely grated Parmesan (about 3/4 cup)','2022-04-06 02:12:34.783716','dd51b859-f756-4e11-8be5-f6209bb068e8'),('df06d241-b18b-480d-a19e-6d72a817354e','1 tablespoon virgin coconut oil, melted','tablespoon',1,'virgin coconut oil, melted','2022-04-06 02:17:01.769268','30386c99-cc37-49c8-8110-7eabf566410c'),('dfc3cad2-c5d5-4c40-a343-6241d781acba','1 Tablespoon dill pickles','Tablespoon',1,'dill pickles','2022-03-06 02:44:19.102445','3cd3f061-f3bc-4042-84c6-bb5f13722996'),('e09a5b04-1f46-4775-a84c-252cbc77a327','¼ teaspoon ground black pepper','teaspoon',0,'ground black pepper','2022-04-06 02:07:43.757725','fd273271-21a1-43b1-b0bb-4e8c22c19b21'),('e1ceb3c0-d50b-4d27-87b9-0a8f2c35ad50',' tablespoons finely grated Parmesan','undefined',NULL,NULL,'2022-04-06 02:11:29.397028','f5762675-fe7e-4f23-83da-e8f379b8fef7'),('e2fe443d-e132-466d-a455-0f2b380fe624','4 garlic cloves, finely grated','undefined',4,'garlic cloves, finely grated','2022-04-06 02:24:44.443982','fde67312-80de-43bd-8c1a-196393822bfc'),('e3b9feda-3ae8-4310-ab6e-281287a1f868','1 tsp. kosher salt','tsp.',1,'kosher salt','2022-04-06 02:15:22.634927','2e0c1573-6f3b-4c6b-90e4-5dff011b9673'),('e3c25503-d5e1-4515-9d6a-9f06b862f5cf','⅔ cup fresh lime juice (from about 4½ limes)','cup',1,'fresh lime juice (from about 41/2 limes)','2022-04-06 02:27:10.781421','25c855c1-a417-4c89-8683-1485925a9870'),('e62bc563-4816-4a20-ab30-33d9106d8070',' Flaky sea salt','undefined',NULL,NULL,'2022-04-06 02:18:29.951698','d1466bc9-050b-425e-ad8e-af0675f32354'),('e64d281b-dc55-40d8-ba67-50a5bb60fc65','½ teaspoon dried dill weed','teaspoon',1,'dried dill weed','2022-03-06 02:44:19.104466','3cd3f061-f3bc-4042-84c6-bb5f13722996'),('e7d30d19-47d6-4125-85cc-c657a7d16caa','Salt and pepper','undefined',NULL,NULL,'2022-03-13 23:39:14.269250','fed3dedf-43b3-4de5-9433-6028e601bcf1'),('e8557fef-f0f4-41b6-ab64-b86fbc96bfd0','1/4 teaspoon Worcestershire sauce','teaspoon',0,'Worcestershire sauce','2022-03-06 02:44:19.112906','3cd3f061-f3bc-4042-84c6-bb5f13722996'),('e87c67d2-ff6e-4109-a64a-57b42a485277','8 oz. thinly sliced mortadella, torn into large pieces','oz.',8,'thinly sliced mortadella, torn into large pieces','2022-04-06 02:22:09.755143','1d732269-5ba6-4e29-a127-da0a2b6fa54f'),('e87da4db-6680-45ca-b062-49aa8712ca7a','2 tsp. Diamond Crystal or ½ tsp. Morton kosher salt','tsp.',2,'Diamond Crystal or 1/2 tsp. Morton kosher salt','2022-04-06 02:18:41.028956','a3e3c39d-34f8-42b7-9727-3711233f1bce'),('e893910d-4ed2-471a-be1e-0cde1557de1e',' Kosher salt','undefined',NULL,NULL,'2022-04-06 02:25:08.887668','1ea1dea2-4aa0-4f76-9f5b-eb832e515554'),('e907ebdd-af88-4c7a-ba1f-bb682109306d',' small garlic clove','undefined',NULL,NULL,'2022-04-06 02:11:29.360909','f5762675-fe7e-4f23-83da-e8f379b8fef7'),('e9282b19-b6c5-4dce-a264-a268c42d75f0','½ cup (125 g) all-purpose flour','cup',1,'(125 g) all-purpose flour','2022-04-06 02:18:40.955245','a3e3c39d-34f8-42b7-9727-3711233f1bce'),('e9a2e8cc-073d-4137-af17-63d45f17a2d6','3 cups finely shredded green cabbage','cups',3,'finely shredded green cabbage','2022-03-20 23:18:49.349631','6570af5a-e811-45b8-a533-c4f06438e1ff'),('eb14732c-56c9-4f77-b705-ae125410b83d','2 tablespoons white sugar','tablespoons',2,'white sugar','2022-04-03 00:48:57.982553','dd24945a-27fb-47d8-994f-7470d8aaf38a'),('eb1c380e-2b73-4e93-9c1d-036040c2a2c1','2 tbsp homemade vegetable stock concentrate','tbsp',2,' homemade vegetable stock concentrate','2022-03-06 00:56:49.886877','ce7c42d8-f557-42e1-8e53-d9925bcafd3b'),('ed34bb28-88e5-4871-8923-86317d956048',' Kosher salt','undefined',NULL,NULL,'2022-04-06 02:16:10.531061','e89aaa1b-efd1-444b-a26d-76f2c8a70e12'),('ed53081c-e3af-40a3-915a-c9271157d523','4 shiso leaves or ¼ cup mint leaves, torn into small pieces','undefined',4,'shiso leaves or 1/4 cup mint leaves, torn into small pieces','2022-04-06 02:21:54.034559','666a0b5b-90a1-427b-940e-9316d3b67ef8'),('eddf0aaf-05c3-4b7a-ac4e-d62b127947b8','2 cloves garlic, minced','undefined',2,'cloves garlic, minced','2022-04-06 02:11:05.415694','e60e7c73-32ac-4170-916e-6a8a0733070c'),('ee93e09c-3c3e-4b3a-ad85-223c6cf06ef7','½ teaspoon salt','teaspoon',1,'salt','2022-04-06 02:05:00.772572','1be483a2-eafd-4db8-bc19-f45b9efb8a3c'),('f18969b8-d52b-4f15-a924-3cc6ae32a698','⅓ cup (30 g) unsweetened Dutch-process cocoa powder','cup',0,'(30 g) unsweetened Dutch-process cocoa powder','2022-04-06 02:19:07.113749','ba62229e-0ab7-4b07-b4e8-de3b7d876f3b'),('f2d1e9fb-638e-4fbb-8931-c62cef3ef731','½ medium cucumber, halved lengthwise, sliced ¼\" thick','undefined',1,'medium cucumber, halved lengthwise, sliced 1/4\" thick','2022-04-06 02:21:53.999740','666a0b5b-90a1-427b-940e-9316d3b67ef8'),('f419c4e3-e4d3-487d-9339-d1b5a868e261','½ cup cold-brew coffee','cup',1,'cold-brew coffee','2022-04-06 02:27:19.657621','97a5aba6-9d39-47da-b4a9-9e75d92d7e01'),('f4933fda-9c3e-4240-8b9f-2b8d56f4c006','1 Tbsp. honey','Tbsp.',1,'honey','2022-04-06 02:22:34.151589','5bab4042-9684-4fae-ad3b-5f5de9350580'),('f5252e25-b3e6-4712-b030-a320bd78b8d0','6 cups basil leaves (about 3 bunches)','cups',6,'basil leaves (about 3 bunches)','2022-04-06 02:15:22.617817','2e0c1573-6f3b-4c6b-90e4-5dff011b9673'),('f5fcbd58-ad5b-43e5-9ccd-4f779e9743e6',' Cilantro leaves with tender stems (optional) and chili oil (for serving)','undefined',NULL,NULL,'2022-04-06 02:24:44.480179','fde67312-80de-43bd-8c1a-196393822bfc'),('f7447042-7c70-4ded-b0b2-86d9b3273f24','1 cup sliced celery (Optional)','cup',1,'d celery (Optional)','2022-04-06 02:09:05.985373','fcd030aa-35d1-4f31-95d6-f2bb0bd7c902'),('f92f2ee7-3d5b-4b1f-ba90-2088a5ac6090','½ tsp. baking powder','tsp.',1,'baking powder','2022-04-06 02:18:40.977561','a3e3c39d-34f8-42b7-9727-3711233f1bce'),('f94a8951-f058-48cf-bf1d-ce8134eb83e2','6 oz. bacon slices','oz.',6,'bacon slices','2022-04-06 02:21:38.495950','a3b6891b-fad3-4c7a-9240-cbd0cb2fb132'),('f9dfe8f9-18e3-4ba6-927f-d446b6566f12','1/4 cup minced yellow onion','cup',0,'minced yellow onion','2022-03-13 23:39:14.272781','fed3dedf-43b3-4de5-9433-6028e601bcf1'),('fa0b34aa-fdbe-420a-943e-2b763c5f87b8','2 2\" piece ginger, scrubbed, finely chopped','undefined',2,'2\" piece ginger, scrubbed, finely chopped','2022-04-06 02:24:54.906343','893397cd-a91f-4f09-a179-7376cef82601'),('fa8458e2-4cc0-4794-991f-8ea98f440954',' Quartered cherry tomatoes, chopped chives, and grilled or toasted country-style bread (for serving)','undefined',NULL,NULL,'2022-04-06 02:25:28.550495','f852a4dc-e20b-4a41-acd6-789db0813143'),('fd3bd169-7968-403e-af16-2ebe5fdee3c3','1 tablespoon sriracha, or to taste','tablespoon',1,'sriracha, or to taste','2022-03-20 23:18:49.345577','6570af5a-e811-45b8-a533-c4f06438e1ff'),('fd7c1ba2-208b-4b6d-a7f3-91c05afa9fe3','2 teaspoons kosher salt','teaspoons',2,'kosher salt','2022-04-06 02:15:44.933197','f3248d19-b91e-46da-b3ab-8735aac7c391'),('ff275016-7627-423b-b0b7-560dc2949c28','¼ cup unsweetened coconut flakes','cup',0,'unsweetened coconut flakes','2022-04-06 02:17:01.726365','30386c99-cc37-49c8-8110-7eabf566410c'),('ff6ab529-4685-4595-8785-a228c15a3cfb','3 Tbsp. (or more) sugar','Tbsp.',3,'(or more) sugar','2022-04-06 02:14:48.662068','15b901f9-3232-4f6e-9664-a243c932fe32');
/*!40000 ALTER TABLE `ingredients` ENABLE KEYS */;
UNLOCK TABLES;

--
-- Table structure for table `instructions`
--

DROP TABLE IF EXISTS `instructions`;
/*!40101 SET @saved_cs_client     = @@character_set_client */;
/*!50503 SET character_set_client = utf8mb4 */;
CREATE TABLE `instructions` (
  `id` varchar(36) NOT NULL,
  `raw` text NOT NULL,
  `created_at` datetime(6) NOT NULL DEFAULT CURRENT_TIMESTAMP(6),
  `recipeId` varchar(36) DEFAULT NULL,
  `index` int NOT NULL,
  PRIMARY KEY (`id`),
  KEY `FK_412eec8482892c972e1ff29ce24` (`recipeId`),
  CONSTRAINT `FK_412eec8482892c972e1ff29ce24` FOREIGN KEY (`recipeId`) REFERENCES `recipes` (`id`) ON DELETE CASCADE ON UPDATE CASCADE
) ENGINE=InnoDB DEFAULT CHARSET=utf8mb4 COLLATE=utf8mb4_0900_ai_ci;
/*!40101 SET character_set_client = @saved_cs_client */;

--
-- Dumping data for table `instructions`
--

LOCK TABLES `instructions` WRITE;
/*!40000 ALTER TABLE `instructions` DISABLE KEYS */;
INSERT INTO `instructions` VALUES ('012cba62-bd9b-47a1-bb6e-485524727b01','Whisk flour, baking soda, cornstarch, and salt in a medium bowl.','2022-04-06 02:18:29.956244','d1466bc9-050b-425e-ad8e-af0675f32354',1),('03cc25f9-482a-41d5-bc94-ccc603c38ba6','Place a rack in middle of oven; preheat to 375°. Using a #10 cookie scoop (about 6 Tbsp.), portion out dough onto 2 parchment-lined baking sheets, spacing 3\" apart. Top with remaining chocolate and press gently to adhere. Gently press 1 date quarter into top of each cookie. Sprinkle with sea salt.','2022-04-06 02:18:29.965560','d1466bc9-050b-425e-ad8e-af0675f32354',3),('04ce99be-2d0b-415c-9262-ff79dd7e08d6','Serve with fish and chips, crab cakes or salmon!','2022-03-06 02:44:19.132995','3cd3f061-f3bc-4042-84c6-bb5f13722996',3),('06a15cf9-9bbd-4a16-b493-d31f181b06f9','Season steak generously with salt. Grill over direct heat, keeping tenderloin (the smaller side) away from the most intense heat and turning steak about every minute or so to control flare-ups and ensure even browning, until deeply browned on all sides (including standing it on its side with tongs to render and brown fat around edges), 6–8 minutes.','2022-04-06 02:16:10.553803','e89aaa1b-efd1-444b-a26d-76f2c8a70e12',2),('06afa5e1-fd8b-417e-ba73-1be1239edd6e','Cook pasta in a large pot of boiling salted water, stirring occasionally, until very al dente. Drain, reserving 2 cups pasta cooking liquid.','2022-04-06 02:13:12.223333','4ddb632f-e9f1-4eed-a3bc-dc0984887e63',1),('08aca659-988a-4344-9522-915620d9ffbc','DO AHEAD: Can be made 1 day ahead.','2022-04-06 02:11:29.432340','f5762675-fe7e-4f23-83da-e8f379b8fef7',2),('0a8f4e81-c315-4a07-90c8-347c5e8c0aac','Melt 3 Tbsp. unsalted butter in a large Dutch oven or pot over medium-low heat. Add onion, garlic, and ½ tsp. red pepper flakes; season with salt and black pepper. Stir to combine, then cover pot and cook, stirring occasionally, until softened and just starting to take on color, 8–10 minutes.','2022-04-06 02:25:08.939135','1ea1dea2-4aa0-4f76-9f5b-eb832e515554',2),('0b193662-94d7-43ea-a673-aa5013dd8c4e','Return to medium heat and add remaining florets. Cover pot and cook until bright green, another 3–5 minutes. Add 2 cups cheddar cheese and stir until smooth. Cover and reduce heat to low; set aside while you make the cheddar croutons.','2022-04-06 02:25:08.969626','1ea1dea2-4aa0-4f76-9f5b-eb832e515554',7),('0c3c9849-8e1a-4504-9bfc-ad399e055a4c','Heat broiler. Broil 4 thick slices rustic white bread (if using) on a rimmed baking sheet until lightly browned (watch closely: broilers vary dramatically in power!), 2–3 minutes. Turn bread over (soft side up), then sprinkle with reserved cheddar cheese and a few flecks of red pepper flakes. Continue to broil until cheese is bubbling and browned in spots, 2–3 more minutes.','2022-04-06 02:25:08.977155','1ea1dea2-4aa0-4f76-9f5b-eb832e515554',8),('0fa7e8bc-312a-4aa1-ae45-24d2e4e8fe09','Tear bacon into large pieces and scatter over cabbage. Top with chives, mild red pepper flakes, and sesame seeds as desired.','2022-04-06 02:21:38.578338','a3b6891b-fad3-4c7a-9240-cbd0cb2fb132',4),('103b784c-1a73-40ba-8d87-057d717f6cdc','Roast, tossing occasionally, until tender and browned, 35–45 minutes.','2022-04-06 02:15:44.974550','f3248d19-b91e-46da-b3ab-8735aac7c391',2),('11e20145-494a-4145-93ff-d1517fa97621','Place racks in upper and lower thirds of oven; preheat to 350°. Put powdered sugar in a shallow bowl. Using a #30 cookie scoop (about 2 Tbsp.) and working one at a time, scoop out portions of dough and roll into balls (you should have about 12). Working quickly, roll balls in powdered sugar to coat. Divide between 2 parchment-lined baking sheets, spacing about 3\" apart.','2022-04-06 02:19:07.170709','ba62229e-0ab7-4b07-b4e8-de3b7d876f3b',3),('127ec4eb-fe3d-4063-938a-d3fee7a0edb8','Bake shortbread until top and edges are golden brown, 13–17 minutes. Transfer to a wire rack and let cool.','2022-04-06 02:18:41.089851','a3e3c39d-34f8-42b7-9727-3711233f1bce',3),('16a926ed-34d2-438c-bc11-cd066188cec4','Spread out mini marshmallows on the baking sheet in an even layer, and put under the broiler until browned and toasted, about 30 seconds. Remove from heat and allow to cool.','2022-04-06 02:05:00.848411','1be483a2-eafd-4db8-bc19-f45b9efb8a3c',2),('192237b5-86fa-4f36-b4d2-b5b9614e22b4','Place almonds in a frying pan. Toast over medium-high heat, shaking frequently. Watch carefully, as they burn easily.','2022-04-06 02:07:43.777339','fd273271-21a1-43b1-b0bb-4e8c22c19b21',1),('1bca55e6-515a-4681-b06a-da467f523618','Strain tea through a fine-mesh sieve into mugs; discard spices and tea bags.','2022-04-06 02:14:48.685072','15b901f9-3232-4f6e-9664-a243c932fe32',2),('1c39ea35-3204-42ba-aa6e-d7055c369176','Store in the fridge for up to 2 weeks.','2022-03-06 02:44:19.131298','3cd3f061-f3bc-4042-84c6-bb5f13722996',2),('23cf5afc-9873-49c3-9108-775be0ae6142','Whisk milk, eggs, vanilla, cinnamon, and salt together in a shallow bowl.','2022-03-20 22:14:34.285818','b4191208-a0a1-4ea3-a1ce-e6cdeca0af94',1),('25347f7a-62ae-4240-9bb0-8cc872a2ccc7','Lightly whisk the eggs in a small bowl. Heat a large skillet over medium. Once hot, add 2 Tbsp of cooking oil and swirl to coat the surface. Add the eggs and gently scramble until cooked through. Transfer the cooked eggs to a clean bowl or plate.','2022-04-06 02:11:05.492358','e60e7c73-32ac-4170-916e-6a8a0733070c',2),('253af49f-e417-4c8f-bbb5-b8f5e2426b0d','Chill salad before serving, at least 30 minutes.','2022-04-06 02:09:06.042046','fcd030aa-35d1-4f31-95d6-f2bb0bd7c902',3),('273c31a1-c266-4ee4-920f-7e3ab2bdeb30','Divide pasta among bowls. Season with pepper, then top with reserved lemon zest strips.','2022-04-06 02:12:34.841254','dd51b859-f756-4e11-8be5-f6209bb068e8',5),('28be0da6-1114-4b36-9a6b-81fdc9b8db86','Add chickpeas to stew and let simmer for approx. 10 min. Before serving, add kale and salt to taste. Serve with fresh herbs and lemon juice. Enjoy!','2022-03-06 00:56:49.906658','ce7c42d8-f557-42e1-8e53-d9925bcafd3b',5),('2b729110-f28d-4b0a-b74b-44e8a23f807a','Place whole romaine leaves (for the ideal mix of crispness, surface area, and structure) in a large bowl. Use a vegetable peeler to thinly shave a modest amount of Parmesan (a mound of grated Parmesan may look impressive, but all that clumpy cheese mutes the dressing). Use your hands to gently toss together the lettuce, croutons, and dressing. Top with the shaved Parm.','2022-04-06 02:11:29.443876','f5762675-fe7e-4f23-83da-e8f379b8fef7',4),('2ef48dda-4dbc-441f-b809-c25390a247b4','Halve 2 onions. Peel and coarsely chop. Peel and smash 4 garlic cloves, then coarsely chop. No need to break out your best knife skills because it’s all going to get blended, but try to cut everything into somewhat even pieces so they cook at the same rate.','2022-04-06 02:25:08.932201','1ea1dea2-4aa0-4f76-9f5b-eb832e515554',1),('2fdd3366-acf9-4ccd-9c8f-babc4f87f04e','Lightly butter a griddle and heat over medium-high heat.','2022-03-20 22:14:34.289586','b4191208-a0a1-4ea3-a1ce-e6cdeca0af94',2),('31a2c5db-3b93-4c37-a2a7-ee9c7bfdb7b1','Bring milk and cinnamon to a simmer in a medium saucepan over medium-low heat, whisking occasionally and making sure milk doesn’t boil, until cinnamon is floral and fragrant, about 10 minutes. Whisk in chocolate, sugar, and salt and cook, whisking frequently, until mixture is smooth and creamy and chocolate is melted, about 5 minutes. Pour through a fine-mesh sieve into a large measuring cup; discard cinnamon.','2022-04-06 02:17:33.573652','6c629135-2f44-49dd-bb25-0141b773a34e',1),('325bd357-c55c-4914-81e0-5db769086db4','Combine milk and vinegar in a bowl and set aside for 5 minutes to \"sour\" the milk. You are essentially making your own buttermilk with this step.','2022-04-03 00:48:58.071747','dd24945a-27fb-47d8-994f-7470d8aaf38a',1),('34e82b2e-24c2-482c-af1a-d0b223f53cb9','Bring 6 cups water to a boil in a medium pot or tea kettle. Add tea bags, cardamom, cinnamon, sugar, and vanilla extract and return to a boil. Stir in evaporated milk and return to a boil again, watching carefully to ensure the tea doesn’t boil over. Reduce heat to medium-low and simmer until thick, creamy, and caramel in color, about 30 minutes. (The longer the tea simmers the stronger and creamier it will be.)','2022-04-06 02:14:48.680170','15b901f9-3232-4f6e-9664-a243c932fe32',1),('353a7717-3b19-464b-a739-1997983abf5e','Add the yogurt or mayonnaise, the mustard, a couple generous pinches of salt and pepper, celery, onion, and lemon juice. Mash with a fork. Don\'t completely overdo it, you want the egg mixture to have some texture. If you need to add a bit more yogurt to moisten up the mixture a bit, go for it a bit at a time. Taste, and adjust the seasoning - adding more salt and pepper if needed.','2022-03-13 23:39:14.291093','fed3dedf-43b3-4de5-9433-6028e601bcf1',3),('3593f2e4-4e96-413d-af14-35a549ea467f','Bake in the preheated oven until the top springs back lightly when touched, 35 to 40 minutes. Allow cake to cool in the pan for 10 to 15 minutes before transferring to a wire rack to cool completely.','2022-04-06 02:05:00.879815','1be483a2-eafd-4db8-bc19-f45b9efb8a3c',7),('3672aa01-db9d-4d8a-8ce8-09df8f8b118a','Whisk oil, blood orange juice, lime juice, honey, salt, and pepper in a small bowl to combine; mix in shallot and cilantro.','2022-04-06 02:22:34.198095','5bab4042-9684-4fae-ad3b-5f5de9350580',1),('368105ce-72b6-43aa-a63b-0fe9f833eec5','Cut cheese toasts (if using) into 1\" (spoon-sized!) pieces. Divide soup among bowls. Top with cheddar croutons or reserved cheese.','2022-04-06 02:25:08.989088','1ea1dea2-4aa0-4f76-9f5b-eb832e515554',10),('372551b4-b21c-4034-ab7d-aea00957ea96','Squeeze out rehydrated mushrooms over bowl to catch soaking liquid; thinly slice mushrooms.','2022-04-06 02:13:49.597483','3107980b-9142-415e-9b29-b1ffe0e24119',2),('37e4ed9f-777b-4b41-a13a-7932ba783992','If you want to use this with pasta, cook 12 oz. dried pasta (we prefer long pasta for pesto) in a large pot of boiling salted water, stirring occasionally, until al dente. Drain, reserving ½ cup pasta cooking liquid.','2022-04-06 02:15:22.656188','2e0c1573-6f3b-4c6b-90e4-5dff011b9673',3),('3ad21923-ada9-4702-bc8f-0e615cf24a64','While the lentils are cooking, heat 2 Tbsp. extra-virgin olive oil in a small saucepan over medium. Cook 4 garlic cloves, thinly sliced, stirring often, until golden and starting to crisp, about 3 minutes; remove pan from heat. Using a slotted spoon, transfer garlic chips to paper towels, leaving oil behind. Lightly season garlic chips with kosher salt. Stir 1 tsp. Aleppo-style pepper into infused oil in pan and set aside.','2022-04-06 02:24:55.003311','893397cd-a91f-4f09-a179-7376cef82601',3),('3c223aa6-53fe-4ef1-981b-3565db68a3c1','Combine pear, apple, celery, raisins, cranberries, and walnuts in a bowl. Add dressing and toss well to combine. Sprinkle cinnamon and nutmeg on top.','2022-04-06 02:09:06.036813','fcd030aa-35d1-4f31-95d6-f2bb0bd7c902',2),('3d705951-dcd0-4187-a495-c87d08945168','Cut 8 oz. fresh mozzarella into eight ½\"-thick slices. Working with 1 slice at a time, dredge mozzarella in seasoned flour, shaking off excess, then dip in eggs, letting excess drip back into bowl. Dredge in seasoned flour and dip in eggs a second time. Coat in panko, pressing gently to adhere before shaking off excess. Transfer coated mozzarella to a plate as you go.','2022-04-06 02:23:23.783622','85cb832a-a110-46ea-a7db-ccfcfbc883ab',3),('3ddf115d-140e-43fa-95a7-cb173578a883','Whisk egg, butter, and vanilla extract into \"soured\" milk until well combined. Pour flour mixture into the wet ingredients and whisk until just combined. Fold in chocolate chips. Batter will be thick. Allow batter to rest for 5 minutes.','2022-04-03 00:48:58.089417','dd24945a-27fb-47d8-994f-7470d8aaf38a',3),('3f22246c-9185-408a-ba2a-4eb658f872a2','Brown ground beef and onions in a large skillet over medium heat, crumbling as it cooks, until the beef is no longer pink and the onion is soft, about 5 minutes. Drain if necessary.','2022-04-06 02:04:37.610464','35a89094-78da-4931-96cc-d5cbf0f5d6fb',1),('3f93150a-6428-44d8-a4dc-7183189547ec','Pour hot curd through a fine-mesh sieve onto shortbread crust, using a rubber spatula to scrape off any curd that clings to the bottom of sieve. Spread curd into an even layer, working it all the way to the sides and corners. Tent a sheet of foil over baking dish to cover loosely and bake 12 minutes.','2022-04-06 02:18:41.116286','a3e3c39d-34f8-42b7-9727-3711233f1bce',6),('3fb362de-85d8-44b0-8aba-7ea0c5781723','Just before serving, slice passion fruit bars into 2\" squares and top with spoonfuls of fresh passion fruit or dust with powdered sugar with a fine-mesh sieve if desired.','2022-04-06 02:18:41.137395','a3e3c39d-34f8-42b7-9727-3711233f1bce',8),('40484056-32de-4777-bde1-3f297fc3610e','Add 8 oz. broccolini, halved lengthwise if thick, to broth and cook until bright-green and tender, about 2 minutes. Add cooked noodles or 16 oz. fresh wheat noodles and cook until heated through (and cooked, if using fresh noodles), about 2 minutes. Remove from heat and stir in 1 tsp. unseasoned rice vinegar. Taste soup and season with more salt and vinegar if needed.','2022-04-06 02:24:44.507944','fde67312-80de-43bd-8c1a-196393822bfc',4),('41970346-313e-44b1-9d7f-017317ba4a79','Place a steaming rack or basket in a large pot with a lid (make sure your bowl will fit in the pot when covered with lid). Pour in water to come 2\" up sides of pot and bring to a simmer over medium heat. If using a Tatung steamer instead, add 1 cup water to steamer.','2022-04-06 02:13:49.613874','3107980b-9142-415e-9b29-b1ffe0e24119',4),('42138f1a-464f-443e-a2c4-f037db7574ed','Add the remaining 1 Tbsp cooking oil to the skillet and swirl to coat the surface. Add the garlic, ginger, and cooked and cooled rice to the skillet. Stir and cook for about 2 minutes, or until the rice is heated through.','2022-04-06 02:11:05.501951','e60e7c73-32ac-4170-916e-6a8a0733070c',4),('425d7b92-64ae-419c-81ab-c739806d4da2','Blend cacao nib mixture, coconut milk, coconut oil, and remaining 1 Tbsp. sugar in a blender on high speed until smooth and frothy, about 1 minute. Strain through a fine-mesh sieve, dividing between mugs.','2022-04-06 02:17:01.784837','30386c99-cc37-49c8-8110-7eabf566410c',2),('434d5074-1eb9-4f24-909e-5749fee29cd5','Remove soup from heat and stir in ½ cup plain Greek yogurt. Season generously with black pepper; taste for salt.','2022-04-06 02:25:08.983917','1ea1dea2-4aa0-4f76-9f5b-eb832e515554',9),('43ce3f6a-4113-4e3e-b0a8-b14c0ca41a2b','Carefully place bowl with egg mixture into steamer and cover immediately, leaving lid slightly askew for steam to escape. Reduce heat to medium-low and steam, adjusting heat as needed to keep water at a gentle boil, until egg mixture is set and jiggly when shaken, 12–15 minutes. If using a Tatung steamer, place bowl with egg mixture in steamer and cover with lid, propping open with a folded paper towel. Press cook switch and wait until switch bounces back, about 15 minutes.','2022-04-06 02:13:49.619859','3107980b-9142-415e-9b29-b1ffe0e24119',5),('45e5a05e-512a-4313-9d31-3ab16aa6712f','Meanwhile, whisk yogurt, sesame paste, a pinch of salt, remaining 1 tsp. lime juice, and remaining 1 tsp. honey in a small bowl until smooth.','2022-04-06 02:21:54.156602','666a0b5b-90a1-427b-940e-9316d3b67ef8',3),('58b90540-1131-4fdc-a10d-171bc336b574','Preheat oven to 450°. Toss potatoes, oil, salt, and pepper on a rimmed baking sheet.','2022-04-06 02:15:44.960065','f3248d19-b91e-46da-b3ab-8735aac7c391',1),('5d8fd2ca-40bd-4210-8251-cbf86c2e6cbb','Return pot to medium-low heat. Add 1 large onion, finely chopped, and cook, stirring often, until softened and translucent, about 3 minutes. Add one 2\" piece ginger, finely grated, and 4 garlic cloves, finely grated, and cook, stirring, until fragrant, about 1 minute. Add ¼ cup nutritional yeast and 1–2 Tbsp. chickpea miso or yellow miso (see headnote) and cook, stirring to coat, 30 seconds. Add 6 cups water, 1 tsp. Diamond Crystal or ½ tsp. Morton kosher salt, and remaining chickpeas and bring to a boil. Reduce heat, partially cover, and simmer gently, stirring occasionally, until flavors have melded, 15–20 minutes.','2022-04-06 02:24:44.495353','fde67312-80de-43bd-8c1a-196393822bfc',2),('618363ea-bd6d-4002-8754-8f28efe128c9','Place apples, celery root, grapes, and walnut pieces in a large bowl. Toss with about 1/2 cup of dressing. Add more dressing until salad components are well coated but not swimming in dressing. You might not need all the dressing.','2022-04-06 02:09:23.086392','dcfd256e-b215-4d56-9502-9fd095113a11',2),('61c5f939-ff1f-4d7e-8ff9-a92ef4a507be','Assemble the Coleslaw:','2022-03-20 23:18:49.367968','6570af5a-e811-45b8-a533-c4f06438e1ff',3),('6251bdb8-7d1b-48a9-8de0-83ebc03f758e','Meanwhile, prepare quinoa according to package instructions, boiling it with the cider vinegar and some of the lemon juice. When little white rings begin to form around the grains, drain any excess water and set quinoa aside.','2022-03-06 00:56:49.904226','ce7c42d8-f557-42e1-8e53-d9925bcafd3b',4),('635f5bc7-953a-4e35-aec8-b550aa2fa8a2','Quarter iceberg lettuce through the stem end. Remove any tired outer leaves. Tuck jalapeños and ½ cup herbs between lettuce leaves, dividing evenly. Tuck 2–3 pieces mortadella into each wedge; season with salt and pepper. Finely grate zest of lemon over wedges, then cut lemon in half.','2022-04-06 02:22:09.795390','1d732269-5ba6-4e29-a127-da0a2b6fa54f',1),('643b7dea-4375-44ca-bfd8-07b252c79480','Add half of florets to pot, cover, and cook until bright green, 3–5 minutes. Transfer to a blender, let cool for 5 minutes, and purée until smooth. Some blender advice: Don\'t fill your blender more than halfway—work in batches as necessary. To avoid explosions, remove the center lid from the blender and cover with a kitchen towel. Alternatively, use an immersion blender. Your soup won’t be quite as smooth, but it will still be great. Return purée to pot.','2022-04-06 02:25:08.964037','1ea1dea2-4aa0-4f76-9f5b-eb832e515554',6),('6532ad90-1202-44c5-b4e0-804c65d83453','Mix all ingredients together in a bowl, Season with sat and pepper, to taste.','2022-03-06 02:44:19.127485','3cd3f061-f3bc-4042-84c6-bb5f13722996',1),('675b343a-22bf-478a-912a-00ba6d6c8217','Working with one baking sheet at a time, bake cookies until golden brown around the edges, 13–15 minutes. Let cookies cool 5 minutes on baking sheets, then transfer to wire racks and let cool completely.','2022-04-06 02:18:29.970006','d1466bc9-050b-425e-ad8e-af0675f32354',4),('678994de-fc6f-4956-aae9-bcd470b8cc23','Using an electric mixer, beat eggs, oil, tahini, and vanilla in a large bowl on medium speed until creamy and emulsified, about 2 minutes. Beat in granulated sugar and brown sugar until combined, about 45 seconds. Reduce speed to low and beat in dry ingredients, chopped dates, and three quarters of chocolate, scraping down sides of bowl as needed, just until combined, about 30 seconds. Cover dough and chill at least 3 hours and up to 12 hours.','2022-04-06 02:18:29.961275','d1466bc9-050b-425e-ad8e-af0675f32354',2),('6afd4480-ca90-447c-9c9d-01e375c16a81','Place the eggs in a pot and cover with cold water by a 1/2-inch or so. Bring to a gentle boil. Now turn off the heat, cover, and let sit for exactly eight minutes. Have a big bowl of ice water ready and when the eggs are done cooking place them in the ice bath for three minutes or so - long enough to stop the cooking. Crack and peel each egg, place in a medium mixing bowl.','2022-03-13 23:39:14.289506','fed3dedf-43b3-4de5-9433-6028e601bcf1',2),('6c3b8e6a-f80d-4390-bbfe-4250aad13f6f','There should be a good amount of oil left in the skillet. Turn the heat up to medium-high. Add the diced carrots and stir and cook for about two minutes. Next add the bell pepper and the white firm ends of the green onions. Cook and stir for one minute more. Finally, add the frozen peas and stir and cook until heated through. Transfer the vegetables to a clean bowl or plate. ','2022-04-06 02:11:05.497328','e60e7c73-32ac-4170-916e-6a8a0733070c',3),('6d4d2744-97c7-4df1-9b93-88a6636d74ad','Blend the blueberries, yogurt, milk, sugar, vanilla, and nutmeg in a blender until frothy, scraping down the sides of the blender with a spatula occasionally. Serve immediately.','2022-04-06 02:06:13.018784','87c7f114-0945-4706-b90f-76de7818c35b',1),('70022cb3-1bf7-4577-afd5-6f4764afb8a9','Cream together toasted mini marshmallows, butter, oil, sugar, and marshmallow crème in a large bowl with an electric mixer until thoroughly incorporated and smooth, 2 to 3 minutes. Beat in egg whites, 1 at a time, mixing well after each addition. Mix in vanilla and almond extracts. Stir in half of the flour mixture until just combined. Mix in buttermilk until just combined. Stir in remaining flour mixture until just combined.','2022-04-06 02:05:00.866141','1be483a2-eafd-4db8-bc19-f45b9efb8a3c',5),('707e3c0e-e3fe-427a-bc13-7c8b46f4c2b4','Place mushrooms in a medium bowl and pour in 1½ cups hot water to cover. Let sit 30 minutes to rehydrate.','2022-04-06 02:13:49.592917','3107980b-9142-415e-9b29-b1ffe0e24119',1),('71a20c1a-0ed1-4dcb-818b-ac2812f00a94','Remove soup from heat and stir in 1 cup torn mixed tender herbs (such as basil, dill, cilantro, and/or parsley). If soup is too thick, thin with water. Taste and add up to ½ preserved lemon, rinsed, seeds removed, finely chopped, if desired (you may find the soup lemony enough as it is). Season with more salt if needed.','2022-04-06 02:24:55.010908','893397cd-a91f-4f09-a179-7376cef82601',4),('72a2fecf-c4df-44e7-b477-9a1d2db7c2fe','Meanwhile, chop reserved florets into small pieces (you can take the time to separate them into baby florets or just have at them with your chef’s knife). Grate 8 oz. sharp cheddar cheese on the large holes of a box grater. You should have about 2 1/2 cups.','2022-04-06 02:25:08.957335','1ea1dea2-4aa0-4f76-9f5b-eb832e515554',5),('72d735e4-7306-4dff-8e87-f9796f629646','Grind the sesame seeds in a mortar and pestle or by pulsing in a food processor or blender until it is a fine meal. Add the tahini, lime juice, coco aminos or soy sauce, mirin, sugar, and sriracha. Stir until well combined. Stir in the warm water and stir, stir, stir, until creamy and uniform. Taste and add more sriracha of you like.','2022-03-20 23:18:49.366193','6570af5a-e811-45b8-a533-c4f06438e1ff',2),('75c34f90-e445-4562-8585-9a9495aa4efd','Transfer tomato mixture along with any accumulated juices to a blender. Add 3 Tbsp. oil and purée on medium speed until smooth; season with salt and vinegar, if desired. Strain through a coarse-mesh sieve into a large bowl or pitcher and chill until cool, about 1 hour.','2022-04-06 02:25:28.559262','f852a4dc-e20b-4a41-acd6-789db0813143',2),('7649a416-874f-40e9-b315-e0328e3f8cb4','Transfer dough to prepared pan (you may find it easier to form into a ball first instead of working with clumps—entirely up to you) and press into pan in an even layer, working it all the way to the sides and corners.','2022-04-06 02:18:41.080867','a3e3c39d-34f8-42b7-9727-3711233f1bce',2),('76e79af8-f4eb-4fac-a055-06882af31249','Reduce oven temperature to 325° and remove foil from pan. Continue to bake bar until sides of curd are set but center still jiggles slightly when pan is gently shaken, 8–10 minutes more. Transfer pan to a wire rack and let bar cool, about 1 hour. Cover pan tightly with plastic wrap and chill at least 3 hours before serving.','2022-04-06 02:18:41.131251','a3e3c39d-34f8-42b7-9727-3711233f1bce',7),('790a4186-0aeb-4d86-9819-24bf1cecef23','Pour batter into the prepared cake pan, and spread into an even layer.','2022-04-06 02:05:00.872893','1be483a2-eafd-4db8-bc19-f45b9efb8a3c',6),('79cb92f4-74ac-4e74-bfc5-2e5be8721799','Cover cacao nibs, coconut flakes, salt, and 1 Tbsp. sugar with 2 cups boiling water in a medium heatproof bowl. Let steep, uncovered, 5 minutes.','2022-04-06 02:17:01.776913','30386c99-cc37-49c8-8110-7eabf566410c',1),('7bdd9b79-d8e4-48e8-b82b-4076d1446075','Chop together anchovy fillets, garlic, and pinch of salt. Use the side of a knife blade to mash into a paste, then scrape into a medium bowl. Whisk in egg yolks, 2 Tbsp. lemon juice, and mustard. Adding drop by drop to start, gradually whisk in olive oil, then vegetable oil; whisk until dressing is thick and glossy. Whisk in Parmesan. Season with salt, pepper, and more lemon juice, if desired.','2022-04-06 02:11:29.425844','f5762675-fe7e-4f23-83da-e8f379b8fef7',1),('80899ed9-969a-4e62-b54c-0fbc946e5189','Place a rack in middle of oven and preheat to 350°. Line an 8x8\" baking pan, preferably metal, with overlapping sheets of parchment paper, leaving generous overhang on all sides. Whisk flour, granulated sugar, salt, and baking powder in a large bowl to combine. Add butter and vanilla and mix with a rubber spatula until butter is evenly distributed. The dough should stick together in clumps while still remaining crumbly.','2022-04-06 02:18:41.073664','a3e3c39d-34f8-42b7-9727-3711233f1bce',1),('820c9dcc-f274-49ac-b962-fa29d2fd6b60','Meanwhile, purée olive oil, vinegar, miso, tahini, onion powder, soy sauce, sesame oil, and 2 Tbsp. water in a blender until smooth; season with salt and pepper.','2022-04-06 02:21:38.567427','a3b6891b-fad3-4c7a-9240-cbd0cb2fb132',2),('822df01b-ce2b-403a-8d7d-502a7cfebed1','While the shortbread is cooling, whisk flour, cream of tartar, and salt in a small bowl to combine. Vigorously whisk eggs, egg yolks, passion fruit juice, lemon juice, and granulated sugar in a large saucepan just to combine. Add dry ingredients and whisk to incorporate.','2022-04-06 02:18:41.101147','a3e3c39d-34f8-42b7-9727-3711233f1bce',4),('847612cc-32dd-415c-be0b-82ff79f66047','Add 8 cups good-quality low-sodium vegetable or chicken broth and 2 cups red lentils, rinsed, and bring to a boil, skimming foam from surface as needed. Reduce heat to medium-low, partially cover, and simmer, stirring occasionally, until lentils are very tender and soup is almost creamy, 35–45 minutes.','2022-04-06 02:24:54.997865','893397cd-a91f-4f09-a179-7376cef82601',2),('876cc651-5364-4fcc-be6e-feb92ef8c973','Cook bacon in a single layer in a large skillet over medium heat, turning occasionally, until browned and crisp, 10–12 minutes. Transfer to paper towels and let cool.','2022-04-06 02:21:38.560673','a3b6891b-fad3-4c7a-9240-cbd0cb2fb132',1),('87f21dc5-4dac-4240-a582-d93cba718792','Just before serving, toss salad with dark green scallion parts and shiso. Spread yogurt mixture over a shallow bowl. Using tongs, mound salad on top, leaving behind any liquid in bowl. Scatter sesame seeds and reserved quinoa over.','2022-04-06 02:21:54.166460','666a0b5b-90a1-427b-940e-9316d3b67ef8',4),('88e83935-918c-4f50-bfe1-7c868765da99','In a large pot, heat the olive oil over medium heat. Add onion and garlic and sear quickly. Lower heat, add all of the spices, and sauté for approx. 2 min. Add sweet potatoes, carrots, bell pepper and fennel and sauté for approx. 2 more min.','2022-03-06 00:56:49.901238','ce7c42d8-f557-42e1-8e53-d9925bcafd3b',2),('8a9fa50f-27a6-4f3b-8a0c-544a75573a82','Move steak over indirect heat (still positioning tenderloin side away from the heat) and grill, turning every 1–2 minutes and moving closer to or farther away from heat as needed to build even color, until an instant-read thermometer inserted into the thickest part of steak registers 120° for medium-rare, 10–12 minutes. Transfer to a wire rack set over a rimmed baking sheet and let rest 15–30 minutes.','2022-04-06 02:16:10.560137','e89aaa1b-efd1-444b-a26d-76f2c8a70e12',3),('8d4fc118-3827-4220-a98b-8858e2f7c5f7','Using a vegetable peeler, remove two 2\"-long strips of lemon zest. Thinly slice each strip lengthwise into thin strands; set aside for serving. Finely grate remaining zest into a large pot (like a Dutch oven). Cut lemon in half and squeeze out enough juice to yield 2 Tbsp. into a small bowl; set aside.','2022-04-06 02:12:34.801401','dd51b859-f756-4e11-8be5-f6209bb068e8',1),('8dc59338-86c5-4190-8491-ca3845872661','Combine flour, sugar, baking powder, baking soda, and salt in a large mixing bowl.','2022-04-03 00:48:58.080660','dd24945a-27fb-47d8-994f-7470d8aaf38a',2),('8e0a9fd2-a0e4-488c-8a96-0ce8c9dee4a8','Do ahead: Dough can be made 3 days ahead; cover and chill. Cookies can be made 4 days ahead; store airtight at room temperature.','2022-04-06 02:19:07.198054','ba62229e-0ab7-4b07-b4e8-de3b7d876f3b',5),('8ebcc2af-48eb-42a5-9b9a-c5afba60d997','Squeeze juice from remaining lemon half over wedges (seek to get cut sides completely drizzled in lemon juice). Drizzle dressing over and finish with a grind or two of pepper and more herbs.','2022-04-06 02:22:09.810485','1d732269-5ba6-4e29-a127-da0a2b6fa54f',3),('90006e30-eb9e-47d9-8585-758465557ba0','Meanwhile, trim bottoms of 2 heads of broccoli, then peel. Separate hefty stalks from florets (the thin, little stalks attached to broccoli tops are fine to leave attached to the crowns). Set aside florets. Coarsely chop stalks into 1\"–2\" pieces. Peel 1 medium russet potato. Coarsely chop into 1\"–2\" pieces.','2022-04-06 02:25:08.944785','1ea1dea2-4aa0-4f76-9f5b-eb832e515554',3),('90df7ce7-9709-4b5e-902e-906fac4f217c','Pour the soy sauce and toasted sesame oil over the rice. Stir the rice and sauce together until evenly combined. Turn the heat off.','2022-04-06 02:11:05.507208','e60e7c73-32ac-4170-916e-6a8a0733070c',5),('93ca93c3-9a06-4f45-a720-19b150216316','Transfer to a cutting board and cut meat away from each side of the bone, then slice crosswise. Serve topped with sauce and reserved peppercorns.','2022-04-06 02:16:10.567777','e89aaa1b-efd1-444b-a26d-76f2c8a70e12',4),('9580c945-254e-41fb-9280-71319dfb0f1f','Pour about ¼ cup of batter for each pancake onto the skillet. Cook until bubbles appear on the surface, 2 to 4 minutes. Flip pancake with a spatula, and cook until browned on the other side, 2 to 3 more minutes. Repeat with remaining batter. Serve immediately.','2022-04-03 00:48:58.095745','dd24945a-27fb-47d8-994f-7470d8aaf38a',5),('9778e53c-552b-448b-83c2-86b025020eac','Dunk bread in the egg mixture, soaking both sides. Transfer to the hot skillet and cook until golden, 3 to 4 minutes per side. Serve hot.','2022-03-20 22:14:34.291240','b4191208-a0a1-4ea3-a1ce-e6cdeca0af94',3),('97a0a890-781d-4821-b14d-f97a518eefc8','Divide soup among bowls. Top with cilantro leaves with tender stems (if using), chili oil, and reserved chickpeas.','2022-04-06 02:24:44.513864','fde67312-80de-43bd-8c1a-196393822bfc',5),('97e5ae1a-145e-4d5a-912d-f3224d3d5e89','Sprinkle with sesame seeds and sliced green onion and serve.','2022-04-06 02:04:37.624625','35a89094-78da-4931-96cc-d5cbf0f5d6fb',3),('989e0325-4a1e-44d7-add0-1015e2ffe1e5','Add teriyaki sauce, water chestnuts, pineapple, garlic, and ginger to the skillet; stir to combine. Turn the heat down, and simmer for about 5 minutes.','2022-04-06 02:04:37.617507','35a89094-78da-4931-96cc-d5cbf0f5d6fb',2),('9b070782-6c06-4e6a-9826-3374e9bfc093','Preheat the oven to 325 degrees F (165 degrees C) and place an oven rack in the middle of the oven. Line a 9-inch round cake pan with parchment paper and lightly grease it.','2022-04-06 02:05:00.854226','1be483a2-eafd-4db8-bc19-f45b9efb8a3c',3),('9c454e64-3990-4fea-b203-0a50809226c8','Arrange blood oranges, mangoes, avocados, and cherry tomatoes on a platter. Drizzle dressing over.','2022-04-06 02:22:34.203224','5bab4042-9684-4fae-ad3b-5f5de9350580',2),('9d37093e-4fb5-4d06-86a0-3a7c377145b6','Do Ahead: Slushy can be made 1 hour ahead. Store in blender jar in freezer, then reblend on high speed to reincorporate.','2022-04-06 02:27:10.804741','25c855c1-a417-4c89-8683-1485925a9870',2),('9d9ad7bc-365f-4a8b-b112-9e91480436ba','Combine the cabbages, carrots, apple, scallions, and cilantro in a large bowl. Drizzle with about half of the spicy sesame dressing. Toss until everything is nicely coated, and then toss a bit more. Decide if you want more dressing and add a bit at a time until it is to your liking.','2022-03-20 23:18:49.369226','6570af5a-e811-45b8-a533-c4f06438e1ff',4),('9fa24755-a2f7-44ba-b98d-58ddd4820806','Do ahead: Bars can be baked 3 days ahead. Keep chilled.','2022-04-06 02:18:41.143261','a3e3c39d-34f8-42b7-9727-3711233f1bce',9),('a10960be-63fb-4230-9597-2f97aa315a8f','Add espresso to hot chocolate mixture and stir to combine. Divide among mugs, then top with whipped cream and espresso beans, if desired.','2022-04-06 02:17:33.580136','6c629135-2f44-49dd-bb25-0141b773a34e',2),('a42f2485-6114-4c20-a5ec-e43d9e24f49e','Divide gazpacho among bowls. Top with cherry tomatoes, chives, reserved cucumber and red pepper pieces, and tomato seeds; drizzle with oil and season with salt. Serve with bread alongside.','2022-04-06 02:25:28.563316','f852a4dc-e20b-4a41-acd6-789db0813143',3),('a4a4329f-3a6e-4f1f-af3f-ba1695481051','Do Ahead: Pesto can be made 1 day ahead. Top with ½\" oil to prevent browning. Store in a covered container (an extra drizzle of oil on top will help prevent oxidation) and chill.','2022-04-06 02:15:22.650838','2e0c1573-6f3b-4c6b-90e4-5dff011b9673',2),('a4cba403-c6d8-441f-87cf-363730b80822','Just before pasta is al dente, scoop out 1½ cups pasta cooking liquid. Add ¾ cup pasta cooking liquid to cream sauce and return to medium heat. Using tongs, transfer spaghetti to pot with sauce (it’s okay if a little water comes along with it). Cook, tossing often and adding Parmesan little by little, until cheese is melted and sauce is creamy, about 3 minutes. If sauce looks tight, add 1–2 Tbsp. pasta cooking liquid. (Cream sauces tighten up very quickly as they cool, so it’s better to lean on the saucier side of things.) Stir in reserved lemon juice; season with more salt, if needed.','2022-04-06 02:12:34.825812','dd51b859-f756-4e11-8be5-f6209bb068e8',4),('a592f6f4-03b5-447c-9dab-0eacedef4c75','Prepare the vegetables before hand so they\'re ready to go when needed. Mince the garlic, grate the ginger, dice the carrot and bell pepper, slice the green onions (separate the green ends from the white ends), and measure the frozen peas.','2022-04-06 02:11:05.487393','e60e7c73-32ac-4170-916e-6a8a0733070c',1),('aab3031d-4348-4ae1-9a7c-7340457ed4c2','Add broccoli stalks and potato pieces to pot and stir to coat in butter. Pour in 5 cups water, add 1 Tbsp. salt, and bring to a boil over high heat. Reduce heat to medium-low and keep at a simmer. Cover pot and cook until broccoli stalks and potatoes are completely tender (test with a cake tester, paring knife, or fork), 20–25 minutes.','2022-04-06 02:25:08.951157','1ea1dea2-4aa0-4f76-9f5b-eb832e515554',4),('aafc5c95-182d-444d-be3b-daca180df2d5','Whisk together flour, baking powder, and salt in a small bowl.','2022-04-06 02:05:00.860298','1be483a2-eafd-4db8-bc19-f45b9efb8a3c',4),('ac75c77f-95b1-4b20-9d65-ea1258b36a0a','Prepare a grill for high indirect heat (for a charcoal grill, bank coals on one side of grill; for a gas grill, leave one or two burners off); oil grate with vegetable oil. Coarsely chop 2 Tbsp. peppercorns, then coarsely chop basil and mint right on top of peppercorns. Transfer to a small bowl and mix in olive oil; season with salt. Coarsely chop a few more peppercorns and set aside for serving.','2022-04-06 02:16:10.545117','e89aaa1b-efd1-444b-a26d-76f2c8a70e12',1),('b252ce7e-903f-48a9-bada-63edc3171e9c','Ladle soup into bowls. Top with garlic chips and more herbs and drizzle over reserved pepper oil.','2022-04-06 02:24:55.016765','893397cd-a91f-4f09-a179-7376cef82601',5),('b52d3d03-40a3-4254-a661-0c449e39c744','To assemble each egg salad sandwich: rub the toasts with garlic, place a bit of lettuce on a piece of toast, top with the egg salad mixture, and finish by creating a sandwich with a second piece of toast. Repeat with remaining slices.','2022-03-13 23:39:14.292716','fed3dedf-43b3-4de5-9433-6028e601bcf1',4),('b57d56c0-eab6-497e-b7ae-a659e3176217','Whisk ½ cup all-purpose flour, 1 tsp. Diamond Crystal or ½ tsp. Morton kosher salt, and 1 tsp. freshly ground black pepper in a medium bowl to combine. Place 2 large eggs in a shallow bowl and beat lightly to blend. Place 2 cups panko or coarse dried breadcrumbs in another shallow bowl.','2022-04-06 02:23:23.773826','85cb832a-a110-46ea-a7db-ccfcfbc883ab',1),('b5d66348-0dfe-40c6-8522-d81ba6236f00','Place bread on a cutting board and spread mayonnaise over top side of each; this is key to a golden, delectable crunch. Heat a small skillet (nonstick, ideally) over medium. Slide in half of butter. When it melts, place 1 slice of bread, mayonnaise side down, in skillet; top with cheese; season with pepper. Top with second slice of bread, mayonnaise side up. When underside is golden brown, about 4 minutes, turn sandwich and add remaining butter to skillet. Press down on sandwich to encourage even browning and to help melt cheese—be gentle, don’t smash it. Cook until second side is golden brown and cheese is melted. Eat immediately, preferably with soup.','2022-04-06 02:12:59.186747','b6807a17-f27c-42aa-a722-930084f8b211',1),('b8cbfd31-90c7-4ac3-9304-6cb494611936','Set saucepan over medium heat and cook curd, whisking constantly and making sure to get into the corners of the pan, until it begins to release steam and thicken, 9–12 minutes. Immediately remove pan from heat, add butter, and whisk until smooth.','2022-04-06 02:18:41.110777','a3e3c39d-34f8-42b7-9727-3711233f1bce',5),('b9cf8d28-8d18-41da-8e60-267730f02384','Peel and finely dice onion and garlic. Peel carrots and sweet potatoes and cut into bite-size pieces. Deseed and dice bell pepper. Remove leaves and core from fennel and chop rest into small pieces. Wash kale, remove leaves from stems, and cut or tear into bite-size pieces.','2022-03-06 00:56:49.899350','ce7c42d8-f557-42e1-8e53-d9925bcafd3b',1),('bb3db749-f0ec-4483-af3d-772d0296a999','Meanwhile, if using dried noodles, cook one 8–10 oz. package dried udon or other wheat noodles in a medium pot of boiling salted water according to package directions. Drain and rinse under cold water.','2022-04-06 02:24:44.501606','fde67312-80de-43bd-8c1a-196393822bfc',3),('bcd32bb7-2e6d-4fb0-ad9c-36421c4f7694','Mound salad into shallow bowls or on small plates. Arrange mozzarella fritters on top. Cut remaining 1 lemon into wedges. Serve fritters with store-bought pesto, ciabatta or other crusty bread (if using), and lemon wedges for squeezing over.','2022-04-06 02:23:23.791745','85cb832a-a110-46ea-a7db-ccfcfbc883ab',5),('bf6ed46e-2b6d-426c-b00d-685ba8e9ed49','Blend mango, coconut water, lime juice, salt, 1 tsp. pepper, and 2 cups ice in a blender until smooth. Divide among glasses, then sprinkle with more pepper.','2022-04-06 02:27:10.799693','25c855c1-a417-4c89-8683-1485925a9870',1),('c2aaf104-fc55-4aff-9001-99f70d779401','Meanwhile, add cream to pot with lemon zest and cook over medium heat, whisking often, until liquid is just beginning to simmer, about 2 minutes. Reduce heat to medium-low. Whisk in butter 1 Tbsp. at a time until melted and sauce is creamy and emulsified. Remove from heat.','2022-04-06 02:12:34.817332','dd51b859-f756-4e11-8be5-f6209bb068e8',3),('c5e79df6-a254-404a-8249-cce98255c8d3','Bring a large saucepan of salted water to a boil. Add quinoa, return to a boil, and cook, stirring occasionally, until tender, 12–15 minutes. Drain; set aside.','2022-04-06 02:21:54.138572','666a0b5b-90a1-427b-940e-9316d3b67ef8',1),('c6c2eafd-0e10-4100-858f-561d75ae3714','Pulse almond paste in a food processor until broken up into small pieces. Add granulated sugar, cocoa powder, salt, and espresso powder and pulse, scraping down sides of bowl as needed, until mixture is well combined and mostly powdery with a few small clumps. Add egg whites and process until smooth, about 1 minute. Pulse in flour until just combined.','2022-04-06 02:19:07.160006','ba62229e-0ab7-4b07-b4e8-de3b7d876f3b',1),('c99a774d-3ac9-4a3a-96af-dfe0acf615ed','Cut 2\" of the cucumber into ¼\" pieces and set aside for serving; coarsely chop remaining cucumber and place in a large bowl. Cut one-quarter of the bell pepper into ¼\" pieces and set aside for serving; coarsely chop remaining bell pepper and add to bowl with chopped cucumber. Add tomatoes to bowl and toss with shallot, garlic, 2 Tbsp. vinegar, and 1 Tbsp. salt. Let stand 30 minutes at room temperature to let flavors meld.','2022-04-06 02:25:28.554954','f852a4dc-e20b-4a41-acd6-789db0813143',1),('c9e9e390-3b85-45da-a049-1f1b1f1506f0','Carefully remove bowl from steamer (use a hot dish clip or heatproof gloves). Top steamed eggs with soy sauce, scallion, and chili crisp as desired.','2022-04-06 02:13:49.624866','3107980b-9142-415e-9b29-b1ffe0e24119',6),('cef884d8-3707-40ba-a0fe-9ba274a8106b','Heat 2 Tbsp. extra-virgin olive oil in a large Dutch oven or other heavy pot over medium. Cook 2 medium onions, chopped, 4 garlic cloves, finely chopped, and one 2\" piece ginger, scrubbed, finely chopped, stirring occasionally, until onions are softened, 6–8 minutes. Add 2 tsp. ground cumin and ¾ tsp. ground turmeric and stir to coat onions. Season with freshly ground black pepper. Add ½ preserved lemon, rinsed, seeds removed, finely chopped, and 3 Tbsp. double-concentrated tomato paste and cook, stirring often, until tomato paste is darkened in color, about 4 minutes.','2022-04-06 02:24:54.993062','893397cd-a91f-4f09-a179-7376cef82601',1),('d049164d-0e01-4c90-b9b0-dec9126b4390','Using smoothie or ice crush setting, purée banana, dates, coffee, cashews, oats, cocoa powder, cardamom, salt, and ½ cup ice in a blender until smooth.','2022-04-06 02:27:19.696025','97a5aba6-9d39-47da-b4a9-9e75d92d7e01',1),('d224330c-f177-4232-b251-80dbfdf2884c','Transfer dough to a medium bowl; fold in any dry spots with a rubber spatula if needed. Cover and chill at least 1 hour.','2022-04-06 02:19:07.165942','ba62229e-0ab7-4b07-b4e8-de3b7d876f3b',2),('d446961b-e843-4b42-8fda-9e1393253e73','Heat a large skillet over medium-low heat, and coat with cooking spray.','2022-04-03 00:48:58.091774','dd24945a-27fb-47d8-994f-7470d8aaf38a',4),('d4e11aed-3de7-4856-9ca6-cccb2acdcf10','Make the Spicy Sesame Dressing:','2022-03-20 23:18:49.363053','6570af5a-e811-45b8-a533-c4f06438e1ff',1),('d5752878-e13f-49c9-a2df-7e6d71d8d6ba','Squeeze juice from 1 lemon half into a measuring glass or medium bowl. Add buttermilk, sour cream, and oil. Finely grate in garlic clove and stir to combine. Season dressing with salt and pepper.','2022-04-06 02:22:09.802667','1d732269-5ba6-4e29-a127-da0a2b6fa54f',2),('d5fd89d3-ce7f-4c42-b411-2825426682bb','Serve immediately or cover and refrigerate for up to 24 hours.','2022-04-06 02:09:23.092528','dcfd256e-b215-4d56-9502-9fd095113a11',3),('d6b6aa8f-5daa-4f84-a066-d1a860800287','Mix yogurt and brown sugar together in a bowl to make dressing.','2022-04-06 02:09:06.030028','fcd030aa-35d1-4f31-95d6-f2bb0bd7c902',1),('d8805531-b5f3-4373-bb4d-a0088eee8145','Preheat oven to 350°. Toast pine nuts on a rimmed baking sheet (or quarter sheet pan), tossing once halfway through, until golden brown, 5–7 minutes. Transfer to a food processor and let cool. Add cheese and garlic and pulse until finely ground, about 1 minute. Add basil and place the top back on. With the motor running, add oil in a slow and steady stream until pesto is mostly smooth, with just a few flecks of green, about 1 minute. Season with salt.','2022-04-06 02:15:22.640867','2e0c1573-6f3b-4c6b-90e4-5dff011b9673',1),('e0d48a40-9f5d-45a7-bd86-431b55ba989a','Trim top and bottom from cabbage and slice center portion into 1½\"-thick rounds. Spoon 1–2 Tbsp. dressing onto each plate and top each with a cabbage round. Season cabbage lightly with salt. Drizzle 1–2 Tbsp. dressing over each and work it into the layers with the spoon. Drizzle any remaining dressing over.','2022-04-06 02:21:38.572795','a3b6891b-fad3-4c7a-9240-cbd0cb2fb132',3),('e1285ace-e62b-45ba-8be8-df4858fa4cea','Whisk together white and pale green scallion parts, chile, vinegar, 1 tsp. lime juice, and 1 tsp. honey in a large bowl. Add pear and cucumber; toss to coat. Season with salt; let salad sit 15 minutes.','2022-04-06 02:21:54.146763','666a0b5b-90a1-427b-940e-9316d3b67ef8',2),('e83a9dc9-8f6d-4eab-b44e-68cd45f0039a','Whisk mayonnaise, creme fraiche, lemon juice, tarragon, sugar, salt, black pepper, and cayenne together in a bowl.','2022-04-06 02:09:23.079040','dcfd256e-b215-4d56-9502-9fd095113a11',1),('ec625c30-9797-4190-afd1-ccfa8e15b57c','Mix together mayonnaise, lemon juice, and pepper in a medium bowl. Toss with chicken, toasted almonds, and celery.','2022-04-06 02:07:43.782627','fd273271-21a1-43b1-b0bb-4e8c22c19b21',2),('ecdbbc8a-ecbb-475e-a4e9-9759560f0cc6','Add the eggs and vegetables back to the skillet with the rice and stir to combine. Allow the residual heat to heat everything through. Top with the remaining green ends of the sliced green onions. Taste and adjust the soy sauce or sesame oil to your liking.','2022-04-06 02:11:05.511423','e60e7c73-32ac-4170-916e-6a8a0733070c',6),('ee8714ea-a177-4794-903f-6985781bdd4f','Cook pasta in another large pot of boiling heavily salted water, stirring occasionally, until very al dente (pasta will finish cooking in the sauce).','2022-04-06 02:12:34.810482','dd51b859-f756-4e11-8be5-f6209bb068e8',2),('ef72eab5-6f1d-45fa-a26e-6da23c9b4629','Serve sprinkled with some extra sesame seeds. Leftover coleslaw will keep covered in the refrigerator for a few days. Simply re-toss and enjoy.','2022-03-20 23:18:49.370436','6570af5a-e811-45b8-a533-c4f06438e1ff',5),('efcd7c9a-ce74-4d99-85fc-a9871a042c36','Transfer 1 cup pasta cooking liquid to a large skillet. Bring to a gentle simmer, then whisk in butter, no more than 1 tablespoon at a time, until melted. Whisking constantly, gradually add cheese, making sure it’s completely melted and incorporated before adding more. Add pasta and toss to coat, adding more pasta cooking liquid as needed, until sauce blankets noodles completely. Serve topped with pepper and more cheese.','2022-04-06 02:13:12.228920','4ddb632f-e9f1-4eed-a3bc-dc0984887e63',2),('f05b6758-a277-41d3-81cf-629daec303c0','Bake cookies, rotating baking sheets top to bottom and front to back halfway through, just until puffed and cracked and edges are set (cookies will look slightly underbaked between the cracks), 12–14 minutes. Let cool on baking sheets.','2022-04-06 02:19:07.191922','ba62229e-0ab7-4b07-b4e8-de3b7d876f3b',4),('f0de9bf8-4e15-4613-b2e1-31314baf823d','Heat remaining 4 Tbsp. extra-virgin olive oil in a medium skillet over medium. Working in 2 batches, carefully place mozzarella slices in pan and cook, turning halfway through, until golden brown, 5–7 minutes total. Using tongs, carefully transfer mozzarella fritters to paper towels to drain.','2022-04-06 02:23:23.787886','85cb832a-a110-46ea-a7db-ccfcfbc883ab',4),('f3eb6f33-2c34-43f9-a088-8d973456357e','Divide pasta among bowls. Top with finely grated Parmesan.','2022-04-06 02:15:22.677688','2e0c1573-6f3b-4c6b-90e4-5dff011b9673',5),('f479ab51-b762-4a5d-8efd-418cc0845412','Stir in water, vegetable stock, and tomatoes and bring to a boil. Reduce heat and let simmer for approx. 15 – 20 min. until sweet potatoes are softened, but still firm.','2022-03-06 00:56:49.903094','ce7c42d8-f557-42e1-8e53-d9925bcafd3b',3),('f685d2ce-ea12-45bf-86f3-fe8155aab0ed','Preheat oven to 375°. Toss bread with olive oil on a baking sheet; season with salt and pepper. Bake, tossing occasionally, until golden, 10–15 minutes.','2022-04-06 02:11:29.438499','f5762675-fe7e-4f23-83da-e8f379b8fef7',3),('f7299365-7bd1-4394-aec3-ad9d7ec737d6','Place 10 oz. spring greens salad mix or other mixed greens in a large bowl and evenly drizzle 2 Tbsp. extra-virgin olive oil over. Cut 1 lemon in half and squeeze juice over greens. Toss to coat, then season salad with salt and pepper.','2022-04-06 02:23:23.779331','85cb832a-a110-46ea-a7db-ccfcfbc883ab',2),('f9f88ce3-5d24-430b-aa86-987a337717b7','Do Ahead: Gazpacho can be made 1 day ahead; cover and chill.','2022-04-06 02:25:28.569717','f852a4dc-e20b-4a41-acd6-789db0813143',4),('fc2f6ff2-49c6-4dcc-a987-4d720989793b','Preheat the oven\'s broiler and place an oven rack a few inches below it. Line a baking sheet with parchment paper and lightly grease the parchment.','2022-04-06 02:05:00.841928','1be483a2-eafd-4db8-bc19-f45b9efb8a3c',1),('fdd709e0-a301-4700-bb79-7ad58f381d5c','Add eggs and hon-dashi to bowl of mushroom soaking liquid and whisk to combine. Strain through a fine-mesh sieve into a heatproof serving bowl (you will steam and serve from this bowl) to remove bubbles. Using a spoon, skim off any remaining bubbles, then gently sprinkle mushrooms over egg mixture.','2022-04-06 02:13:49.602620','3107980b-9142-415e-9b29-b1ffe0e24119',3),('fdef7100-070f-4eaa-9a95-785db7a178c6','Heat ¼ cup vegetable oil in a large heavy-bottomed pot over medium-high. Pat dry a heaping ½ cup rinsed chickpeas (from two 15.5-oz. cans) and add to pot (stand back to avoid pops and splatters). Cook, stirring often, until chickpeas are golden brown with crisp outer shells, about 3 minutes. Remove pot from heat. Using a slotted spoon, transfer chickpeas to a plate, leaving oil behind. Season chickpeas with kosher salt and nutritional yeast; set aside.','2022-04-06 02:24:44.486156','fde67312-80de-43bd-8c1a-196393822bfc',1),('feb340b2-f43a-4e1c-a719-3c3fd0f1dd96','Place pesto and 2 Tbsp. unsalted butter, cut into pieces, in a large bowl. Add pasta and ¼ cup pasta cooking liquid. Using tongs, toss vigorously, adding more pasta cooking liquid if needed, until pasta is glossy and well coated with sauce. Season with salt.','2022-04-06 02:15:22.667489','2e0c1573-6f3b-4c6b-90e4-5dff011b9673',4);
/*!40000 ALTER TABLE `instructions` ENABLE KEYS */;
UNLOCK TABLES;

--
-- Table structure for table `meal`
--

DROP TABLE IF EXISTS `meal`;
/*!40101 SET @saved_cs_client     = @@character_set_client */;
/*!50503 SET character_set_client = utf8mb4 */;
CREATE TABLE `meal` (
  `id` varchar(36) NOT NULL,
  `name` varchar(255) NOT NULL,
  `index` int NOT NULL,
  PRIMARY KEY (`id`)
) ENGINE=InnoDB DEFAULT CHARSET=utf8mb4 COLLATE=utf8mb4_0900_ai_ci;
/*!40101 SET character_set_client = @saved_cs_client */;

--
-- Dumping data for table `meal`
--

LOCK TABLES `meal` WRITE;
/*!40000 ALTER TABLE `meal` DISABLE KEYS */;
INSERT INTO `meal` VALUES ('3d48cdf0-8b17-45fe-a7fd-b5aa32971615','Breakfast',1),('54187012-3fc6-4328-adaf-9a21ed3caaf9','Lunch',2),('69bfb57b-b8f4-47fc-b020-7b483b9def39','Dinner',3);
/*!40000 ALTER TABLE `meal` ENABLE KEYS */;
UNLOCK TABLES;

--
-- Table structure for table `meal_recipes`
--

DROP TABLE IF EXISTS `meal_recipes`;
/*!40101 SET @saved_cs_client     = @@character_set_client */;
/*!50503 SET character_set_client = utf8mb4 */;
CREATE TABLE `meal_recipes` (
  `id` int NOT NULL AUTO_INCREMENT,
  `recipeId` varchar(36) DEFAULT NULL,
  `mealId` varchar(36) DEFAULT NULL,
  `userId` varchar(36) DEFAULT NULL,
  `date` varchar(255) NOT NULL,
  `cooked` tinyint NOT NULL DEFAULT '0',
  PRIMARY KEY (`id`),
  KEY `FK_2fcbd4f4f265864015c6798229a` (`recipeId`),
  KEY `FK_6cdc1d6f4cd1ea58226c62627a3` (`mealId`),
  KEY `FK_e87883d8364c145522aaa464c15` (`userId`),
  CONSTRAINT `FK_2fcbd4f4f265864015c6798229a` FOREIGN KEY (`recipeId`) REFERENCES `recipes` (`id`) ON DELETE CASCADE ON UPDATE CASCADE,
  CONSTRAINT `FK_6cdc1d6f4cd1ea58226c62627a3` FOREIGN KEY (`mealId`) REFERENCES `meal` (`id`) ON DELETE CASCADE ON UPDATE CASCADE,
  CONSTRAINT `FK_e87883d8364c145522aaa464c15` FOREIGN KEY (`userId`) REFERENCES `users` (`id`) ON DELETE CASCADE ON UPDATE CASCADE
) ENGINE=InnoDB AUTO_INCREMENT=26 DEFAULT CHARSET=utf8mb4 COLLATE=utf8mb4_0900_ai_ci;
/*!40101 SET character_set_client = @saved_cs_client */;

--
-- Dumping data for table `meal_recipes`
--

LOCK TABLES `meal_recipes` WRITE;
/*!40000 ALTER TABLE `meal_recipes` DISABLE KEYS */;
INSERT INTO `meal_recipes` VALUES (7,'fed3dedf-43b3-4de5-9433-6028e601bcf1','54187012-3fc6-4328-adaf-9a21ed3caaf9','5b6683dc-4f86-4247-8ac1-22a1910d5a9e','3/31/2022',0),(8,'b4191208-a0a1-4ea3-a1ce-e6cdeca0af94','3d48cdf0-8b17-45fe-a7fd-b5aa32971615','5b6683dc-4f86-4247-8ac1-22a1910d5a9e','4/1/2022',0),(9,'fed3dedf-43b3-4de5-9433-6028e601bcf1','54187012-3fc6-4328-adaf-9a21ed3caaf9','e99113a7-f9cc-4cd2-afff-52ce32900a65','4/2/2022',0),(10,'ce7c42d8-f557-42e1-8e53-d9925bcafd3b','54187012-3fc6-4328-adaf-9a21ed3caaf9','e99113a7-f9cc-4cd2-afff-52ce32900a65','4/3/2022',0),(11,'ce7c42d8-f557-42e1-8e53-d9925bcafd3b','69bfb57b-b8f4-47fc-b020-7b483b9def39','5b6683dc-4f86-4247-8ac1-22a1910d5a9e','4/3/2022',0),(12,'6570af5a-e811-45b8-a533-c4f06438e1ff','54187012-3fc6-4328-adaf-9a21ed3caaf9','f2720afa-4b05-4816-8a1d-91d897db2856','4/3/2022',1),(13,'dd24945a-27fb-47d8-994f-7470d8aaf38a','54187012-3fc6-4328-adaf-9a21ed3caaf9','f2720afa-4b05-4816-8a1d-91d897db2856','4/3/2022',1),(14,'fed3dedf-43b3-4de5-9433-6028e601bcf1','3d48cdf0-8b17-45fe-a7fd-b5aa32971615','f2720afa-4b05-4816-8a1d-91d897db2856','4/4/2022',1),(15,'b4191208-a0a1-4ea3-a1ce-e6cdeca0af94','54187012-3fc6-4328-adaf-9a21ed3caaf9','f2720afa-4b05-4816-8a1d-91d897db2856','4/5/2022',1),(16,'dd24945a-27fb-47d8-994f-7470d8aaf38a','54187012-3fc6-4328-adaf-9a21ed3caaf9','f2720afa-4b05-4816-8a1d-91d897db2856','4/5/2022',1),(17,'85cb832a-a110-46ea-a7db-ccfcfbc883ab','54187012-3fc6-4328-adaf-9a21ed3caaf9','5b6683dc-4f86-4247-8ac1-22a1910d5a9e','4/7/2022',1),(18,'893397cd-a91f-4f09-a179-7376cef82601','54187012-3fc6-4328-adaf-9a21ed3caaf9','5b6683dc-4f86-4247-8ac1-22a1910d5a9e','4/6/2022',1),(19,'4ddb632f-e9f1-4eed-a3bc-dc0984887e63','54187012-3fc6-4328-adaf-9a21ed3caaf9','5b6683dc-4f86-4247-8ac1-22a1910d5a9e','4/7/2022',0),(20,'25c855c1-a417-4c89-8683-1485925a9870','54187012-3fc6-4328-adaf-9a21ed3caaf9','5b6683dc-4f86-4247-8ac1-22a1910d5a9e','4/7/2022',0),(21,'30386c99-cc37-49c8-8110-7eabf566410c','3d48cdf0-8b17-45fe-a7fd-b5aa32971615','35909965-f8f6-406f-beec-432745018edf','4/7/2022',1),(22,'15b901f9-3232-4f6e-9664-a243c932fe32','3d48cdf0-8b17-45fe-a7fd-b5aa32971615','0d5dcf88-a9ab-4aa5-9cd9-823db91cbc86','4/8/2022',0),(23,'25c855c1-a417-4c89-8683-1485925a9870','54187012-3fc6-4328-adaf-9a21ed3caaf9','0d5dcf88-a9ab-4aa5-9cd9-823db91cbc86','4/8/2022',0),(24,'15b901f9-3232-4f6e-9664-a243c932fe32','3d48cdf0-8b17-45fe-a7fd-b5aa32971615','18bc79e3-c438-4263-8eec-0240442bc943','4/8/2022',0),(25,'15b901f9-3232-4f6e-9664-a243c932fe32','3d48cdf0-8b17-45fe-a7fd-b5aa32971615','71074605-e2ef-44cb-8548-19021f1279ac','4/8/2022',0);
/*!40000 ALTER TABLE `meal_recipes` ENABLE KEYS */;
UNLOCK TABLES;

--
-- Table structure for table `moods`
--

DROP TABLE IF EXISTS `moods`;
/*!40101 SET @saved_cs_client     = @@character_set_client */;
/*!50503 SET character_set_client = utf8mb4 */;
CREATE TABLE `moods` (
  `id` varchar(36) NOT NULL,
  `name` varchar(255) NOT NULL,
  `icon` varchar(255) NOT NULL,
  `active` tinyint NOT NULL DEFAULT '1',
  PRIMARY KEY (`id`)
) ENGINE=InnoDB DEFAULT CHARSET=utf8mb4 COLLATE=utf8mb4_0900_ai_ci;
/*!40101 SET character_set_client = @saved_cs_client */;

--
-- Dumping data for table `moods`
--

LOCK TABLES `moods` WRITE;
/*!40000 ALTER TABLE `moods` DISABLE KEYS */;
INSERT INTO `moods` VALUES ('13b94d8f-400a-472e-91b5-70afcc49cfaf','Energetic','💃',1),('55410636-a11f-496c-ac99-81b5c0db21a7','Normal','👌',1),('7eb703ff-4717-4f9b-8450-69a2c2191389','Mad','😤',1),('9cb24865-8634-4f2c-9451-a4b4fe6aa769','Good','🙃',1),('bd9a49c5-a416-43b8-b762-c1bbe30cd5de','Tired','😩',1),('dc21d004-7585-4a89-8dc1-a3e3d386a0ca','Sad','😔',1),('e14d4ea7-19a6-455e-bcf5-3e5b48fedd16','Happy','😄',1),('e24e1415-39c6-41ca-9498-96f1d7dd30af','Stressed','😥',1),('f7335a28-cd26-4059-8c48-0e5e16b5b8f2','Calm','🧘‍♀️',1),('ff7cad92-fe4e-42c2-bdb6-a1eed8b7b87b','Excited','👏',1);
/*!40000 ALTER TABLE `moods` ENABLE KEYS */;
UNLOCK TABLES;

--
-- Table structure for table `moods_records`
--

DROP TABLE IF EXISTS `moods_records`;
/*!40101 SET @saved_cs_client     = @@character_set_client */;
/*!50503 SET character_set_client = utf8mb4 */;
CREATE TABLE `moods_records` (
  `id` varchar(36) NOT NULL,
  `date` datetime NOT NULL,
  `moodId` varchar(36) DEFAULT NULL,
  `userId` varchar(36) DEFAULT NULL,
  `created_at` datetime(6) NOT NULL DEFAULT CURRENT_TIMESTAMP(6),
  PRIMARY KEY (`id`),
  KEY `FK_fa776a74e06bb9d169f5850528a` (`moodId`),
  KEY `FK_4fb18c49a1ec567c837f7baa30e` (`userId`),
  CONSTRAINT `FK_4fb18c49a1ec567c837f7baa30e` FOREIGN KEY (`userId`) REFERENCES `users` (`id`) ON DELETE CASCADE ON UPDATE CASCADE,
  CONSTRAINT `FK_fa776a74e06bb9d169f5850528a` FOREIGN KEY (`moodId`) REFERENCES `moods` (`id`) ON DELETE CASCADE ON UPDATE CASCADE
) ENGINE=InnoDB DEFAULT CHARSET=utf8mb4 COLLATE=utf8mb4_0900_ai_ci;
/*!40101 SET character_set_client = @saved_cs_client */;

--
-- Dumping data for table `moods_records`
--

LOCK TABLES `moods_records` WRITE;
/*!40000 ALTER TABLE `moods_records` DISABLE KEYS */;
INSERT INTO `moods_records` VALUES ('06710f38-1ec5-460c-87df-4339ff0be602','2022-03-07 03:55:05','55410636-a11f-496c-ac99-81b5c0db21a7','5b6683dc-4f86-4247-8ac1-22a1910d5a9e','2022-03-07 15:56:59.024570'),('18e0a66e-2cd8-4b7a-8ed4-e8987c9456a5','2022-04-10 00:49:52','13b94d8f-400a-472e-91b5-70afcc49cfaf','5b6683dc-4f86-4247-8ac1-22a1910d5a9e','2022-04-10 00:49:52.217624'),('1cc45cff-6902-4e41-bff7-0c498a76659d','2022-04-01 19:05:06','13b94d8f-400a-472e-91b5-70afcc49cfaf','e99113a7-f9cc-4cd2-afff-52ce32900a65','2022-04-01 19:05:06.408579'),('2a98203e-940f-4800-beb4-6188744b26a0','2022-03-05 16:31:01','bd9a49c5-a416-43b8-b762-c1bbe30cd5de','5b6683dc-4f86-4247-8ac1-22a1910d5a9e','2022-03-07 15:56:59.024570'),('2fc568b6-8576-488e-9c72-fb50bdb82a8f','2022-04-06 02:55:37','55410636-a11f-496c-ac99-81b5c0db21a7','5b6683dc-4f86-4247-8ac1-22a1910d5a9e','2022-04-06 02:55:36.885883'),('3402779d-5b23-4a81-8316-289ebdba30e7','2022-03-05 20:41:31','55410636-a11f-496c-ac99-81b5c0db21a7','5b6683dc-4f86-4247-8ac1-22a1910d5a9e','2022-03-07 15:56:59.024570'),('3c6f8f4d-b412-448e-afc3-b2ba178bd0b6','2022-03-05 20:41:33','13b94d8f-400a-472e-91b5-70afcc49cfaf','5b6683dc-4f86-4247-8ac1-22a1910d5a9e','2022-03-07 15:56:59.024570'),('4fa951dd-3909-4320-a279-00f0eb17014b','2022-03-30 19:03:10','13b94d8f-400a-472e-91b5-70afcc49cfaf','5b6683dc-4f86-4247-8ac1-22a1910d5a9e','2022-03-30 19:03:09.584384'),('558698bf-c88f-4a11-8945-11fe2005416e','2022-04-07 19:38:55','13b94d8f-400a-472e-91b5-70afcc49cfaf','35909965-f8f6-406f-beec-432745018edf','2022-04-07 19:38:55.457508'),('58725d05-3129-43da-9833-8f7ee48731c4','2022-03-09 20:42:40','e24e1415-39c6-41ca-9498-96f1d7dd30af','788d0c7c-d4d5-4f04-a9c9-0099c658a3ba','2022-03-09 20:42:39.795691'),('5b40ee3e-aefc-43e3-a72e-935ac83b4b17','2022-03-05 20:57:43','e14d4ea7-19a6-455e-bcf5-3e5b48fedd16','5b6683dc-4f86-4247-8ac1-22a1910d5a9e','2022-03-07 15:56:59.024570'),('600ad897-f868-4a66-953c-f4aa6dd6bfd5','2022-03-30 19:28:30','e14d4ea7-19a6-455e-bcf5-3e5b48fedd16','e99113a7-f9cc-4cd2-afff-52ce32900a65','2022-03-30 19:28:29.876680'),('6063c9f3-71e1-4bd2-9e2e-424f5b121d40','2022-04-06 02:55:37','13b94d8f-400a-472e-91b5-70afcc49cfaf','5b6683dc-4f86-4247-8ac1-22a1910d5a9e','2022-04-06 02:55:36.878708'),('67d859d9-1402-4b41-8469-f937116e0ec4','2022-04-05 20:20:33','e14d4ea7-19a6-455e-bcf5-3e5b48fedd16','f2720afa-4b05-4816-8a1d-91d897db2856','2022-04-05 20:20:33.174054'),('71a422ec-9747-4387-8bf9-d65cb95051e6','2022-03-07 03:55:05','13b94d8f-400a-472e-91b5-70afcc49cfaf','5b6683dc-4f86-4247-8ac1-22a1910d5a9e','2022-03-07 15:56:59.024570'),('73be164e-6d5c-4ed0-b629-0ced4ed383c1','2022-04-06 02:55:37','e14d4ea7-19a6-455e-bcf5-3e5b48fedd16','5b6683dc-4f86-4247-8ac1-22a1910d5a9e','2022-04-06 02:55:36.893827'),('73ede8aa-0814-44c7-92be-bc02606bd357','2022-04-05 20:20:24','e14d4ea7-19a6-455e-bcf5-3e5b48fedd16','f2720afa-4b05-4816-8a1d-91d897db2856','2022-04-05 20:20:23.645200'),('7b58b068-0485-4680-9284-5b36b6a72283','2022-03-05 20:57:44','e14d4ea7-19a6-455e-bcf5-3e5b48fedd16','5b6683dc-4f86-4247-8ac1-22a1910d5a9e','2022-03-07 15:56:59.024570'),('7dcdc08a-bce5-4229-a785-c5def878d75b','2022-03-05 20:57:41','e14d4ea7-19a6-455e-bcf5-3e5b48fedd16','5b6683dc-4f86-4247-8ac1-22a1910d5a9e','2022-03-07 15:56:59.024570'),('7eb2f509-56fe-41d4-b783-1688b22909a9','2022-04-05 20:20:04','13b94d8f-400a-472e-91b5-70afcc49cfaf','f2720afa-4b05-4816-8a1d-91d897db2856','2022-04-05 20:20:03.792488'),('88cd5317-f3ef-44d4-a77e-689c55a86f57','2022-03-30 19:28:30','13b94d8f-400a-472e-91b5-70afcc49cfaf','e99113a7-f9cc-4cd2-afff-52ce32900a65','2022-03-30 19:28:29.865780'),('8f5d08a6-9faa-488f-a474-08662674e5ad','2022-04-10 00:49:52','9cb24865-8634-4f2c-9451-a4b4fe6aa769','5b6683dc-4f86-4247-8ac1-22a1910d5a9e','2022-04-10 00:49:52.254801'),('99861589-ddae-4e03-803c-0008e0af06e1','2022-04-07 19:39:01','f7335a28-cd26-4059-8c48-0e5e16b5b8f2','35909965-f8f6-406f-beec-432745018edf','2022-04-07 19:39:00.846645'),('a13b5416-8d49-487f-bf30-27f076c23232','2022-03-05 20:41:37','13b94d8f-400a-472e-91b5-70afcc49cfaf','5b6683dc-4f86-4247-8ac1-22a1910d5a9e','2022-03-07 15:56:59.024570'),('a30c4423-ad78-452c-8b99-5aee1d0b4374','2022-04-01 19:05:06','bd9a49c5-a416-43b8-b762-c1bbe30cd5de','e99113a7-f9cc-4cd2-afff-52ce32900a65','2022-04-01 19:05:06.417198'),('a40a656d-2ac5-4a4f-8556-50b0d5c8d7ce','2022-03-07 17:10:43','55410636-a11f-496c-ac99-81b5c0db21a7','5b6683dc-4f86-4247-8ac1-22a1910d5a9e','2022-03-07 17:10:43.012082'),('a8266dc3-7a87-4511-b19b-70e1a4efbc69','2022-04-01 19:05:06','9cb24865-8634-4f2c-9451-a4b4fe6aa769','e99113a7-f9cc-4cd2-afff-52ce32900a65','2022-04-01 19:05:06.414292'),('aad88201-9bdd-49bf-9e58-2b9091f204e1','2022-04-05 20:20:12','55410636-a11f-496c-ac99-81b5c0db21a7','f2720afa-4b05-4816-8a1d-91d897db2856','2022-04-05 20:20:12.232317'),('b100048e-9b52-44c5-b429-498474c2863a','2022-03-07 18:09:23','13b94d8f-400a-472e-91b5-70afcc49cfaf','5b6683dc-4f86-4247-8ac1-22a1910d5a9e','2022-03-07 18:09:23.099298'),('bb42a3bd-be87-43a0-ab84-1d8c33c68d3b','2022-04-10 00:49:52','f7335a28-cd26-4059-8c48-0e5e16b5b8f2','5b6683dc-4f86-4247-8ac1-22a1910d5a9e','2022-04-10 00:49:52.266836'),('c18859d6-5513-455d-be3d-71036684996f','2022-04-05 20:20:12','7eb703ff-4717-4f9b-8450-69a2c2191389','f2720afa-4b05-4816-8a1d-91d897db2856','2022-04-05 20:20:12.237949'),('c7447af8-d300-4c5f-a643-51f022233f68','2022-04-07 19:39:01','e14d4ea7-19a6-455e-bcf5-3e5b48fedd16','35909965-f8f6-406f-beec-432745018edf','2022-04-07 19:39:00.837041'),('c7be4498-5c8f-41c5-97a2-d52174e7625a','2022-03-07 17:10:53','55410636-a11f-496c-ac99-81b5c0db21a7','5b6683dc-4f86-4247-8ac1-22a1910d5a9e','2022-03-07 17:10:53.462844'),('d3deba38-70f5-4393-b86f-986eee3ad667','2022-03-05 20:57:26','9cb24865-8634-4f2c-9451-a4b4fe6aa769','5b6683dc-4f86-4247-8ac1-22a1910d5a9e','2022-03-07 15:56:59.024570'),('e0447a2c-7e5f-4ff2-813d-a034af07df45','2022-04-06 02:55:37','ff7cad92-fe4e-42c2-bdb6-a1eed8b7b87b','5b6683dc-4f86-4247-8ac1-22a1910d5a9e','2022-04-06 02:55:36.899761'),('eb3d3e3c-3f92-4732-aed1-b5631cf226c3','2022-03-30 19:28:30','f7335a28-cd26-4059-8c48-0e5e16b5b8f2','e99113a7-f9cc-4cd2-afff-52ce32900a65','2022-03-30 19:28:29.881580'),('ef873270-42ca-4a5b-bb17-d6578e3addf9','2022-03-05 20:41:35','7eb703ff-4717-4f9b-8450-69a2c2191389','5b6683dc-4f86-4247-8ac1-22a1910d5a9e','2022-03-07 15:56:59.024570'),('fcc18401-46c0-4281-8873-4ce32cafce6d','2022-04-05 20:20:24','e24e1415-39c6-41ca-9498-96f1d7dd30af','f2720afa-4b05-4816-8a1d-91d897db2856','2022-04-05 20:20:23.656507'),('fe287069-9b81-451b-9e18-ac9f410581ea','2022-03-05 20:41:31','13b94d8f-400a-472e-91b5-70afcc49cfaf','5b6683dc-4f86-4247-8ac1-22a1910d5a9e','2022-03-07 15:56:59.024570');
/*!40000 ALTER TABLE `moods_records` ENABLE KEYS */;
UNLOCK TABLES;

--
-- Table structure for table `nutrition`
--

DROP TABLE IF EXISTS `nutrition`;
/*!40101 SET @saved_cs_client     = @@character_set_client */;
/*!50503 SET character_set_client = utf8mb4 */;
CREATE TABLE `nutrition` (
  `id` varchar(36) NOT NULL,
  `code` varchar(255) NOT NULL,
  `name` varchar(255) NOT NULL,
  `unit` varchar(255) NOT NULL,
  PRIMARY KEY (`id`)
) ENGINE=InnoDB DEFAULT CHARSET=utf8mb4 COLLATE=utf8mb4_0900_ai_ci;
/*!40101 SET character_set_client = @saved_cs_client */;

--
-- Dumping data for table `nutrition`
--

LOCK TABLES `nutrition` WRITE;
/*!40000 ALTER TABLE `nutrition` DISABLE KEYS */;
INSERT INTO `nutrition` VALUES ('04a17b42-9c5a-4d14-a346-aac8ff1e996a','K','Potassium, K','mg'),('05203218-b755-4707-b69c-8fcd970ccc9f','TOCPHA','Vitamin E (alpha-tocopherol)','mg'),('12bea159-d23d-4aa1-b8b5-87dcdd317492','FAPU','Fatty acids, total polyunsaturated','g'),('16a37c47-3e05-45ae-b441-9fe5729807c2','THIA','Thiamin','mg'),('1a49414f-5edd-45a6-81b9-db91a615e601','VITD','Vitamin D (D2 + D3)','µg'),('1d1b52fc-ca72-4587-8533-d3d761c1f454','FOLFD','Folate, food','µg'),('1f517980-9b27-40e0-920e-f88120b8503e','PROCNT','Protein','g'),('2bb50176-fcb0-46e2-9469-9305bb605ac9','SUGAR.added','Added sugar','g'),('3103bd20-afb9-4c66-9753-8b00d6017193','CHOLE','Cholesterol','mg'),('32b911bd-0611-4610-ad03-987b0853ada0','FAT','Total lipid (fat)','g'),('331a0f8f-70eb-437d-9122-2a3ed76536a9','FOLDFE','Folate, DFE','µg'),('359a18ad-62dd-4ea6-a13c-fcc3f9bba9a7','SUGAR','Sugars, total','g'),('400b9868-cdee-4c6c-924f-27c25bfa6b28','VITC','Vitamin C, total ascorbic acid','mg'),('432f0a87-1a87-449a-abf0-dbdc73a2d1c1','P','Phosphorus, P','mg'),('5260e649-9b8c-4192-aa6b-72dbcb0a55cb','VITB12','Vitamin B-12','µg'),('5444b4ca-c639-4d0c-85c4-8fea99d16d4b','CHOCDF','Carbohydrate, by difference','g'),('5d98a6e9-b639-4a90-9f74-86e2909437df','FAMS','Fatty acids, total monounsaturated','g'),('667bca12-89ad-4bae-abca-2c3dc085d78f','ZN','Zinc, Zn','mg'),('6d1c7e6e-f51f-4c7f-82f6-a30deb42eb27','VITA_RAE','Vitamin A, RAE','µg'),('6e283f44-5288-4a0b-83f4-5726babe2722','Sugar.alcohol','Sugar alcohols','g'),('746d230a-fc8b-42a0-bd44-c88456346ca6','CA','Calcium, Ca','mg'),('8588d5b4-8a19-41ed-9729-9fcf37d55b01','RIBF','Riboflavin','mg'),('8661d1d3-3c97-46e6-85fe-a9246bbe6e8c','FOLAC','Folic acid','µg'),('8c1a7fd0-84e5-4698-92a4-f4f0dffd5a46','ENERC_KCAL','Energy','kcal'),('90f4101d-989c-454a-93da-fbde43afaf9a','NA','Sodium, Na','mg'),('93c883da-28ee-49a0-ae38-f64bbb822b7f','FASAT','Fatty acids, total saturated','g'),('9b84a10b-cdfa-4c66-9027-bfbd7d414d70','NIA','Niacin','mg'),('a431cd49-9250-4d3b-9efd-4838ec98922d','MG','Magnesium','mg'),('a548eb6e-fbb9-44da-8d9e-00184730c12b','FE','Iron, Fe','mg'),('b4e7b0c2-43b9-4b4a-ada9-4a76add4b352','FIBTG','Fiber, total dietary','g'),('d66e834e-5ebf-4aa7-972d-85068bba9835','WATER','Water','g'),('e4ce6ca1-1958-4c8a-86c5-ad5c3f1400fd','CA','Calcium','mg'),('eb75bf36-3fc3-4d23-b49a-309b87695465','VITB6A','Vitamin B-6','mg'),('f7c8409e-834b-4788-ad85-836a748ebf72','FATRN','Fatty acids, total trans','g'),('fc717f32-8aed-480e-bba5-b61c4d6116c2','CHOCDF.net','Carbohydrate (net)','g'),('fc875a22-c9b6-42f1-b4ca-a03b3d804926','VITK1','Vitamin K (phylloquinone)','µg');
/*!40000 ALTER TABLE `nutrition` ENABLE KEYS */;
UNLOCK TABLES;

--
-- Table structure for table `nutrition_recomendation`
--

DROP TABLE IF EXISTS `nutrition_recomendation`;
/*!40101 SET @saved_cs_client     = @@character_set_client */;
/*!50503 SET character_set_client = utf8mb4 */;
CREATE TABLE `nutrition_recomendation` (
  `id` varchar(36) NOT NULL,
  `name` varchar(255) NOT NULL,
  `code` varchar(255) DEFAULT NULL,
  `quantity` int NOT NULL,
  `unit` varchar(255) DEFAULT NULL,
  `population` varchar(255) NOT NULL,
  `ageStart` int NOT NULL,
  `ageEnd` int NOT NULL,
  PRIMARY KEY (`id`)
) ENGINE=InnoDB DEFAULT CHARSET=utf8mb4 COLLATE=utf8mb4_0900_ai_ci;
/*!40101 SET character_set_client = @saved_cs_client */;

--
-- Dumping data for table `nutrition_recomendation`
--

LOCK TABLES `nutrition_recomendation` WRITE;
/*!40000 ALTER TABLE `nutrition_recomendation` DISABLE KEYS */;
INSERT INTO `nutrition_recomendation` VALUES ('009135e9-9c11-484f-85b4-f1cc0c4256fb','Calcium','CA',1000,'mg','LACTATION',19,30),('018090a3-26ef-4277-bbce-a25bba2a5fa6','Water','WATER',2,'g','FEMALE',9,13),('01cdc246-024d-4b43-8a8b-92e08b0d5972','Vitamin A','VITA_RAE',600,'µg','FEMALE',9,13),('01e71ec9-fc97-4b25-b95c-5df3018ba462','Vitamin B-6','VITB6A',1,'mg','CHILDREN',4,8),('037728c1-7b48-4c69-974f-0b48c1eb4ed7','Protein','PROCNT',56,'g','MALE',70,100),('047ef358-6a42-45dc-a2f1-b4d271f7a9ca','Iron','FE',9,'mg','LACTATION',31,50),('0528938b-663f-49db-8037-95f024ce08a1','Niacin','NIA',6,'mg','CHILDREN',1,3),('054bae58-f594-4dd6-bd71-3d86fb7a826a','Water','WATER',1,'g','CHILDREN',1,3),('054c5a29-7195-4de0-8139-54c5a2252dd9','Magnesium','MG',400,'mg','MALE',19,30),('05f4bf51-4d2d-4cef-b477-5d22daa711e2','Iron','FE',8,'mg','MALE',70,100),('0654ea6f-4ddf-4213-90bc-1e1ff36b4380','Fat','FAPU',-1,'g','FEMALE',31,50),('06adfcc6-3eb3-4a3b-a25d-fd2f0231a588','Phosphorus','P',700,'mg','FEMALE',19,30),('06c0b9bf-1a71-40c0-b89c-54c9260bcd63','Magnesium','MG',320,'mg','FEMALE',31,50),('08031125-8a64-4602-8fa9-5d7b40260305','Water','WATER',3,'g','PREGNANCY',14,18),('0862de55-e732-45d0-aba8-4042ce27d1a3','Vitamin B-12','VITB12',3,'µg','LACTATION',14,18),('09022413-99bb-4669-8308-a62e74421aac','Iron','FE',27,'mg','PREGNANCY',31,50),('0930f719-96fc-43f0-aa00-8219843384f1','Phosphorus','P',1250,'mg','MALE',14,18),('0aa8d6dd-2b75-47c0-8be5-a49542d62d34','Fiber','FIBTG',28,'g','PREGNANCY',14,18),('0aebb70f-7074-4750-84e1-93cd80b58083','Sodium','NA',1500,'mg','MALE',19,30),('0b432814-951d-4dbe-a029-661d511d661c','Iron','FE',9,'mg','LACTATION',19,30),('0b6f5659-5e0f-467c-99d3-b15e482ad50a','Iron','FE',15,'mg','FEMALE',14,18),('0bdcefc4-dbe4-4259-a17a-88df79b029d9','Vitamin C','VITC',85,'mg','PREGNANCY',19,30),('0c6ea532-1d4f-4073-956f-c69f53ec8b5c','Vitamin D','VITD',15,'µg','MALE',51,70),('0cd18641-2f6d-4062-9ece-ff34998df4c2','Zinc','ZN',12,'mg','LACTATION',19,30),('0d12db87-5077-4737-9d43-c899b829e741','Niacin','NIA',17,'mg','LACTATION',31,50),('0d2ed9b6-5c24-4c78-8e0f-4380bf047def','Potassium','K',2900,'mg','PREGNANCY',31,50),('0e4549ae-3848-4144-bdaf-174abacac9fb','Thiamin','THIA',1,'mg','MALE',14,18),('0ea2b5e8-57b9-4135-a0d0-5f1c46035b55','Folate','FOLFD',400,'µg','FEMALE',14,18),('0eeb499b-0052-49b3-9e96-982652c5ac58','Folate','FOLFD',400,'µg','MALE',31,50),('0f1bd6c1-a002-4d63-ad93-ab1c9e103bd3','Carbohydrate','CHOCDF',130,'g','MALE',14,18),('0fbc41b8-5d94-4a57-a5f1-7cc65379a1f4','Protein','PROCNT',71,'g','PREGNANCY',31,50),('10ecf246-cf98-4fa9-9fc9-ebaf24011769','Vitamin D','VITD',15,'µg','FEMALE',51,70),('118eae23-8d3c-4cbe-a592-2082abe2a9c8','Fiber','FIBTG',30,'g','MALE',70,100),('12242d42-f617-4721-abd3-1fd8e3700b17','Iron','FE',27,'mg','PREGNANCY',14,18),('125c4a93-bb28-4547-a84c-3e802560fd68','Carbohydrate','CHOCDF',130,'g','MALE',51,70),('1390f803-c318-4528-aec3-aea42326ed16','Vitamin K','VITK1',90,'µg','LACTATION',31,50),('13a0d334-3689-4ef3-9057-eb7d329c66de','Phosphorus','P',700,'mg','LACTATION',31,50),('14678bb5-bfbb-405b-940d-5edf5a832bfc','Phosphorus','P',460,'mg','CHILDREN',1,3),('14eb0012-9c60-4300-b43e-28ab0bcf0a31','Vitamin D','VITD',20,'µg','MALE',70,100),('150b1e00-0fe2-49b5-b8ec-6ab273b205af','Folate','FOLFD',400,'µg','FEMALE',31,50),('1591dec6-9370-459f-9d3c-4ea0523f418f','Protein','PROCNT',13,'g','CHILDREN',1,3),('15fb8889-adc1-4071-9e77-2b25c94c733f','Water','WATER',3,'g','FEMALE',19,30),('17462000-63c7-4783-8721-efcc634faf4b','Calcium','CA',1300,'mg','PREGNANCY',14,18),('174a0f0a-6769-4096-abbd-55654903d10c','Vitamin B-12','VITB12',2,'µg','MALE',31,50),('174adde7-9cbf-4350-893e-fab4d4b450eb','Folate','FOLFD',200,'µg','CHILDREN',4,8),('1777b492-59bf-477a-8a63-154f2cf2ece1','Sodium','NA',1500,'mg','LACTATION',19,30),('188dba7d-c6ff-4e42-b55c-6e2ace164ed9','Magnesium','MG',410,'mg','MALE',14,18),('18a898c0-3c7f-4e88-b17c-ebf24252ccb2','Vitamin K','VITK1',75,'µg','LACTATION',14,18),('18e7d73d-b570-47e0-8e15-654143e97fb2','Protein','PROCNT',46,'g','FEMALE',31,50),('1958a958-5dc1-423a-8f2a-25d950f9c150','Riboflavin','RIBF',1,'mg','FEMALE',70,100),('19960d10-b555-4310-8574-f65f447f2911','Sodium','NA',800,'mg','CHILDREN',1,3),('19e82a42-eca5-4789-98d2-41997ea021b8','Protein','PROCNT',71,'g','LACTATION',14,18),('1a1799a3-3f12-40ee-8981-e3151a08679c','Vitamin E','TOCPHA',15,'mg','PREGNANCY',31,50),('1a703451-2c3c-425d-b113-c7d535f3aa99','Vitamin B-6','VITB6A',2,'mg','PREGNANCY',19,30),('1a7b521f-c8cd-4d32-8661-f0ab29f3c48a','Iron','FE',18,'mg','FEMALE',31,50),('1c797ddc-41ff-4e48-9a94-c0e8b6860cbb','Iron','FE',8,'mg','MALE',9,13),('1d390db7-e882-4d96-9a1f-606eac52e047','Vitamin C','VITC',85,'mg','PREGNANCY',31,50),('1d9238f9-1200-470d-8fc2-f330653056b6','Potassium','K',2600,'mg','FEMALE',19,30),('1db9f7ce-f216-4cfc-90f2-837de6baba64','Water','WATER',3,'g','PREGNANCY',31,50),('1de03763-1ebe-4073-8833-7894f4d174c5','Phosphorus','P',1250,'mg','FEMALE',14,18),('1e472250-d3f0-4430-bd0e-921fd9d93bd3','Vitamin B-6','VITB6A',1,'mg','MALE',9,13),('1fecf0b0-4c1e-4cf4-a915-8a4b8473802b','Calcium','CA',1300,'mg','MALE',14,18),('20e99843-31e5-4e3d-8d09-ac6275bbb05e','Vitamin C','VITC',90,'mg','MALE',51,70),('20eb9713-9a5f-4c63-bb2a-9f896c412878','Niacin','NIA',14,'mg','FEMALE',14,18),('223587ef-c2c8-4b0b-8b5c-1a11f1b22533','Iron','FE',18,'mg','FEMALE',19,30),('22e2fde0-b0a4-4579-8f30-224862c10538','Calcium','CA',1000,'mg','MALE',19,30),('2345847a-0063-4c6a-a64b-71108b258929','Vitamin E','TOCPHA',15,'mg','PREGNANCY',19,30),('235ac1d0-10fe-4d11-b036-b34234c21627','Vitamin B-6','VITB6A',2,'mg','FEMALE',51,70),('23da8248-41f1-4e82-a0b6-67903fd5ff2e','Vitamin E','TOCPHA',15,'mg','MALE',31,50),('2418464c-7455-4049-af36-345cf4ec9d80','Riboflavin','RIBF',1,'mg','FEMALE',14,18),('2473f4b4-4242-40dc-a1d0-f22d967c04b7','Calcium','CA',1200,'mg','MALE',70,100),('24936857-f0cd-43de-a776-712bacf44b64','Vitamin K','VITK1',90,'µg','PREGNANCY',31,50),('24c17322-9d6f-4b47-b3fb-d0294d39b8f3','Niacin','NIA',17,'mg','LACTATION',19,30),('2528e86a-9abd-4237-b8e0-8dc06ee27a88','Vitamin K','VITK1',90,'µg','FEMALE',51,70),('2663e60c-af54-4bdd-a5d6-0b9be0dae87c','Vitamin K','VITK1',90,'µg','FEMALE',70,100),('2672bb04-355f-4d04-89ff-8d05db4eaeac','Niacin','NIA',18,'mg','PREGNANCY',14,18),('275a278c-ae9b-47b2-a4ef-19498666138d','Iron','FE',8,'mg','MALE',31,50),('27e55c3e-f076-48ba-96db-737167f46811','Vitamin D','VITD',15,'µg','PREGNANCY',19,30),('27e8687e-0826-4c86-9216-1df644873ed4','Vitamin E','TOCPHA',15,'mg','PREGNANCY',14,18),('284d1edb-7f71-4e02-b0d9-64fdb589e6ef','Protein','PROCNT',46,'g','FEMALE',70,100),('2900bd27-1d29-4514-ab3f-8fc8f81861c3','Folate','FOLFD',400,'µg','MALE',19,30),('29739c53-e6e8-41ff-b961-dc26263758ca','Protein','PROCNT',71,'g','LACTATION',31,50),('2c03e102-e221-499e-8a2d-ca0657a15dab','Sodium','NA',1500,'mg','LACTATION',31,50),('2d977962-81df-49a5-a87d-3ef269979ed1','Water','WATER',4,'g','MALE',19,30),('2dc08f80-99dd-4f5c-9daa-4478b919db5c','Protein','PROCNT',71,'g','LACTATION',19,30),('2e167952-c39e-4f17-bd21-31812ffbe87e','Phosphorus','P',700,'mg','LACTATION',19,30),('2f391f1d-f6e2-42b2-a1e5-0c1dedb6e6af','Folate','FOLFD',400,'µg','MALE',51,70),('2f543b49-a2a2-4dfb-8210-44c55f073488','Carbohydrate','CHOCDF',130,'g','CHILDREN',4,8),('2faec4ce-8128-4fbf-bd75-b9fa199a6861','Potassium','K',3400,'mg','MALE',31,50),('2fdbc9cc-9754-4f83-9233-93e92466a8b4','Magnesium','MG',420,'mg','MALE',51,70),('2fe04842-452c-4221-9131-3399c57bde16','Vitamin B-6','VITB6A',2,'mg','FEMALE',70,100),('300aba07-2a56-47cf-b6f3-5136a154c8e1','Water','WATER',2,'g','MALE',9,13),('30579916-3abd-456e-a9bd-886b9418c105','Vitamin B-12','VITB12',2,'µg','MALE',70,100),('306440ac-8370-4bbb-b80c-86951c1e7cac','Vitamin B-6','VITB6A',1,'mg','FEMALE',9,13),('30bbd056-de38-4d9e-b450-2e9d7e42444d','Zinc','ZN',11,'mg','MALE',51,70),('3371db70-2aab-4f3e-93cf-f95f1a422267','Iron','FE',27,'mg','PREGNANCY',19,30),('33836dfb-df07-460b-8a3b-87f14f5521f3','Phosphorus','P',700,'mg','FEMALE',31,50),('3406245a-9c8d-4ba9-821b-c3671c276bfe','Thiamin','THIA',1,'mg','FEMALE',70,100),('34a88667-85fa-4624-829e-405b67e9fcf9','Magnesium','MG',420,'mg','MALE',70,100),('35215e43-50c1-41d7-8e98-680f8b2edf4c','Carbohydrate','CHOCDF',130,'g','FEMALE',19,30),('35d55c9d-07cc-4c7d-853e-769ac71cd8ad','Carbohydrate','CHOCDF',130,'g','FEMALE',9,13),('36a8d428-6269-4ef3-8307-47bf27c67ed5','Zinc','ZN',8,'mg','FEMALE',70,100),('36f0c459-df1d-48ba-b214-592309bc1658','Folate','FOLFD',400,'µg','MALE',14,18),('36f70299-3820-4dc1-95b9-75b40fea8af0','Fiber','FIBTG',29,'g','LACTATION',31,50),('370618df-373e-4e04-a0f1-aa1a9c15451b','Vitamin C','VITC',45,'mg','MALE',9,13),('37a42201-f6ed-465f-b029-45b510a4f3bb','Folate','FOLFD',300,'µg','FEMALE',9,13),('389ad45c-d212-4c19-9d14-4cf200554194','Potassium','K',2500,'mg','LACTATION',14,18),('397d4820-878c-486a-a0f5-de22c17ab719','Riboflavin','RIBF',2,'mg','LACTATION',19,30),('39daf159-fdd7-43a2-b15d-c3e26002e672','Phosphorus','P',700,'mg','PREGNANCY',19,30),('3a29a51b-9931-4d70-8465-b40fcbb224e8','Vitamin D','VITD',15,'µg','FEMALE',14,18),('3a3e6f1a-6e02-49f9-96b0-88338b5ba08f','Thiamin','THIA',1,'mg','LACTATION',14,18),('3aacb469-40b9-4453-bf2d-6c83ef7e76c5','Vitamin B-6','VITB6A',1,'mg','FEMALE',19,30),('3ad531ac-2fdd-4695-b05e-bee36a202b21','Potassium','K',3000,'mg','MALE',14,18),('3ca11112-02d7-4043-8ce4-18c2979b6c16','Carbohydrate','CHOCDF',130,'g','FEMALE',70,100),('3cc9f9c7-7cb4-4112-b41d-ee1277383945','Iron','FE',10,'mg','LACTATION',14,18),('3d3d15a9-ef14-40bb-9a6f-a5b93b3ed33c','Vitamin A','VITA_RAE',1200,'µg','LACTATION',14,18),('3dc1daa4-f195-433c-ab0d-2d187ac72823','Vitamin K','VITK1',90,'µg','FEMALE',19,30),('3ddf6b0b-00bf-405a-a3df-0e893f5ac5ae','Riboflavin','RIBF',1,'mg','CHILDREN',4,8),('3e25f12b-43b7-459c-999b-be4b203a89bd','Fiber','FIBTG',28,'g','PREGNANCY',19,30),('3f0cf6cc-2996-4463-85f0-547fc5d2a063','Zinc','ZN',11,'mg','PREGNANCY',31,50),('3fbcfa32-d27f-4c12-9914-99b2b44167d7','Phosphorus','P',700,'mg','FEMALE',51,70),('3fe8ddee-fe42-4d44-971d-1da2da4e09eb','Vitamin B-6','VITB6A',1,'mg','CHILDREN',1,3),('4153aa4d-81c1-4d66-824f-28f9a44395cd','Sodium','NA',1200,'mg','MALE',9,13),('423da63d-0ac3-49e5-a5a9-c9e08f3d4a15','Vitamin B-6','VITB6A',1,'mg','MALE',14,18),('42cc182b-5c29-4a08-9d71-fa4b9ca9c1da','Potassium','K',2600,'mg','FEMALE',31,50),('430afaf0-018a-4209-b967-d5c6709aa698','Thiamin','THIA',1,'mg','CHILDREN',1,3),('4316c3c2-0da6-461a-a884-c35ca42baa47','Thiamin','THIA',1,'mg','FEMALE',19,30),('447fe931-d4b3-4f24-a8c2-55151e0f2ef7','Zinc','ZN',3,'mg','CHILDREN',1,3),('4490b7a6-bad8-49f5-a840-09481849477b','Thiamin','THIA',1,'mg','MALE',70,100),('449dd7da-1771-411a-90c8-a42d1b413ddc','Vitamin A','VITA_RAE',770,'µg','PREGNANCY',31,50),('449e66bb-5216-46d7-814a-cc2a45d215d4','Vitamin C','VITC',75,'mg','FEMALE',19,30),('44c327e2-5ae1-437e-bd2b-fabab96ec908','Phosphorus','P',1250,'mg','LACTATION',14,18),('450049cc-ea60-4751-a2dc-e54bed4248e6','Vitamin E','TOCPHA',19,'mg','LACTATION',19,30),('45367062-7f8d-4751-9bc7-ca7d8fe21c81','Protein','PROCNT',34,'g','MALE',9,13),('45b124ee-41a1-4c52-9f1e-9f6a414a0d86','Vitamin E','TOCPHA',15,'mg','FEMALE',70,100),('45e1ef76-1996-4b62-a60c-78fd331dbd52','Carbohydrate','CHOCDF',175,'g','PREGNANCY',31,50),('46688410-759e-4e56-9bad-f676c186de85','Fiber','FIBTG',21,'g','FEMALE',70,100),('46be9fc5-358f-4640-8066-88048708f079','Magnesium','MG',400,'mg','PREGNANCY',14,18),('46d90f97-28ab-4baf-a462-83a17803e425','Zinc','ZN',8,'mg','FEMALE',51,70),('46f507a3-9371-480e-b5d5-98c1daf0ae2d','Carbohydrate','CHOCDF',210,'g','LACTATION',19,30),('470bc485-7c1e-443e-8a2f-fc55beb3d95c','Carbohydrate','CHOCDF',130,'g','MALE',9,13),('4740d6c8-6d97-4ffd-b710-3af2cef05666','Vitamin K','VITK1',75,'µg','FEMALE',14,18),('47f431f1-5937-43ba-9cb8-4c400e78d456','Phosphorus','P',1250,'mg','MALE',9,13),('48040390-1598-4499-ad61-bb92b69b4723','Niacin','NIA',16,'mg','MALE',70,100),('48c6ceb4-53ea-47cf-9457-bee9bbc55d08','Vitamin K','VITK1',90,'µg','PREGNANCY',19,30),('48eba0c3-ca09-460d-9a61-301f2b4d13c4','Zinc','ZN',9,'mg','FEMALE',14,18),('4918290d-6f50-4d04-8edd-1adcc5487b01','Water','WATER',4,'g','LACTATION',19,30),('493ded24-37ca-4f37-89af-87bdc3cfaf50','Fiber','FIBTG',26,'g','FEMALE',14,18),('4a27cb75-6075-4077-9329-26a236d13b4f','Vitamin C','VITC',25,'mg','CHILDREN',4,8),('4a705de3-4b4a-4552-aa9b-b2faaf7fffcd','Thiamin','THIA',1,'mg','MALE',19,30),('4ab7ba35-8214-4953-8081-79fcdafeed50','Fatty acids','FAPU',1,'g','LACTATION',31,50),('4b34d727-d008-418a-b965-47983bee9865','Vitamin K','VITK1',75,'µg','PREGNANCY',14,18),('4b3c3ddd-7f79-4300-bedf-17b2fb54c96c','Niacin','NIA',18,'mg','PREGNANCY',19,30),('4c0306ae-2dc3-4f5f-8640-84d71e62550e','Potassium','K',2800,'mg','LACTATION',31,50),('4c777dc6-ada1-4270-8497-56e805df2a3c','Fatty acids','FAPU',1,'g','CHILDREN',1,3),('4c8e60ee-cc96-4c6c-ac4a-05424683fcc7','Sodium','NA',1500,'mg','FEMALE',51,70),('4ca604e5-da3a-4bab-b38a-f3bf69147842','Fatty acids','FAPU',1,'g','FEMALE',19,30),('4d4fb46e-1c5e-4757-874d-d62289597134','Vitamin K','VITK1',60,'µg','MALE',9,13),('4df42b62-035b-4e47-afe6-3db54000e61f','Calcium','CA',1000,'mg','FEMALE',19,30),('4e1e3a28-3997-4b0d-b9d0-1f8ec26285a3','Protein','PROCNT',71,'g','PREGNANCY',19,30),('4e6e78c1-ab19-41f3-9bda-faef1e876d20','Vitamin C','VITC',90,'mg','MALE',31,50),('4e9c12b7-cde4-4fb3-8751-e720dec039e1','Vitamin A','VITA_RAE',400,'µg','CHILDREN',4,8),('4e9f2517-35b0-4ec2-b472-9026b352f34a','Fat','FAPU',-1,'g','LACTATION',31,50),('4f12eaa9-e317-44a6-90be-ff400881a5f0','Phosphorus','P',700,'mg','MALE',70,100),('4f7b9f1c-a853-4179-aed3-0601f54c8036','Vitamin E','TOCPHA',15,'mg','FEMALE',14,18),('4fd7d0fe-77e1-40fb-a74b-c4a53e1d2ed7','Fiber','FIBTG',25,'g','CHILDREN',4,8),('5280d8fa-e421-4fbb-87c9-cb67a9bdcddf','Carbohydrate','CHOCDF',175,'g','PREGNANCY',14,18),('532e07b8-7934-4513-81c6-7e8a789a8298','Magnesium','MG',420,'mg','MALE',31,50),('537af090-39bc-4811-88c9-44b4d8d91934','Riboflavin','RIBF',1,'mg','PREGNANCY',31,50),('53d1d3c0-f202-403a-8ee9-4b1d0a808280','Sodium','NA',1500,'mg','LACTATION',14,18),('542f43d3-f9d1-4aa3-8ad1-6dfdf10fa47c','Thiamin','THIA',1,'mg','LACTATION',31,50),('544158b0-05f3-4021-9dff-0574b9f669ed','Protein','PROCNT',71,'g','PREGNANCY',14,18),('55327f55-714c-401f-8e5b-b64bbbff7f3b','Riboflavin','RIBF',1,'mg','FEMALE',31,50),('55687543-2753-432a-a64a-5a9d21d538b0','Fat','FAPU',-1,'g','FEMALE',51,70),('56338ec3-0c6b-47a4-9e09-145526b96e5e','Thiamin','THIA',1,'mg','PREGNANCY',19,30),('564a50dd-3ffd-459b-874f-2bbabb350461','Potassium','K',2300,'mg','CHILDREN',4,8),('570840eb-a35f-4ac6-a705-c7950057d379','Magnesium','MG',130,'mg','CHILDREN',4,8),('574d4654-39dd-4edc-877a-b4a0328ce836','Vitamin D','VITD',15,'µg','CHILDREN',4,8),('57a5405c-d1b4-4273-a592-6a3efdde1a96','Vitamin K','VITK1',30,'µg','CHILDREN',1,3),('57f16bfc-ce3a-4d76-8911-d3c3e7afe18d','Zinc','ZN',11,'mg','MALE',31,50),('58919e2b-37df-4263-b8bf-2ec1feba3c18','Vitamin C','VITC',75,'mg','FEMALE',51,70),('5937822d-b64f-4f22-a639-8b9928f8780e','Potassium','K',2000,'mg','CHILDREN',1,3),('596ae208-5112-4f3c-93a6-5cf22a67b54e','Vitamin K','VITK1',120,'µg','MALE',70,100),('5999c215-3a15-4e15-b3e5-cc8050616d1c','Vitamin A','VITA_RAE',700,'µg','FEMALE',51,70),('59f73391-448b-4711-9423-1e53733f1b6e','Niacin','NIA',14,'mg','FEMALE',19,30),('5b5b84f6-c5ce-43c3-8299-01ea09ad054b','Fatty acids','FAPU',2,'g','MALE',70,100),('5b74149d-d7fa-4455-ba87-651c577bbb73','Vitamin C','VITC',120,'mg','LACTATION',31,50),('5c408b5d-1bf9-43fe-b0eb-347997b3a076','Carbohydrate','CHOCDF',210,'g','LACTATION',31,50),('5cc0250a-4f1b-4594-8baf-ef662370fd2a','Phosphorus','P',700,'mg','PREGNANCY',31,50),('5e0d40ab-cc83-4a99-b108-9291db55fcfa','Vitamin B-12','VITB12',2,'µg','FEMALE',70,100),('5f9b1b63-10e7-4286-88ae-79c0f0630cb2','Fatty acids','FAPU',1,'g','FEMALE',51,70),('5fec21f7-0ebd-4b6c-ac5b-968079a861b3','Water','WATER',2,'g','FEMALE',14,18),('5ffddba6-fa33-4e67-9246-a05736ce51e1','Vitamin C','VITC',120,'mg','LACTATION',19,30),('60aa4023-554f-4077-85f1-30c6075de0ad','Potassium','K',3400,'mg','MALE',51,70),('61b63a21-784d-472b-b02d-5169800736be','Carbohydrate','CHOCDF',130,'g','CHILDREN',1,3),('61f33f6c-81a4-47fe-940c-624db1761e55','Vitamin B-12','VITB12',3,'µg','PREGNANCY',31,50),('62a8b684-f32a-41dc-99c3-a46e10dd3c4c','Vitamin A','VITA_RAE',900,'µg','MALE',14,18),('62cc756d-4a2b-4235-ab2a-fcbeb3201309','Fiber','FIBTG',31,'g','MALE',9,13),('6496b066-49b9-482a-80b6-feca45c28450','Water','WATER',2,'g','CHILDREN',4,8),('65ede8b5-272a-4fe3-b272-e8ff1b8961a0','Carbohydrate','CHOCDF',130,'g','FEMALE',31,50),('6630065a-4c4c-40c9-9b3e-b34471ce5c2b','Vitamin E','TOCPHA',6,'mg','CHILDREN',1,3),('6634c405-aee2-4a41-96ee-bac6aaa18362','Iron','FE',8,'mg','MALE',51,70),('6642f7c7-17d3-4e82-834f-37d1c48fde87','Thiamin','THIA',1,'mg','FEMALE',9,13),('669048a9-0a1e-4d0f-ab5c-836047becdb9','Calcium','CA',1000,'mg','MALE',51,70),('6720c3cd-51d8-4738-a188-7ea1b1226eed','Vitamin C','VITC',115,'mg','LACTATION',14,18),('672cd346-0f9b-4560-8536-41f796af4f38','Riboflavin','RIBF',1,'mg','FEMALE',19,30),('67b16b6f-7a5d-49eb-b756-6124433c2d5c','Magnesium','MG',320,'mg','LACTATION',31,50),('689c4f1b-75a4-4910-9a1f-5dabc293c34e','Vitamin E','TOCPHA',15,'mg','MALE',51,70),('695d4d42-616d-4010-8da6-740226a9aec3','Vitamin D','VITD',15,'µg','CHILDREN',1,3),('69aa040f-cf0e-4100-9439-a8bdef73ce89','Zinc','ZN',11,'mg','MALE',14,18),('69df59d6-5a16-4d1d-9388-ad777761f31c','Vitamin A','VITA_RAE',300,'µg','CHILDREN',1,3),('6b8e72b5-6612-4f57-a571-9776b84f43ce','Vitamin B-12','VITB12',1,'µg','CHILDREN',4,8),('6bc5957c-f0b9-4b79-a15e-50eb2159e3f6','Calcium','CA',1300,'mg','LACTATION',14,18),('6c3f0fae-9622-4613-b9a6-d83f5758695f','Vitamin B-12','VITB12',2,'µg','FEMALE',51,70),('6c4a75d9-aebc-48c0-9267-54b03f38ff85','Fiber','FIBTG',19,'g','CHILDREN',1,3),('6ce6e1c3-1313-4088-ae9b-3e46dbc11215','Niacin','NIA',12,'mg','FEMALE',9,13),('6d0e61b0-e3df-4e8c-be6a-2b70ea2c740f','Vitamin E','TOCPHA',15,'mg','FEMALE',51,70),('6d29bcdf-61bd-4446-a7cd-a3890c7ee612','Magnesium','MG',80,'mg','CHILDREN',1,3),('6d8d1407-d101-4d03-b8ca-2b62f0b272a9','Folate','FOLFD',500,'µg','LACTATION',31,50),('6da7bc12-33dc-4cd2-bdfc-618da893512e','Potassium','K',2800,'mg','LACTATION',19,30),('6dbb4f97-7b32-4162-a93b-729e52fd2f9a','Fat','FAPU',-1,'g','PREGNANCY',19,30),('6f4344a5-3e5b-47cc-ab80-d3c4fbb551f4','Carbohydrate','CHOCDF',130,'g','MALE',31,50),('70030ebd-df4e-49e9-9c3b-0bb9965eec5a','Vitamin A','VITA_RAE',700,'µg','FEMALE',31,50),('71214eba-31a1-4482-8617-5381b25e9308','Fat','FAPU',-1,'g','FEMALE',70,100),('713ae5bf-53f4-4eba-8f7f-87a0ca1037fd','Fat','FAPU',-1,'g','PREGNANCY',31,50),('72660b65-cc08-49ef-ad87-b5bd01d5c983','Carbohydrate','CHOCDF',130,'g','FEMALE',51,70),('73c242c9-3a1b-4c5d-bc5f-d504b1dbea1e','Vitamin A','VITA_RAE',900,'µg','MALE',19,30),('741c5ac2-2bc8-47ec-b542-ede77632788f','Calcium','CA',1300,'mg','FEMALE',9,13),('741edfc6-5c67-4d05-96af-390a5d755f5a','Vitamin D','VITD',15,'µg','PREGNANCY',14,18),('7470d771-7a4a-416e-9a65-463c2c932259','Niacin','NIA',18,'mg','PREGNANCY',31,50),('74bbb74f-9951-4663-a563-11c5489246c2','Vitamin A','VITA_RAE',900,'µg','MALE',70,100),('74d207d7-92c0-4ae9-be51-6b75f10a34d7','Iron','FE',10,'mg','CHILDREN',4,8),('74ec2ab4-b7ce-4235-b4a1-cbd9c77a054c','Vitamin B-12','VITB12',3,'µg','LACTATION',19,30),('75440d57-0a4a-43bc-937a-397aaf63864b','Vitamin B-12','VITB12',2,'µg','MALE',14,18),('75694a57-53da-4e32-b86b-4b348dba3ab2','Riboflavin','RIBF',1,'mg','PREGNANCY',14,18),('75eace70-1e4e-44ff-a1b2-c5dce3356e49','Riboflavin','RIBF',1,'mg','MALE',19,30),('76272ebe-2ee2-49d6-b846-fe5da0f1ec27','Vitamin E','TOCPHA',7,'mg','CHILDREN',4,8),('76831fc9-1512-4140-b20a-ab60e1b168e9','Thiamin','THIA',1,'mg','CHILDREN',4,8),('7747200b-5900-4231-beb2-8bea550c6910','Vitamin B-12','VITB12',3,'µg','PREGNANCY',19,30),('775318f9-91d0-4858-98e9-c47b49cfc334','Fiber','FIBTG',25,'g','FEMALE',31,50),('77678171-c07a-4a3a-b2ca-ec186b2ada0c','Phosphorus','P',700,'mg','MALE',31,50),('79a96ed9-a8e0-4e09-a882-db083b3c6f0a','Vitamin C','VITC',80,'mg','PREGNANCY',14,18),('79b0169b-252e-4c05-80d1-1c7fbc21b8b8','Vitamin E','TOCPHA',15,'mg','FEMALE',31,50),('7a2a1a8a-49c9-42a1-9bbc-b222b6939f49','Fat','FAPU',-1,'g','FEMALE',14,18),('7ce4dd0c-dc61-4a08-8d2b-ff25a38b0170','Protein','PROCNT',19,'g','CHILDREN',4,8),('7d2404a3-a0e0-49ae-a205-2e620af7e1ea','Fat','FAPU',-1,'g','PREGNANCY',14,18),('7de14eda-c0d9-4804-9ee9-d112ff96646c','Phosphorus','P',500,'mg','CHILDREN',4,8),('7eb5a571-2ac9-483c-b7fb-ac4991096464','Vitamin A','VITA_RAE',900,'µg','MALE',51,70),('80c1488d-7fd5-469e-99ea-9c012e833109','Vitamin E','TOCPHA',11,'mg','FEMALE',9,13),('80d041b1-49ce-46e3-922d-8df37418a0e5','Protein','PROCNT',34,'g','FEMALE',9,13),('816c1471-6a2d-496f-8805-99955bd6b389','Vitamin C','VITC',90,'mg','MALE',70,100),('83140219-2680-4f0f-9ec1-4b61037a34d5','Niacin','NIA',14,'mg','FEMALE',51,70),('84a55a2b-501f-4400-a1d2-79bf5c83970c','Fat','FAPU',-1,'g','MALE',14,18),('84bd2523-8dff-4bc7-840f-a5f39a831917','Fiber','FIBTG',30,'g','MALE',51,70),('8514a218-75ac-4793-a409-e9eedd775e01','Vitamin B-12','VITB12',1,'µg','CHILDREN',1,3),('85d38d8b-f197-447c-ae91-237bef6754d9','Vitamin B-12','VITB12',3,'µg','LACTATION',31,50),('87fbfe99-1d07-49da-bd94-4ffd9e7110de','Vitamin B-6','VITB6A',1,'mg','FEMALE',31,50),('880a452d-efdf-4a4c-897c-11e5e400bd12','Magnesium','MG',240,'mg','FEMALE',9,13),('88c0ed6f-c391-4a16-ae86-83449baa8c28','Fat','FAPU',-1,'g','MALE',31,50),('89f4d44a-bdb5-4f7f-91b4-5acfe689ff7c','Riboflavin','RIBF',1,'mg','MALE',51,70),('8a6f3746-97c4-41db-be56-4fb12c873501','Magnesium','MG',360,'mg','PREGNANCY',31,50),('8a77d16e-61dc-40e6-9b44-9969f4872ec0','Thiamin','THIA',1,'mg','FEMALE',14,18),('8af178bb-0f75-41bc-a432-cc002dac4fdf','Potassium','K',3400,'mg','MALE',70,100),('8bd9eaa0-a01a-4805-867d-c920481b78c1','Vitamin B-6','VITB6A',1,'mg','MALE',19,30),('8d634197-3c95-443a-8036-673796078a3c','Potassium','K',2600,'mg','PREGNANCY',14,18),('8d8b58bb-2728-445b-99f9-35020e43739f','Phosphorus','P',1250,'mg','PREGNANCY',14,18),('8da2d373-9bc5-4e6e-bd96-411aac218f28','Folate','FOLFD',600,'µg','PREGNANCY',19,30),('8f274b4a-a4c4-490f-822e-47185f5963c5','Folate','FOLFD',600,'µg','PREGNANCY',14,18),('8f9b9e61-7d52-43d2-8d00-cbe29b51b46e','Niacin','NIA',8,'mg','CHILDREN',4,8),('8fa53f68-9acc-447a-8163-fb35ee8caa6a','Thiamin','THIA',1,'mg','MALE',31,50),('90b68cac-3db3-4ed4-8aa3-afbd69a51758','Fatty acids','FAPU',1,'g','CHILDREN',4,8),('910df2ed-f341-42c2-b4f9-d24b938b9663','Vitamin B-12','VITB12',2,'µg','FEMALE',14,18),('91397db7-aa10-4c8c-a871-bf33e6e53481','Zinc','ZN',12,'mg','PREGNANCY',14,18),('91708751-1e9e-4ec4-9c24-840c2496ece3','Fatty acids','FAPU',1,'g','FEMALE',14,18),('91da37c1-aba2-4f73-9489-a1a8dbb58e47','Thiamin','THIA',1,'mg','LACTATION',19,30),('91e61ed2-6348-4c30-ab7d-0949826fddbb','Vitamin B-12','VITB12',2,'µg','MALE',9,13),('924ca016-0a9c-40c9-ada7-859ebd5c6b4b','Calcium','CA',1300,'mg','MALE',9,13),('9272b356-89da-4ba8-a7c7-079a23b14070','Calcium','CA',1300,'mg','FEMALE',14,18),('927f0401-4fc4-4463-a4b7-ac4a87d1a361','Magnesium','MG',350,'mg','PREGNANCY',19,30),('93270e93-8b43-40d3-9c36-6adfb0eaee84','Vitamin E','TOCPHA',11,'mg','MALE',9,13),('9348e177-b0d4-4b10-97d4-b22ff29dd07e','Niacin','NIA',14,'mg','FEMALE',70,100),('94b09909-b46d-40e7-b864-994f5d071e26','Riboflavin','RIBF',1,'mg','MALE',70,100),('95dd3742-4d25-4b13-ae76-70c94ba35d6c','Zinc','ZN',11,'mg','MALE',19,30),('96251502-ca24-42d0-8465-ff6bfc1c2e09','Sodium','NA',1500,'mg','PREGNANCY',31,50),('96524fab-7bb2-43a7-93c2-72a7eb7cc9f5','Sodium','NA',1500,'mg','FEMALE',19,30),('96ac086e-a7e6-429a-83da-0c981938f92b','Vitamin B-6','VITB6A',2,'mg','PREGNANCY',31,50),('9741b7cd-a55b-4746-8a3f-19968f502c10','Calcium','CA',1000,'mg','PREGNANCY',31,50),('988ef260-7109-4ad8-bd10-413b538cb089','Carbohydrate','CHOCDF',130,'g','FEMALE',14,18),('997182b9-8c73-44cb-b5b1-df0dcc31434d','Vitamin E','TOCPHA',15,'mg','MALE',14,18),('99c3c1c4-bf60-4606-a9ef-0a8ba057e7db','Potassium','K',2900,'mg','PREGNANCY',19,30),('99fade27-3ab0-4fc7-a8a6-f76405a38483','Zinc','ZN',8,'mg','FEMALE',19,30),('9b1068c2-cca1-411f-a590-4d1943bd9f57','Niacin','NIA',16,'mg','MALE',51,70),('9b461ca3-0285-49c2-b02f-38b0e414a174','Sodium','NA',1500,'mg','MALE',51,70),('9b4f32d3-e27c-49a3-9eda-b90c08e29fa5','Water','WATER',4,'g','LACTATION',31,50),('9c862c18-531c-4b14-aeb1-91e7db766e20','Thiamin','THIA',1,'mg','PREGNANCY',14,18),('9d43f9c1-15c4-4ef9-89ee-b487803140ce','Protein','PROCNT',56,'g','MALE',51,70),('9db718b4-d598-4bfb-a750-6b49a905a7ad','Riboflavin','RIBF',1,'mg','CHILDREN',1,3),('9e4f3d7c-e3f5-47c5-95de-f56385c025d7','Sodium','NA',1500,'mg','PREGNANCY',19,30),('a137eca9-8897-41f3-bf87-9d6a72d6a0dd','Folate','FOLFD',500,'µg','LACTATION',19,30),('a13b3a56-2e67-4291-8258-a3734eebdc22','Potassium','K',2600,'mg','FEMALE',70,100),('a1dba3f3-a038-43ea-b2c3-f568c7ffb500','Fat','FAPU',-1,'g','FEMALE',19,30),('a26c7dbe-c4fb-486f-b04a-5688e7c44ca9','Magnesium','MG',310,'mg','LACTATION',19,30),('a2dd2f9d-a6ce-40b2-b751-b05024571abf','Sodium','NA',1500,'mg','MALE',70,100),('a3408f1c-9d36-4780-8679-17e7b0153d11','Vitamin K','VITK1',90,'µg','LACTATION',19,30),('a465b03c-204c-4f84-93c6-9dbe7e0b3370','Vitamin B-6','VITB6A',2,'mg','LACTATION',14,18),('a52e0748-3e66-4ffb-9b65-57b38319f4d2','Fat','FAPU',-1,'g','LACTATION',19,30),('a5a610db-3e50-4461-a9f9-fc7cb32de415','Thiamin','THIA',1,'mg','MALE',9,13),('a5aa17c4-4c4f-49f0-b6d2-85b30dfe906c','Fatty acids','FAPU',2,'g','MALE',19,30),('a5de528f-c871-4dcf-9e4b-6b62786efbf6','Vitamin K','VITK1',120,'µg','MALE',31,50),('a5e65ef2-f8c8-428e-9956-caba3d2b879a','Water','WATER',4,'g','LACTATION',14,18),('a623203e-cf1f-4865-b099-06b3a30339c3','Vitamin A','VITA_RAE',900,'µg','MALE',31,50),('a649bf4e-4bc7-4dba-b1f8-76fa65c077fd','Vitamin D','VITD',15,'µg','LACTATION',14,18),('a6b31d18-c5b9-4b85-94ad-c606349d8f5b','Vitamin C','VITC',75,'mg','MALE',14,18),('a703e3e8-dedc-4c9f-acbc-bbf1822c55dd','Protein','PROCNT',56,'g','MALE',19,30),('a72598d2-b751-4de9-9457-0fd8bc7feebd','Potassium','K',2500,'mg','MALE',9,13),('a7445a4d-c452-46d1-bd1b-ceccf3c8ba9d','Calcium','CA',700,'mg','CHILDREN',1,3),('a7ba0ba5-63a0-482c-8704-c1844df16948','Fat','FAPU',-1,'g','FEMALE',9,13),('a883e101-c87f-4628-971f-3568e6bb1f83','Riboflavin','RIBF',2,'mg','LACTATION',14,18),('a8dd252e-c6dc-4ec8-80dc-cc8028c6e863','Fiber','FIBTG',38,'g','MALE',14,18),('a9c642f2-b604-422c-bef2-0ff1aee69cbb','Phosphorus','P',700,'mg','MALE',51,70),('aa77eef5-84c6-4c4e-9bd0-4c43eeb86254','Vitamin B-6','VITB6A',2,'mg','PREGNANCY',14,18),('aa872544-c59f-4cf0-a079-0241f004ae1d','Potassium','K',2300,'mg','FEMALE',14,18),('ab0c02f0-e42d-4caa-972c-dab17166d149','Vitamin D','VITD',15,'µg','FEMALE',31,50),('ab5020ed-c4d8-4ebd-bb5f-e8c3e59a4f93','Vitamin D','VITD',15,'µg','MALE',14,18),('ab6a9ad3-df5f-47d5-8a8c-561fa628d3bf','Calcium','CA',1200,'mg','FEMALE',70,100),('ac0e73f1-d0d2-4d70-9c83-d868ecf05adc','Vitamin D','VITD',15,'µg','LACTATION',19,30),('ac1da1bb-4e1d-444a-8781-f92a9e155dcc','Vitamin A','VITA_RAE',770,'µg','PREGNANCY',19,30),('ad21e191-9cff-4bbd-bacc-f9286a4686a5','Fiber','FIBTG',26,'g','FEMALE',9,13),('ad3f0855-da34-4131-8544-cec507688ed5','Vitamin A','VITA_RAE',1300,'µg','LACTATION',31,50),('ad3fbcb0-4062-414e-b7ce-4700a53b63f0','Vitamin E','TOCPHA',19,'mg','LACTATION',14,18),('adb25988-b777-4a37-abb9-ec81d253c432','Folate','FOLFD',500,'µg','LACTATION',14,18),('ae62faef-f34a-4881-81bd-f0b807e2e27f','Vitamin K','VITK1',60,'µg','FEMALE',9,13),('ae696502-28b1-4b22-993a-8a497b88ce63','Water','WATER',3,'g','PREGNANCY',19,30),('b19cc75e-2bdb-4619-9f5e-66482363f23c','Niacin','NIA',16,'mg','MALE',14,18),('b22b2383-e0d1-42af-a376-3049ec423555','Potassium','K',3400,'mg','MALE',19,30),('b2465193-daa5-42ec-9577-4546d1f91b1e','Fat','FAPU',-1,'g','MALE',51,70),('b2547c4e-2764-4430-ab00-e660fd85a033','Niacin','NIA',12,'mg','MALE',9,13),('b3967782-394e-4784-96a0-ae34c1745dfc','Vitamin C','VITC',90,'mg','MALE',19,30),('b440e13e-256b-44d8-bbbb-db1ac3a70a07','Water','WATER',3,'g','FEMALE',51,70),('b492a324-417c-49bd-a7e2-0d1f46e3c946','Fatty acids','FAPU',2,'g','MALE',31,50),('b52ce6b7-f4f1-44c2-8d85-55f49c0adb63','Phosphorus','P',1250,'mg','FEMALE',9,13),('b578ca9c-94d0-48d7-b133-e7a77340ab48','Calcium','CA',1000,'mg','FEMALE',31,50),('b621efee-543f-4d2d-96f3-a1ff3d30cb5f','Fiber','FIBTG',28,'g','PREGNANCY',31,50),('b62d75b7-d4fe-4fa8-8010-d9ab63ba5b48','Vitamin E','TOCPHA',15,'mg','MALE',19,30),('b7efa2a2-c7ad-405f-9200-1f4f84203af8','Fatty acids','FAPU',1,'g','FEMALE',70,100),('b802871e-2252-4098-964d-a64b90faabcd','Fiber','FIBTG',29,'g','LACTATION',14,18),('b85b277d-b22e-4c00-b792-af7603bc6bda','Zinc','ZN',8,'mg','FEMALE',31,50),('b95501c0-4e98-4a30-b554-85c4c4a634d0','Niacin','NIA',14,'mg','FEMALE',31,50),('ba6da60c-8704-44ec-9f0e-536354c14bf0','Vitamin B-12','VITB12',3,'µg','PREGNANCY',14,18),('baefe1a8-6d3b-434f-a068-50c2997b81e5','Water','WATER',4,'g','MALE',70,100),('bafeef13-c2b5-4a40-93cc-463e8b7d5645','Magnesium','MG',320,'mg','FEMALE',51,70),('bb5ebaa5-2097-4715-9a74-a2a48cd62574','Potassium','K',2600,'mg','FEMALE',51,70),('bbef2818-f410-4252-bded-0e216f740c88','Niacin','NIA',16,'mg','MALE',31,50),('bc253de3-259d-408b-bc8d-e0377d620192','Fiber','FIBTG',25,'g','FEMALE',19,30),('bc432fdc-ea22-4f31-8ec9-1633a38868bd','Carbohydrate','CHOCDF',210,'g','LACTATION',14,18),('bc637667-41bf-4582-97cc-9b0cd5b71f4a','Water','WATER',3,'g','MALE',14,18),('bcbebc26-606d-4d92-b163-44fdb3469744','Fatty acids','FAPU',1,'g','PREGNANCY',19,30),('bd281110-3d5e-4efa-95d4-49cf1e6e813d','Riboflavin','RIBF',1,'mg','FEMALE',51,70),('bd2d434d-751b-4976-ac89-031a0960c92c','Sodium','NA',1500,'mg','MALE',31,50),('bd451a20-51b2-4e55-a25a-423adb099672','Fiber','FIBTG',38,'g','MALE',19,30),('bd5a2eea-81ac-428b-b8f3-ed60d1b8e549','Vitamin K','VITK1',75,'µg','MALE',14,18),('bdce7522-f50e-4b6d-93a9-efa9dde61ddb','Protein','PROCNT',46,'g','FEMALE',51,70),('beedf50e-0ef2-456a-bae5-68f096159392','Vitamin D','VITD',15,'µg','LACTATION',31,50),('bfa9a78a-6b60-4dc7-91d5-4cee80b33923','Calcium','CA',1200,'mg','FEMALE',51,70),('c00b42ce-a550-447f-ba86-e170d3ed6d54','Vitamin D','VITD',15,'µg','MALE',9,13),('c06ca05c-5e56-49e2-8fc0-73f2d61487b5','Vitamin A','VITA_RAE',700,'µg','FEMALE',19,30),('c11fb762-a4f8-4719-952d-44e56f294a40','Iron','FE',8,'mg','FEMALE',9,13),('c1df7fb0-3808-4e3a-a029-02b5aa05e082','Magnesium','MG',360,'mg','LACTATION',14,18),('c2356e6a-03f1-4150-895a-46188e7cb086','Zinc','ZN',8,'mg','MALE',9,13),('c2b036be-6d45-4ad7-9084-3bcb628f6862','Vitamin A','VITA_RAE',1300,'µg','LACTATION',19,30),('c2e26157-79bf-4c70-bc0f-a3fab3d25674','Protein','PROCNT',46,'g','FEMALE',14,18),('c2e2ea8c-ff41-42fe-8b86-b2759774cc4f','Fat','FAPU',-1,'g','LACTATION',14,18),('c4417375-d1e6-40ff-9ac9-fa1ef982c07c','Fatty acids','FAPU',2,'g','MALE',51,70),('c4e2b355-f475-4142-866a-409b74a203bb','Fat','FAPU',-1,'g','MALE',19,30),('c5135ab4-c6e9-4213-88c0-3cb66c987b70','Vitamin A','VITA_RAE',700,'µg','FEMALE',70,100),('c564a6cb-7704-42a9-b094-4fa8e1668e49','Folate','FOLFD',400,'µg','MALE',70,100),('c720d9d2-48ff-4386-93d2-36d6c564d4cc','Riboflavin','RIBF',1,'mg','MALE',31,50),('c75b8437-16f6-48e5-82b3-b4e54a15a6bd','Vitamin B-12','VITB12',2,'µg','FEMALE',19,30),('c7970b60-36c6-458d-b15f-606e4f7d8025','Sodium','NA',1000,'mg','CHILDREN',4,8),('c7b50322-cb7d-4d50-a0e2-a411248b0c0c','Magnesium','MG',320,'mg','FEMALE',70,100),('c7fd2337-f6c8-4334-9494-e1acd27309c1','Thiamin','THIA',1,'mg','FEMALE',31,50),('c9074d57-cf0c-49d7-90d9-629412e6be73','Carbohydrate','CHOCDF',130,'g','MALE',70,100),('c916ac07-84a8-48c3-a797-10f4fbcf4ed9','Sodium','NA',1500,'mg','MALE',14,18),('c97c793a-85ff-40b4-9a70-8b49d82a8847','Niacin','NIA',16,'mg','MALE',19,30),('ca313990-7c99-48f6-af36-abeb05700b4a','Folate','FOLFD',150,'µg','CHILDREN',1,3),('ca31b2d4-b0b1-4131-8638-6147b02568cd','Fiber','FIBTG',38,'g','MALE',31,50),('ca62bb6c-5ae7-4dac-96ff-7858fb7307a0','Water','WATER',3,'g','FEMALE',31,50),('ca67f588-215c-4f87-8c5f-59dd9bd830ca','Fatty acids','FAPU',2,'g','MALE',14,18),('cac2d134-1da8-4429-8377-f96ec51dca56','Calcium','CA',1000,'mg','MALE',31,50),('cb09dc89-a465-4af0-a159-4e910b9d7100','Vitamin C','VITC',75,'mg','FEMALE',70,100),('cbafe3d0-4511-47f7-8fba-d0872844e7f9','Iron','FE',7,'mg','CHILDREN',1,3),('ccb2386b-953a-4eaf-948f-f638c585d182','Water','WATER',4,'g','MALE',31,50),('ccfcbded-97c6-4d14-8fcb-30b73392a586','Vitamin E','TOCPHA',15,'mg','MALE',70,100),('cd04ca3f-87e6-4bf1-8f58-98befd23943c','Riboflavin','RIBF',2,'mg','LACTATION',31,50),('cd2daab8-6a89-4617-9335-70e9662f76c3','Calcium','CA',1000,'mg','PREGNANCY',19,30),('cd4ec0cf-c4ec-49f9-b2c1-63fac2e83883','Vitamin D','VITD',15,'µg','FEMALE',19,30),('cd5fe3de-503d-4473-a7b7-7dc989ebc285','Vitamin B-6','VITB6A',2,'mg','LACTATION',19,30),('ce76c07a-f7fc-4e38-a8b3-65d5b5c6e15b','Zinc','ZN',5,'mg','CHILDREN',4,8),('cec5c362-ee03-4f83-ac40-39f7476143c0','Water','WATER',4,'g','MALE',51,70),('cfaf9cbc-b2a8-4b8c-85f4-5b10ffc0d94c','Iron','FE',11,'mg','MALE',14,18),('d024953f-b840-49aa-a75d-0d6b7e904a03','Sodium','NA',1500,'mg','FEMALE',70,100),('d030d1cd-3af3-412d-92bd-2843892f21a7','Phosphorus','P',700,'mg','MALE',19,30),('d293669f-2e63-4999-ad03-888bccdea4c1','Riboflavin','RIBF',1,'mg','PREGNANCY',19,30),('d4aa4e9d-afe3-43a2-bc9d-37c1acbfa9c9','Zinc','ZN',12,'mg','LACTATION',31,50),('d4c41764-e871-47f0-a45f-b581fc74a290','Vitamin A','VITA_RAE',750,'µg','PREGNANCY',14,18),('d5527f9a-e4d5-4866-87d6-bab5f478d1be','Vitamin B-6','VITB6A',1,'mg','FEMALE',14,18),('d569e1da-3c81-4588-ba26-9247fd26c987','Fat','FAPU',-1,'g','MALE',9,13),('d60145a7-66a3-41b4-aa53-e426fa437f98','Fat','FAPU',-1,'g','MALE',70,100),('d6f71a58-adcf-4aac-9608-7ac1a65ea5ae','Vitamin B-12','VITB12',2,'µg','MALE',19,30),('d752b57f-a587-470a-9ac4-d1b19208847d','Vitamin C','VITC',75,'mg','FEMALE',31,50),('d7aead1d-521f-4f12-9571-451f4e34443b','Fiber','FIBTG',29,'g','LACTATION',19,30),('d8b5e37a-da60-42dc-8858-060fcb6d8464','Vitamin B-12','VITB12',2,'µg','FEMALE',9,13),('d93e110f-59dd-4a48-ba2b-155e1ae4cad8','Folate','FOLFD',400,'µg','FEMALE',19,30),('d9ff8aff-5868-4314-abde-09803f5b3416','Zinc','ZN',11,'mg','MALE',70,100),('da303c7d-68d3-4ef5-8ad0-7a2191d9fe54','Thiamin','THIA',1,'mg','PREGNANCY',31,50),('da5af552-e768-460e-951d-4658688b58e0','Vitamin C','VITC',45,'mg','FEMALE',9,13),('db288bf2-1cd8-493e-9fa7-4f5e5a7b7632','Zinc','ZN',13,'mg','LACTATION',14,18),('db6e727d-cb27-4223-ad11-d8677310641a','Sodium','NA',1500,'mg','PREGNANCY',14,18),('dbf20fdc-3670-4319-ab65-a45af7d794cc','Vitamin K','VITK1',90,'µg','FEMALE',31,50),('dd0ea54e-cb84-4f04-bc04-859803543cf8','Fatty acids','FAPU',1,'g','LACTATION',14,18),('dd5dda91-8b99-4348-b365-59c18c3470ff','Folate','FOLFD',400,'µg','FEMALE',70,100),('dd859f51-404d-45c6-86d3-a141dd890122','Calcium','CA',1000,'mg','CHILDREN',4,8),('dde15cf7-f5be-4641-b067-7339edc21682','Magnesium','MG',360,'mg','FEMALE',14,18),('de3c809a-4d86-4278-859f-035fd6521797','Vitamin D','VITD',15,'µg','MALE',31,50),('df384a8c-5287-43e4-b3bd-e3c913a1c2fa','Fat','FAPU',-1,'g','CHILDREN',4,8),('df53b044-2748-4d2d-bdea-b3c0973e3379','Riboflavin','RIBF',1,'mg','MALE',14,18),('df58449e-030e-4cbe-a706-3cc45ee23140','Protein','PROCNT',52,'g','MALE',14,18),('df66d49b-ff69-4455-bc03-55a80d96fed8','Vitamin E','TOCPHA',19,'mg','LACTATION',31,50),('df8937f5-8af5-43a0-a25a-02cd46ed53cc','Carbohydrate','CHOCDF',130,'g','MALE',19,30),('e0e9077f-9af7-4fbe-a8ec-a2a9071fa42f','Vitamin B-12','VITB12',2,'µg','FEMALE',31,50),('e13edc6e-ad0a-4aa6-822d-78a3c999aeae','Vitamin D','VITD',20,'µg','FEMALE',70,100),('e14ebedb-790c-4100-a8b0-91affc4e29cd','Niacin','NIA',17,'mg','LACTATION',14,18),('e27848c9-b31f-43b4-8662-c0907343b4a9','Thiamin','THIA',1,'mg','MALE',51,70),('e27dd61e-685f-49bd-b544-68f39708c5db','Vitamin B-6','VITB6A',2,'mg','LACTATION',31,50),('e2997173-9511-4894-90f1-48558a94e028','Sodium','NA',1500,'mg','FEMALE',14,18),('e2d2f2ef-eca3-4cdd-8062-d6f3307411a3','Thiamin','THIA',1,'mg','FEMALE',51,70),('e3343f34-2f8c-4c10-9ab4-3df6d6c7fa4f','Magnesium','MG',310,'mg','FEMALE',19,30),('e435a52d-738f-46de-a211-5e9725644bfd','Vitamin D','VITD',15,'µg','FEMALE',9,13),('e4a81572-172a-4cda-a28c-94e5137da064','Zinc','ZN',11,'mg','PREGNANCY',19,30),('e4c47976-0c72-4eef-ad90-4d5c995a81f8','Folate','FOLFD',300,'µg','MALE',9,13),('e59202cc-ff35-42f9-8245-3b7a289bb8d5','Folate','FOLFD',400,'µg','FEMALE',51,70),('e6773825-2a1a-4a9e-88fd-20dcc4f00e0b','Iron','FE',8,'mg','FEMALE',51,70),('e6a70882-aa9d-499d-91c3-8e02ee009a3e','Fatty acids','FAPU',1,'g','FEMALE',9,13),('e6f87def-29f6-4efe-a279-7d9b341774d9','Vitamin C','VITC',65,'mg','FEMALE',14,18),('e719b050-7cd9-4953-b09b-fc5b7f2a6e64','Vitamin A','VITA_RAE',700,'µg','FEMALE',14,18),('e7feb515-0c29-45c9-9940-daefe30e23f6','Vitamin A','VITA_RAE',600,'µg','MALE',9,13),('e8e541bb-ffa4-4f5c-a861-c1afaaad2064','Riboflavin','RIBF',1,'mg','FEMALE',9,13),('e99f8b1e-aa25-4fd2-a625-8d9d5e844cab','Vitamin C','VITC',15,'mg','CHILDREN',1,3),('ea5eff93-890e-4884-b390-71e61b21ac56','Phosphorus','P',700,'mg','FEMALE',70,100),('ea88365b-778e-4fcc-a738-dd0a47dd02b5','Zinc','ZN',8,'mg','FEMALE',9,13),('ecf1b823-2450-43df-abdf-791fde97d3cf','Fiber','FIBTG',21,'g','FEMALE',51,70),('ed071249-ec08-4408-bdff-c0747ff82e05','Iron','FE',8,'mg','MALE',19,30),('ee33bdd5-d3b5-40c8-8f4e-fb2bc63ac6d9','Vitamin K','VITK1',120,'µg','MALE',51,70),('efb44d74-6ea4-4c19-9051-80fa6ff65d35','Vitamin B-6','VITB6A',2,'mg','MALE',51,70),('f06e8ad3-783c-490c-b70a-56eb83be6548','Fatty acids','FAPU',1,'g','FEMALE',31,50),('f1520f36-3090-44da-8371-bc03b74ee24f','Protein','PROCNT',56,'g','MALE',31,50),('f18f73d3-32b2-455e-b305-ba1672d33e59','Sodium','NA',1200,'mg','FEMALE',9,13),('f1922356-1b81-4856-aef8-6b1f11af6374','Vitamin D','VITD',15,'µg','PREGNANCY',31,50),('f1a34a40-b6ac-41d4-9119-0c4fa8d8f767','Sodium','NA',1500,'mg','FEMALE',31,50),('f230f70f-5193-4338-9bc9-ddf3a11d76e3','Calcium','CA',1000,'mg','LACTATION',31,50),('f36c4150-17d9-4409-a8d6-780a5a3fd956','Fatty acids','FAPU',1,'g','LACTATION',19,30),('f395def3-c227-4bfd-a1d9-d69bc4a4b28a','Iron','FE',8,'mg','FEMALE',70,100),('f471218e-9943-4c00-97b1-9607b8de29bd','Carbohydrate','CHOCDF',175,'g','PREGNANCY',19,30),('f5851429-dc69-44b6-848d-896a5c680dad','Vitamin B-6','VITB6A',1,'mg','MALE',31,50),('f5957b32-3af8-491b-bbec-1080b7049f9b','Fatty acids','FAPU',1,'g','PREGNANCY',14,18),('f6870fc3-6c4c-49f9-9f0b-29f0a8c9372a','Vitamin K','VITK1',120,'µg','MALE',19,30),('f6ceec3a-429f-4d75-b839-65f37775769d','Fat','FAPU',-1,'g','CHILDREN',1,3),('f6d25c02-3212-4a11-83ba-4f43fdaf6b9f','Vitamin E','TOCPHA',15,'mg','FEMALE',19,30),('f74016ad-5b79-4f7b-8e7d-707f668e1156','Vitamin D','VITD',15,'µg','MALE',19,30),('f9a9d752-f914-4132-a14e-b767613b497a','Protein','PROCNT',46,'g','FEMALE',19,30),('fa1173de-84df-4d20-a206-e2131f2b1eaa','Fatty acids','FAPU',1,'g','PREGNANCY',31,50),('faa80a90-464a-454c-b524-ed71a796bbd9','Vitamin B-12','VITB12',2,'µg','MALE',51,70),('fb29e376-4824-4c0c-8a01-dc08b6407523','Magnesium','MG',240,'mg','MALE',9,13),('fcfb7593-da35-4bb3-b8f0-360fbef4d23a','Vitamin K','VITK1',55,'µg','CHILDREN',4,8),('fd426b6d-c227-407c-9847-84217fd65986','Vitamin B-6','VITB6A',2,'mg','MALE',70,100),('fd76d32b-98fa-4f57-ab29-87afdb17c46b','Folate','FOLFD',600,'µg','PREGNANCY',31,50),('fdf3f998-9b66-49ee-b2bf-15752becfa55','Riboflavin','RIBF',1,'mg','MALE',9,13),('fe26efcd-3ede-4b06-b467-5970ebc351ca','Fatty acids','FAPU',1,'g','MALE',9,13),('ff2d7386-cf56-4105-8957-59e2c00a9c94','Potassium','K',2300,'mg','FEMALE',9,13),('fff4bf8b-d34e-4049-b3cc-4ca21dcfec00','Water','WATER',3,'g','FEMALE',70,100);
/*!40000 ALTER TABLE `nutrition_recomendation` ENABLE KEYS */;
UNLOCK TABLES;

--
-- Table structure for table `recipe_diet_label`
--

DROP TABLE IF EXISTS `recipe_diet_label`;
/*!40101 SET @saved_cs_client     = @@character_set_client */;
/*!50503 SET character_set_client = utf8mb4 */;
CREATE TABLE `recipe_diet_label` (
  `id` varchar(36) NOT NULL,
  `label` varchar(255) NOT NULL,
  `recipeId` varchar(36) DEFAULT NULL,
  PRIMARY KEY (`id`),
  KEY `FK_5fab2ef76df46c5aa6bec7d3a6c` (`recipeId`),
  CONSTRAINT `FK_5fab2ef76df46c5aa6bec7d3a6c` FOREIGN KEY (`recipeId`) REFERENCES `recipes` (`id`) ON DELETE CASCADE ON UPDATE CASCADE
) ENGINE=InnoDB DEFAULT CHARSET=utf8mb4 COLLATE=utf8mb4_0900_ai_ci;
/*!40101 SET character_set_client = @saved_cs_client */;

--
-- Dumping data for table `recipe_diet_label`
--

LOCK TABLES `recipe_diet_label` WRITE;
/*!40000 ALTER TABLE `recipe_diet_label` DISABLE KEYS */;
INSERT INTO `recipe_diet_label` VALUES ('02047a21-7042-489a-a4c6-11d8e84c1cda','LOW_CARB','e89aaa1b-efd1-444b-a26d-76f2c8a70e12'),('07c92e6e-44e4-4cbc-b227-b3220fbec115','LOW_SODIUM','15b901f9-3232-4f6e-9664-a243c932fe32'),('097536b1-f1c3-4637-b516-ef4073736c4e','HIGH_FIBER','5bab4042-9684-4fae-ad3b-5f5de9350580'),('19925fa6-dce9-4fa9-bd45-16b6af8aaf9c','HIGH_FIBER','6570af5a-e811-45b8-a533-c4f06438e1ff'),('1dd15afb-1ebf-4d53-a45b-e4214cef725a','HIGH_FIBER','893397cd-a91f-4f09-a179-7376cef82601'),('1f8b327f-63a2-414e-9b39-9606e1922dde','LOW_CARB','30386c99-cc37-49c8-8110-7eabf566410c'),('307e7846-129a-4caa-a9a1-1ff6b503562e','LOW_CARB','2e0c1573-6f3b-4c6b-90e4-5dff011b9673'),('31231b50-f19a-41b5-a6f2-6f3f69268af6','LOW_CARB','1d732269-5ba6-4e29-a127-da0a2b6fa54f'),('41f31a6d-612e-4a56-8b02-5d88dd17f971','LOW_SODIUM','30386c99-cc37-49c8-8110-7eabf566410c'),('5865e47a-02d6-4add-b03d-04cc5f13b009','LOW_SODIUM','fd273271-21a1-43b1-b0bb-4e8c22c19b21'),('6baa3294-a552-4fdb-8b09-7155aeebedd6','BALANCED','15b901f9-3232-4f6e-9664-a243c932fe32'),('8462772a-bec6-4149-b4ca-d651cfcf7ebf','LOW_SODIUM','6c629135-2f44-49dd-bb25-0141b773a34e'),('85b9cec7-b2fc-47d8-b243-bf4f11020c82','HIGH_FIBER','ce7c42d8-f557-42e1-8e53-d9925bcafd3b'),('862976c0-06cb-40d1-b7b3-ff9576173632','LOW_SODIUM','97a5aba6-9d39-47da-b4a9-9e75d92d7e01'),('8642f74d-5a3d-4307-be2e-cd8993bc0dd9','LOW_FAT','25c855c1-a417-4c89-8683-1485925a9870'),('8da30a1c-37d7-49a7-b680-f0a01a96654c','BALANCED','666a0b5b-90a1-427b-940e-9316d3b67ef8'),('9472a4d1-4f54-4f51-ada0-dc0b76b456ea','HIGH_FIBER','f852a4dc-e20b-4a41-acd6-789db0813143'),('989bb0d1-a925-4310-919f-119f21fdd198','LOW_CARB','f5762675-fe7e-4f23-83da-e8f379b8fef7'),('9bf275bc-8cb3-4f71-930d-0bfe43a122ff','BALANCED','fde67312-80de-43bd-8c1a-196393822bfc'),('a658a8e0-cbc9-405b-a251-8e6cf69bfb6c','HIGH_FIBER','fde67312-80de-43bd-8c1a-196393822bfc'),('b98a1283-5f92-466b-b268-1e4dc3a4348d','LOW_CARB','3107980b-9142-415e-9b29-b1ffe0e24119'),('bddaab4d-1118-465f-9464-4ab852eb17f2','LOW_CARB','3cd3f061-f3bc-4042-84c6-bb5f13722996'),('c247dd0b-6b6e-4057-9f2d-c0c37665d00d','HIGH_FIBER','f3248d19-b91e-46da-b3ab-8735aac7c391'),('d01a0ccb-616b-4ab9-9ed2-894f8c3a7136','LOW_SODIUM','87c7f114-0945-4706-b90f-76de7818c35b'),('e60b8518-f121-440a-8c0a-ccf5c76b27a7','LOW_SODIUM','fcd030aa-35d1-4f31-95d6-f2bb0bd7c902'),('ea00250b-47b3-4b61-b4d4-cc0543077b17','LOW_SODIUM','f5762675-fe7e-4f23-83da-e8f379b8fef7'),('eca8c407-8112-4483-a157-0d1fbdcd188b','BALANCED','b4191208-a0a1-4ea3-a1ce-e6cdeca0af94'),('f3d07097-94c4-44ab-baf5-c1dfb9f5fb53','BALANCED','4ddb632f-e9f1-4eed-a3bc-dc0984887e63'),('f5c4cc61-1c81-4b36-be4e-9f9fedccd7be','LOW_CARB','fd273271-21a1-43b1-b0bb-4e8c22c19b21'),('fbd73f9f-2160-45bb-afba-1e491e1914da','LOW_FAT','fed3dedf-43b3-4de5-9433-6028e601bcf1');
/*!40000 ALTER TABLE `recipe_diet_label` ENABLE KEYS */;
UNLOCK TABLES;

--
-- Table structure for table `recipe_health_label`
--

DROP TABLE IF EXISTS `recipe_health_label`;
/*!40101 SET @saved_cs_client     = @@character_set_client */;
/*!50503 SET character_set_client = utf8mb4 */;
CREATE TABLE `recipe_health_label` (
  `id` varchar(36) NOT NULL,
  `label` varchar(255) NOT NULL,
  `recipeId` varchar(36) DEFAULT NULL,
  PRIMARY KEY (`id`),
  KEY `FK_f67ef976548ecc6d684e5c3d614` (`recipeId`),
  CONSTRAINT `FK_f67ef976548ecc6d684e5c3d614` FOREIGN KEY (`recipeId`) REFERENCES `recipes` (`id`) ON DELETE CASCADE ON UPDATE CASCADE
) ENGINE=InnoDB DEFAULT CHARSET=utf8mb4 COLLATE=utf8mb4_0900_ai_ci;
/*!40101 SET character_set_client = @saved_cs_client */;

--
-- Dumping data for table `recipe_health_label`
--

LOCK TABLES `recipe_health_label` WRITE;
/*!40000 ALTER TABLE `recipe_health_label` DISABLE KEYS */;
INSERT INTO `recipe_health_label` VALUES ('00341949-6200-4cb8-8a09-118b24b36b6c','PESCATARIAN','30386c99-cc37-49c8-8110-7eabf566410c'),('006710ca-64df-4c20-ae0c-633ea6bf3994','MUSTARD_FREE','fcd030aa-35d1-4f31-95d6-f2bb0bd7c902'),('00687da9-88d9-49be-8d98-90e60d3e0dc8','PESCATARIAN','6570af5a-e811-45b8-a533-c4f06438e1ff'),('007c9951-bca1-41e4-a018-783e1169e682','LUPINE_FREE','f3248d19-b91e-46da-b3ab-8735aac7c391'),('00fe00c4-fba4-4564-a209-1f8fb533275d','MUSTARD_FREE','35a89094-78da-4931-96cc-d5cbf0f5d6fb'),('017437f5-373c-4f28-a672-8494e93e4b46','PEANUT_FREE','a3b6891b-fad3-4c7a-9240-cbd0cb2fb132'),('01940d74-acfb-41a9-a618-92f0db6eb8fd','SHELLFISH_FREE','ba62229e-0ab7-4b07-b4e8-de3b7d876f3b'),('0221de06-526a-45d7-a176-14374c1ab145','TREE_NUT_FREE','6570af5a-e811-45b8-a533-c4f06438e1ff'),('02fa54ea-2f29-4e8a-baf3-3865381f4a39','MOLLUSK_FREE','3cd3f061-f3bc-4042-84c6-bb5f13722996'),('03810e1d-905e-45e9-92c7-544e864f8b0d','TREE_NUT_FREE','30386c99-cc37-49c8-8110-7eabf566410c'),('03b4da74-3d82-49cd-a499-0822567de3e0','NO_SUGAR_ADDED','e89aaa1b-efd1-444b-a26d-76f2c8a70e12'),('03dd0372-9629-4d91-b088-cabc701797df','RED_MEAT_FREE','893397cd-a91f-4f09-a179-7376cef82601'),('043aee71-5a45-46ba-8353-48e8d5c7cb12','PESCATARIAN','f5762675-fe7e-4f23-83da-e8f379b8fef7'),('05256a9b-d5db-4798-b169-58bce17a00b3','LOW_POTASSIUM','f5762675-fe7e-4f23-83da-e8f379b8fef7'),('05c7f93a-5158-4e16-b840-ef8a6bed508c','LUPINE_FREE','15b901f9-3232-4f6e-9664-a243c932fe32'),('05e595d4-0229-4aa2-80a0-7d3d6e3c4c9c','CELERY_FREE','e60e7c73-32ac-4170-916e-6a8a0733070c'),('0706ab8c-6ef0-46e9-82af-3fc7578d1581','TREE_NUT_FREE','fde67312-80de-43bd-8c1a-196393822bfc'),('0791948e-40bc-44f1-b142-d513fdd936bc','KETO_FRIENDLY','fd273271-21a1-43b1-b0bb-4e8c22c19b21'),('07b5a08a-6970-4781-ace9-217875405a7d','TREE_NUT_FREE','893397cd-a91f-4f09-a179-7376cef82601'),('07fbdda9-9fb5-4379-b0d6-38384207c1ad','MILK_FREE','893397cd-a91f-4f09-a179-7376cef82601'),('08003784-3911-42b0-9d3c-78f0c16589c8','SULPHITE_FREE','f5762675-fe7e-4f23-83da-e8f379b8fef7'),('081f9c3f-ce35-459d-86b8-e15b274f1ecc','KIDNEY_FRIENDLY','fd273271-21a1-43b1-b0bb-4e8c22c19b21'),('087457fa-e68c-4766-8b21-ce259d44bdb3','NO_SUGAR_ADDED','3cd3f061-f3bc-4042-84c6-bb5f13722996'),('08e77428-1011-49dd-892b-ad69d8c7d2b8','PEANUT_FREE','f3248d19-b91e-46da-b3ab-8735aac7c391'),('08e8bdfd-048c-4b39-9593-30b7b7b2a7cb','LUPINE_FREE','4ddb632f-e9f1-4eed-a3bc-dc0984887e63'),('09187bd6-13c5-4452-a46b-d9853b76d605','LUPINE_FREE','a3e3c39d-34f8-42b7-9727-3711233f1bce'),('09457292-bb0a-4a4a-bb03-9defa4a510c8','EGG_FREE','ce7c42d8-f557-42e1-8e53-d9925bcafd3b'),('094aab2a-9240-4fcc-99ae-131efc1c4e71','KETO_FRIENDLY','f5762675-fe7e-4f23-83da-e8f379b8fef7'),('09a1ad05-f522-4f66-a9b1-98a8000a1b80','CELERY_FREE','4ddb632f-e9f1-4eed-a3bc-dc0984887e63'),('09cf8448-87df-488c-9e88-903f7a3b742e','MUSTARD_FREE','f852a4dc-e20b-4a41-acd6-789db0813143'),('0a245661-84c8-4947-b298-1936c3228f72','VEGETARIAN','4ddb632f-e9f1-4eed-a3bc-dc0984887e63'),('0a3cf742-04ca-4b84-8aea-ea1327024a3a','KIDNEY_FRIENDLY','87c7f114-0945-4706-b90f-76de7818c35b'),('0a6de5bc-cdf4-4180-8f57-8e054f82a0f8','FISH_FREE','fed3dedf-43b3-4de5-9433-6028e601bcf1'),('0aa0eac9-8e2b-431e-9d6f-f012603ba0bf','VEGETARIAN','dcfd256e-b215-4d56-9502-9fd095113a11'),('0ac79dd3-6a9e-413c-894f-bf25298899b2','FISH_FREE','e60e7c73-32ac-4170-916e-6a8a0733070c'),('0bfe1801-99ce-4c75-8cfc-b17b69e33647','MOLLUSK_FREE','d1466bc9-050b-425e-ad8e-af0675f32354'),('0c032770-2bc0-450d-b23c-8bea7e3a659e','SULPHITE_FREE','3cd3f061-f3bc-4042-84c6-bb5f13722996'),('0c34fc12-1ab3-494e-8c51-f6daedc99c92','FISH_FREE','893397cd-a91f-4f09-a179-7376cef82601'),('0cb069cf-0f00-4d04-ad97-b78937d1c6b1','NO_OIL_ADDED','87c7f114-0945-4706-b90f-76de7818c35b'),('0cb22866-7d2f-4055-b6d9-ce478288ebc8','LUPINE_FREE','85cb832a-a110-46ea-a7db-ccfcfbc883ab'),('0cbb67ba-1641-4592-aee1-36d388d67838','SOY_FREE','15b901f9-3232-4f6e-9664-a243c932fe32'),('0cbd9fd4-ce8b-435e-9abf-ee2957cef621','KOSHER','dcfd256e-b215-4d56-9502-9fd095113a11'),('0d66f8ad-52fc-4653-bccf-95b9f9ad5010','PESCATARIAN','5bab4042-9684-4fae-ad3b-5f5de9350580'),('0d6ff2b2-868a-420a-b37c-baa5f016bb40','KOSHER','1ea1dea2-4aa0-4f76-9f5b-eb832e515554'),('0d7ed583-83da-4180-b5c7-eeba27d8873a','PORK_FREE','666a0b5b-90a1-427b-940e-9316d3b67ef8'),('0da1806d-59ea-420a-a736-1940bff71a66','SULPHITE_FREE','b4191208-a0a1-4ea3-a1ce-e6cdeca0af94'),('0df1f7a1-8f97-4b19-b0ba-08f8dd043456','VEGETARIAN','30386c99-cc37-49c8-8110-7eabf566410c'),('0e855d03-dc3c-459c-99fe-a10b386d108b','KOSHER','ce7c42d8-f557-42e1-8e53-d9925bcafd3b'),('0ef4f857-7dc9-4ee2-a167-bf8078e91d3a','LUPINE_FREE','3107980b-9142-415e-9b29-b1ffe0e24119'),('0f9c4558-015b-4ea3-a506-bfe9f81f23ed','SOY_FREE','87c7f114-0945-4706-b90f-76de7818c35b'),('0fc4e5e4-a317-40cb-826f-822fd61c642b','SHELLFISH_FREE','b6807a17-f27c-42aa-a722-930084f8b211'),('0fcac5a4-54cb-4c21-8e7e-c4ea47b60043','MUSTARD_FREE','e60e7c73-32ac-4170-916e-6a8a0733070c'),('0fec734b-82b8-4ef8-863b-22def5ca8d19','FISH_FREE','666a0b5b-90a1-427b-940e-9316d3b67ef8'),('1063b17c-e77a-4b69-b406-0db3aa38f4e8','CRUSTACEAN_FREE','35a89094-78da-4931-96cc-d5cbf0f5d6fb'),('10aec6c7-7e67-48d6-8e03-b7dc87667b6c','LUPINE_FREE','e89aaa1b-efd1-444b-a26d-76f2c8a70e12'),('10c56c64-8e2b-4abd-8599-5cc6e58a1a52','KIDNEY_FRIENDLY','dd51b859-f756-4e11-8be5-f6209bb068e8'),('10de7179-703c-4ef9-b2b3-7a628a1ea40f','CRUSTACEAN_FREE','a3b6891b-fad3-4c7a-9240-cbd0cb2fb132'),('11d50b0f-adae-4aff-bc80-51d915a44ebf','MUSTARD_FREE','666a0b5b-90a1-427b-940e-9316d3b67ef8'),('11ee2d63-c729-4577-a1bc-b0a90dae674b','DAIRY_FREE','ce7c42d8-f557-42e1-8e53-d9925bcafd3b'),('122abe67-1a4f-4808-8436-355018f6c24f','LUPINE_FREE','5bab4042-9684-4fae-ad3b-5f5de9350580'),('1236bfe9-5261-42c3-a239-cdba7230871e','SHELLFISH_FREE','b4191208-a0a1-4ea3-a1ce-e6cdeca0af94'),('125b8a18-18e1-4af0-ba33-aaa1061118e6','FISH_FREE','fde67312-80de-43bd-8c1a-196393822bfc'),('1310f993-33ba-4521-91d9-f6899d7f31f8','KIDNEY_FRIENDLY','1be483a2-eafd-4db8-bc19-f45b9efb8a3c'),('1334c478-dbe4-4a12-8050-420c4c2aa9d6','RED_MEAT_FREE','b6807a17-f27c-42aa-a722-930084f8b211'),('133519af-9bbc-46cf-95b2-273bfaeabbaf','PESCATARIAN','dd24945a-27fb-47d8-994f-7470d8aaf38a'),('137e9a91-8eb7-4248-ab50-84f6668f33c0','NO_SUGAR_ADDED','25c855c1-a417-4c89-8683-1485925a9870'),('137ed3aa-b2f6-4641-b2ea-e6dcea98cd43','WHEAT_FREE','e89aaa1b-efd1-444b-a26d-76f2c8a70e12'),('13d3749d-0fa1-43f0-94bb-faf146e998d9','CRUSTACEAN_FREE','fde67312-80de-43bd-8c1a-196393822bfc'),('147bbe69-e9ad-492b-8be1-6d5d6ca77ea5','PORK_FREE','dd24945a-27fb-47d8-994f-7470d8aaf38a'),('147de423-2cd2-4cf4-8d07-9e8abcaf058b','VEGETARIAN','ba62229e-0ab7-4b07-b4e8-de3b7d876f3b'),('15209e3b-a892-4ae9-a8a5-e0254d702a10','NO_OIL_ADDED','15b901f9-3232-4f6e-9664-a243c932fe32'),('15bcbdcf-ff85-4b9f-8077-d413c4560c5a','MOLLUSK_FREE','a3e3c39d-34f8-42b7-9727-3711233f1bce'),('15f5f0fa-78c0-4386-bc83-7dd1a6ff1187','RED_MEAT_FREE','fd273271-21a1-43b1-b0bb-4e8c22c19b21'),('1655f64f-7986-4b91-80ac-49c1f4f133cd','SESAME_FREE','97a5aba6-9d39-47da-b4a9-9e75d92d7e01'),('179c11aa-78ea-4ab0-a4c5-14e92f2368c8','PEANUT_FREE','893397cd-a91f-4f09-a179-7376cef82601'),('17c7646d-ab23-4c0a-8b19-72f2c160bf17','LOW_POTASSIUM','4ddb632f-e9f1-4eed-a3bc-dc0984887e63'),('17ec0df9-6556-47c2-ade5-776d9c7891e8','SUGAR_CONSCIOUS','3107980b-9142-415e-9b29-b1ffe0e24119'),('1813d6cf-7b7e-4f11-b338-a3becfdb683d','PORK_FREE','fde67312-80de-43bd-8c1a-196393822bfc'),('1815541f-77a9-41b9-9695-b465bece52ba','SHELLFISH_FREE','a3e3c39d-34f8-42b7-9727-3711233f1bce'),('18ace0f6-55e7-41c9-a2ae-530387350ae8','SUGAR_CONSCIOUS','3cd3f061-f3bc-4042-84c6-bb5f13722996'),('18b801b7-6437-483d-bd9d-c5e5f1d06a5e','TREE_NUT_FREE','f3248d19-b91e-46da-b3ab-8735aac7c391'),('18d68532-2ed9-4565-81ca-163be2dfd111','VEGETARIAN','85cb832a-a110-46ea-a7db-ccfcfbc883ab'),('19035457-d0a7-494f-ab46-9a0a05ec1ed9','KIDNEY_FRIENDLY','b6807a17-f27c-42aa-a722-930084f8b211'),('19102fe8-aeca-48c6-b887-7cd1bb4218f8','KIDNEY_FRIENDLY','d1466bc9-050b-425e-ad8e-af0675f32354'),('193b05c4-0fc2-4bd2-94fb-a084d1e1e629','MUSTARD_FREE','1ea1dea2-4aa0-4f76-9f5b-eb832e515554'),('19f8c7f8-c303-45f7-bae1-1273d0910e76','SPECIFIC_CARBS','2e0c1573-6f3b-4c6b-90e4-5dff011b9673'),('19f98438-30c6-4bc6-9377-ffc7e8312370','SESAME_FREE','2e0c1573-6f3b-4c6b-90e4-5dff011b9673'),('1a26e7cf-5686-4204-aee7-f0d936b78e6b','FISH_FREE','a3e3c39d-34f8-42b7-9727-3711233f1bce'),('1ad7df45-b210-49fb-acd5-e819d7db284a','PEANUT_FREE','666a0b5b-90a1-427b-940e-9316d3b67ef8'),('1af4f5bf-836a-41ae-96eb-a27aca3efa83','DASH','f3248d19-b91e-46da-b3ab-8735aac7c391'),('1afa6adb-a397-41af-99ac-1cb4a9fc7d9b','LUPINE_FREE','35a89094-78da-4931-96cc-d5cbf0f5d6fb'),('1b861e63-9876-41a7-9e0e-d9f228b44880','MOLLUSK_FREE','fde67312-80de-43bd-8c1a-196393822bfc'),('1ba3f605-0511-484b-beda-225c7404c697','CRUSTACEAN_FREE','dd51b859-f756-4e11-8be5-f6209bb068e8'),('1bf692a5-f1d2-4031-8fd1-0f24ed0e7e11','KIDNEY_FRIENDLY','4ddb632f-e9f1-4eed-a3bc-dc0984887e63'),('1c025617-94e3-4bd0-b3f3-d1543003745e','PEANUT_FREE','4ddb632f-e9f1-4eed-a3bc-dc0984887e63'),('1c520019-25ac-4f66-b17c-a8fa0d718f98','KOSHER','5bab4042-9684-4fae-ad3b-5f5de9350580'),('1cfd8d9b-3730-4d46-b6e0-cf3fffde61e7','FISH_FREE','15b901f9-3232-4f6e-9664-a243c932fe32'),('1d0edba5-bbcc-44ff-a517-b670e5958ff9','LUPINE_FREE','ce7c42d8-f557-42e1-8e53-d9925bcafd3b'),('1d5fb47a-a157-4a4c-a3a2-49d046838986','MOLLUSK_FREE','fed3dedf-43b3-4de5-9433-6028e601bcf1'),('1dfecdb8-f57c-41bd-bdbd-164358b36f83','TREE_NUT_FREE','a3b6891b-fad3-4c7a-9240-cbd0cb2fb132'),('1e08a338-bb2c-484d-af4c-16c2a3c5f422','EGG_FREE','893397cd-a91f-4f09-a179-7376cef82601'),('1e262e09-1c92-444f-8224-4f5632ab54c2','MEDITERRANEAN','f3248d19-b91e-46da-b3ab-8735aac7c391'),('1e32dda7-fff3-4604-b1ae-7e3c4a7244f1','SULPHITE_FREE','f3248d19-b91e-46da-b3ab-8735aac7c391'),('1e658357-095a-48cf-89d7-8e0f8f4e65b1','MILK_FREE','ba62229e-0ab7-4b07-b4e8-de3b7d876f3b'),('1e6b5e72-8a36-4c2c-a8fb-a148d813bd44','EGG_FREE','87c7f114-0945-4706-b90f-76de7818c35b'),('1e7adabc-64c7-4ba9-b876-741a0247485e','PORK_FREE','dcfd256e-b215-4d56-9502-9fd095113a11'),('1f2965fd-3849-43a4-b30c-3d28c6590eed','WHEAT_FREE','5bab4042-9684-4fae-ad3b-5f5de9350580'),('1f815e97-222b-4ec5-8181-6a78662b7cdc','KOSHER','4ddb632f-e9f1-4eed-a3bc-dc0984887e63'),('20052bec-917c-453b-b4ae-1b14ba3db106','CELERY_FREE','2e0c1573-6f3b-4c6b-90e4-5dff011b9673'),('201e6c87-afb9-47bf-bdea-ef1bf7d8ab8c','TREE_NUT_FREE','25c855c1-a417-4c89-8683-1485925a9870'),('2041563f-f9c0-42f0-aa87-6f1d786f3217','FISH_FREE','85cb832a-a110-46ea-a7db-ccfcfbc883ab'),('20785085-92b1-4562-858b-4ceb4c070d9e','RED_MEAT_FREE','b4191208-a0a1-4ea3-a1ce-e6cdeca0af94'),('20791c48-eb89-46a1-b37e-fedf02dc029e','RED_MEAT_FREE','dd51b859-f756-4e11-8be5-f6209bb068e8'),('210a7fd1-fed1-474c-a0ce-88e3376445c3','MOLLUSK_FREE','ce7c42d8-f557-42e1-8e53-d9925bcafd3b'),('2165096b-6189-41b0-9cb0-0d2151561a28','SOY_FREE','dcfd256e-b215-4d56-9502-9fd095113a11'),('217bfe7c-0d52-480d-bfb8-d1153aba70a1','MUSTARD_FREE','5bab4042-9684-4fae-ad3b-5f5de9350580'),('22200a68-7d1f-48fa-a019-f84197749baf','NO_SUGAR_ADDED','fde67312-80de-43bd-8c1a-196393822bfc'),('22e1dd18-041d-4eb6-a96e-f4fabd44bec5','SOY_FREE','1d732269-5ba6-4e29-a127-da0a2b6fa54f'),('2328cb11-fcc1-4ccc-b22f-1c95b758cb27','RED_MEAT_FREE','f5762675-fe7e-4f23-83da-e8f379b8fef7'),('2398c9eb-0205-4b75-ae4e-b53b72049992','ALCOHOL_FREE','893397cd-a91f-4f09-a179-7376cef82601'),('23de6b59-9752-4f31-b87f-0dc3ddcd5c75','MUSTARD_FREE','97a5aba6-9d39-47da-b4a9-9e75d92d7e01'),('23e5fad5-139f-4b7a-91be-3131a86ad6b1','PESCATARIAN','87c7f114-0945-4706-b90f-76de7818c35b'),('23e99778-155a-4136-8a7f-68d9d3547e30','PORK_FREE','fcd030aa-35d1-4f31-95d6-f2bb0bd7c902'),('243cbc49-86f2-4f90-87b0-221a48066d3a','MILK_FREE','30386c99-cc37-49c8-8110-7eabf566410c'),('2453e49f-7b0a-47b5-981b-ededd3b847bf','TREE_NUT_FREE','f5762675-fe7e-4f23-83da-e8f379b8fef7'),('24e190ee-2399-4f1c-a627-158951679de8','DAIRY_FREE','6570af5a-e811-45b8-a533-c4f06438e1ff'),('25664df4-0d09-4ffb-9e2c-1a396c553494','ALCOHOL_FREE','e60e7c73-32ac-4170-916e-6a8a0733070c'),('256c9d03-c823-43ff-8cad-a917b7108753','DAIRY_FREE','f3248d19-b91e-46da-b3ab-8735aac7c391'),('2581b52b-e742-4e6d-9801-cbe5c0d74a0a','GLUTEN_FREE','5bab4042-9684-4fae-ad3b-5f5de9350580'),('2588ac08-aac6-4c6c-b71a-b9845c8b69e8','SHELLFISH_FREE','f852a4dc-e20b-4a41-acd6-789db0813143'),('25a76d3d-a5dd-4ec6-a0ec-062ed3f00262','PEANUT_FREE','e89aaa1b-efd1-444b-a26d-76f2c8a70e12'),('25e2184c-f429-426a-9f93-c5786eeaf998','CRUSTACEAN_FREE','6570af5a-e811-45b8-a533-c4f06438e1ff'),('274f9d5f-d21b-4f4a-b2f8-f9d7e18a0508','CELERY_FREE','dd24945a-27fb-47d8-994f-7470d8aaf38a'),('278ba4f4-7060-4d3f-b58a-ad430f082c34','FISH_FREE','f3248d19-b91e-46da-b3ab-8735aac7c391'),('27a0530b-db8f-4af5-be66-0b7aceeca720','EGG_FREE','5bab4042-9684-4fae-ad3b-5f5de9350580'),('2835e24d-ca07-4ca5-aa6f-f0fe9c8ed2d1','SHELLFISH_FREE','893397cd-a91f-4f09-a179-7376cef82601'),('283a83a5-9a4d-4b34-91aa-8f0a0ae3f1bb','MILK_FREE','35a89094-78da-4931-96cc-d5cbf0f5d6fb'),('287cc7ff-c659-4bdf-8d02-e8ff196de578','MOLLUSK_FREE','666a0b5b-90a1-427b-940e-9316d3b67ef8'),('29153846-8302-474a-b859-fc95b637b5a7','SUGAR_CONSCIOUS','f5762675-fe7e-4f23-83da-e8f379b8fef7'),('2920866d-e02e-44eb-bd6d-b7ec621b4193','RED_MEAT_FREE','e60e7c73-32ac-4170-916e-6a8a0733070c'),('2998a02b-0293-42d1-83dc-3cf362b527fe','SHELLFISH_FREE','fcd030aa-35d1-4f31-95d6-f2bb0bd7c902'),('29d379e6-6552-45bb-947e-7c6a40660721','MOLLUSK_FREE','f3248d19-b91e-46da-b3ab-8735aac7c391'),('2a197f06-910d-4e73-b47b-be81e84b6f8e','LUPINE_FREE','666a0b5b-90a1-427b-940e-9316d3b67ef8'),('2a30039a-89aa-4056-abfb-3e88f3500a48','KIDNEY_FRIENDLY','3cd3f061-f3bc-4042-84c6-bb5f13722996'),('2a40c362-9d37-420a-935d-42b2aa9732b9','PORK_FREE','6570af5a-e811-45b8-a533-c4f06438e1ff'),('2a7921d4-3914-4041-8a2d-ba0c623d4e8c','SHELLFISH_FREE','5bab4042-9684-4fae-ad3b-5f5de9350580'),('2a96f65c-7605-40fe-924f-270e3835fbad','SULPHITE_FREE','893397cd-a91f-4f09-a179-7376cef82601'),('2b6867e9-9abe-405b-8338-4361fcb066cd','NO_OIL_ADDED','ba62229e-0ab7-4b07-b4e8-de3b7d876f3b'),('2b9f0ed1-5601-47ed-abe3-612eb77bd8f5','MOLLUSK_FREE','87c7f114-0945-4706-b90f-76de7818c35b'),('2c49d544-be32-4fd4-815e-78e1bb078e2f','SHELLFISH_FREE','87c7f114-0945-4706-b90f-76de7818c35b'),('2cf1f24e-601e-4d0e-ac43-bda316874fce','NO_OIL_ADDED','35a89094-78da-4931-96cc-d5cbf0f5d6fb'),('2cf64bc6-afb8-455c-87b9-0646678c382e','CRUSTACEAN_FREE','e89aaa1b-efd1-444b-a26d-76f2c8a70e12'),('2d4d2015-f528-449c-ac87-25b0011a8cf3','PESCATARIAN','b4191208-a0a1-4ea3-a1ce-e6cdeca0af94'),('2d4deebb-ecf6-4219-af17-4f532971115c','CRUSTACEAN_FREE','4ddb632f-e9f1-4eed-a3bc-dc0984887e63'),('2d69c2b0-92ec-4dfe-a905-1a82911e81ff','FISH_FREE','1be483a2-eafd-4db8-bc19-f45b9efb8a3c'),('2e010346-09c7-492e-9881-bddb2b4bc40a','PORK_FREE','3107980b-9142-415e-9b29-b1ffe0e24119'),('2ee0c38a-3ef3-4c9b-8619-dbeb0f9d7602','SESAME_FREE','e89aaa1b-efd1-444b-a26d-76f2c8a70e12'),('2ef3642f-6fcf-41a1-89f6-183fa74dd8e9','ALCOHOL_FREE','87c7f114-0945-4706-b90f-76de7818c35b'),('2f1c2b76-5092-4f21-a54c-ba4bac053c6a','KOSHER','fcd030aa-35d1-4f31-95d6-f2bb0bd7c902'),('2f43e0c7-314e-441b-a3a5-7915630e55ec','ALCOHOL_FREE','b4191208-a0a1-4ea3-a1ce-e6cdeca0af94'),('3014b448-a768-4bc3-9b69-853cdc071223','CRUSTACEAN_FREE','a3e3c39d-34f8-42b7-9727-3711233f1bce'),('30292774-43a5-48cd-b7e9-9a78c93a8710','MILK_FREE','97a5aba6-9d39-47da-b4a9-9e75d92d7e01'),('31b14488-df7b-46c1-b12b-d1b04f3e2e4d','RED_MEAT_FREE','ce7c42d8-f557-42e1-8e53-d9925bcafd3b'),('32397d8d-d6f7-4f6b-8f6c-c7d5826046e0','PORK_FREE','30386c99-cc37-49c8-8110-7eabf566410c'),('3245641b-095a-4ef7-8221-05dc86ba51f8','ALCOHOL_FREE','dd24945a-27fb-47d8-994f-7470d8aaf38a'),('32569293-0dce-4cc9-9206-4729024fe4b2','LUPINE_FREE','a3b6891b-fad3-4c7a-9240-cbd0cb2fb132'),('32680c90-7406-4463-be33-81dd18a7bd77','KOSHER','e60e7c73-32ac-4170-916e-6a8a0733070c'),('327ce80e-9ddd-46fb-9c00-e407ab6f58a3','PESCATARIAN','1ea1dea2-4aa0-4f76-9f5b-eb832e515554'),('32e4d6a8-0a58-4e2d-b4d7-fc3a01f44cc5','CRUSTACEAN_FREE','2e0c1573-6f3b-4c6b-90e4-5dff011b9673'),('335cc7b0-3285-4074-9158-4ba1622b8760','VEGETARIAN','d1466bc9-050b-425e-ad8e-af0675f32354'),('33ce5bfc-e2a5-4379-aff9-61911549cf1b','DAIRY_FREE','ba62229e-0ab7-4b07-b4e8-de3b7d876f3b'),('33e1893b-6964-4916-9376-0e57df5669be','FISH_FREE','2e0c1573-6f3b-4c6b-90e4-5dff011b9673'),('34c62548-3847-41d6-ba3c-d9231138db81','GLUTEN_FREE','e89aaa1b-efd1-444b-a26d-76f2c8a70e12'),('350ec55c-ddf6-411a-b7d0-d02b7ef695c2','MUSTARD_FREE','1be483a2-eafd-4db8-bc19-f45b9efb8a3c'),('3513214a-a6d9-4b14-a23b-20e8a1d637b7','KETO_FRIENDLY','3107980b-9142-415e-9b29-b1ffe0e24119'),('3572bfe0-88be-4084-b783-5d4a55b3d586','SULPHITE_FREE','4ddb632f-e9f1-4eed-a3bc-dc0984887e63'),('3589994e-5ace-40e3-9653-cfebd681965a','EGG_FREE','1d732269-5ba6-4e29-a127-da0a2b6fa54f'),('367cbbb9-a616-43e8-9dd5-7820068c5fab','LOW_POTASSIUM','dd24945a-27fb-47d8-994f-7470d8aaf38a'),('36ce55c6-1f7c-4e31-92e3-7e79e6bcfd31','TREE_NUT_FREE','666a0b5b-90a1-427b-940e-9316d3b67ef8'),('36fbcad5-12ac-421a-a745-159f2dc8ad2a','SOY_FREE','2e0c1573-6f3b-4c6b-90e4-5dff011b9673'),('3742b812-4773-40e2-a2b0-e02fa36f79e9','ALCOHOL_FREE','1be483a2-eafd-4db8-bc19-f45b9efb8a3c'),('3834e363-e744-4cd1-aa70-75512c8ac790','SESAME_FREE','85cb832a-a110-46ea-a7db-ccfcfbc883ab'),('384f3c30-ef17-4221-adbf-cacc81e669bf','KOSHER','2e0c1573-6f3b-4c6b-90e4-5dff011b9673'),('388a06ed-dc7c-4cbc-859c-8cc0173ea61c','NO_OIL_ADDED','6570af5a-e811-45b8-a533-c4f06438e1ff'),('38bb0c52-4af9-48a7-b0e6-4081cff6e2ce','SOY_FREE','85cb832a-a110-46ea-a7db-ccfcfbc883ab'),('394ce29d-6a29-48e5-88f5-166333d027cd','SULPHITE_FREE','1ea1dea2-4aa0-4f76-9f5b-eb832e515554'),('3956b7e5-13ac-41e6-8ed6-c946b747a4da','PESCATARIAN','4ddb632f-e9f1-4eed-a3bc-dc0984887e63'),('3a1e8d5a-969a-4443-a931-65f7a892ce6a','CELERY_FREE','f5762675-fe7e-4f23-83da-e8f379b8fef7'),('3a71b099-6a55-4a6b-81e0-abf057bf15a0','ALCOHOL_FREE','1d732269-5ba6-4e29-a127-da0a2b6fa54f'),('3a893e13-6f5e-4fa1-aba2-54781bc9f36f','RED_MEAT_FREE','97a5aba6-9d39-47da-b4a9-9e75d92d7e01'),('3a8ce34b-4023-4cd1-824b-c3d3f224289b','NO_OIL_ADDED','fcd030aa-35d1-4f31-95d6-f2bb0bd7c902'),('3a99861b-2e2c-4bba-959c-7f076d9e34a9','KOSHER','87c7f114-0945-4706-b90f-76de7818c35b'),('3abaa548-0b0b-497a-ba2e-eb9249250e9c','PESCATARIAN','f852a4dc-e20b-4a41-acd6-789db0813143'),('3b570ba3-65d8-496c-9c0f-1048112d22dc','EGG_FREE','e89aaa1b-efd1-444b-a26d-76f2c8a70e12'),('3ba6f578-2066-4392-a402-ee521fdc99f9','PORK_FREE','893397cd-a91f-4f09-a179-7376cef82601'),('3bf7686d-b7e1-4de3-ab09-e9b4d8f6c136','PESCATARIAN','dcfd256e-b215-4d56-9502-9fd095113a11'),('3c241b56-7d23-44b7-85da-ce271a4d0f95','DAIRY_FREE','e89aaa1b-efd1-444b-a26d-76f2c8a70e12'),('3c271937-2c9d-40c5-898d-290d40c5d743','LUPINE_FREE','fed3dedf-43b3-4de5-9433-6028e601bcf1'),('3cb96f61-f7bc-474a-8e52-f44d62762ffc','CRUSTACEAN_FREE','30386c99-cc37-49c8-8110-7eabf566410c'),('3ce56a77-10a3-4945-8274-2f3095dc8086','SOY_FREE','dd51b859-f756-4e11-8be5-f6209bb068e8'),('3d3dcde5-07b5-4b09-9977-75c9550188c2','LUPINE_FREE','25c855c1-a417-4c89-8683-1485925a9870'),('3d85b598-b58f-4765-b3e8-2d6b8155ebbc','SHELLFISH_FREE','1ea1dea2-4aa0-4f76-9f5b-eb832e515554'),('3dc48499-8bb4-4382-9d2d-0d58be9be691','LOW_POTASSIUM','85cb832a-a110-46ea-a7db-ccfcfbc883ab'),('3deada44-e52f-4948-b789-f8bc129afb04','SHELLFISH_FREE','e60e7c73-32ac-4170-916e-6a8a0733070c'),('3f1607cd-26b4-4507-b478-7366d41262ab','VEGAN','97a5aba6-9d39-47da-b4a9-9e75d92d7e01'),('3f2ff4d5-9b46-43e6-ac92-d100b454f9c2','KOSHER','fde67312-80de-43bd-8c1a-196393822bfc'),('3f544bbe-ce06-426d-9720-ae62b103f958','WHEAT_FREE','6c629135-2f44-49dd-bb25-0141b773a34e'),('3faee171-c74d-45f6-8135-a191a7bc0c6e','MILK_FREE','a3b6891b-fad3-4c7a-9240-cbd0cb2fb132'),('404ef4e0-69c3-4f9f-91f4-b41cf0f88f33','LUPINE_FREE','6570af5a-e811-45b8-a533-c4f06438e1ff'),('414eaef8-cf2d-476f-bb31-bcedee7768c2','VEGAN','6570af5a-e811-45b8-a533-c4f06438e1ff'),('41dd36b2-4dfd-4660-94d2-b0b6e25d62b7','MOLLUSK_FREE','ba62229e-0ab7-4b07-b4e8-de3b7d876f3b'),('41f0e3cf-bffe-4b4b-850d-0f353ce8de3d','WHEAT_FREE','25c855c1-a417-4c89-8683-1485925a9870'),('4238d5dc-8177-4af0-943b-691d2bf00848','KIDNEY_FRIENDLY','dcfd256e-b215-4d56-9502-9fd095113a11'),('423ef6e8-72e1-4f5c-bcd9-1ee9da82353c','FISH_FREE','a3b6891b-fad3-4c7a-9240-cbd0cb2fb132'),('430b8ff5-8fae-405d-8d8e-c8de178f527b','DAIRY_FREE','a3b6891b-fad3-4c7a-9240-cbd0cb2fb132'),('43a735a0-515a-4871-8222-eb9f2b05589d','ALCOHOL_FREE','d1466bc9-050b-425e-ad8e-af0675f32354'),('43ee6c2f-8f06-4e66-a6e8-60d791c4d843','EGG_FREE','6c629135-2f44-49dd-bb25-0141b773a34e'),('4447d594-c27b-4308-9178-adefc1802791','LUPINE_FREE','dd51b859-f756-4e11-8be5-f6209bb068e8'),('4452844a-967d-4c42-9f49-cc27adaa620f','WHEAT_FREE','1d732269-5ba6-4e29-a127-da0a2b6fa54f'),('448f2baf-3695-4c57-a841-eed5d89c7b02','CRUSTACEAN_FREE','5bab4042-9684-4fae-ad3b-5f5de9350580'),('44aa0180-491c-4489-bc0e-b58b41d58cf6','MUSTARD_FREE','3107980b-9142-415e-9b29-b1ffe0e24119'),('44c77d35-4925-4197-9620-0dd77ae43086','SULPHITE_FREE','fd273271-21a1-43b1-b0bb-4e8c22c19b21'),('44cff25d-8814-4daf-891c-71ba70ce1b67','FISH_FREE','ce7c42d8-f557-42e1-8e53-d9925bcafd3b'),('450204d8-5612-44cb-a9dc-b2d9283f7a8f','MILK_FREE','fde67312-80de-43bd-8c1a-196393822bfc'),('458dee91-842e-4c8f-9f67-aa7c51cb27c4','PESCATARIAN','666a0b5b-90a1-427b-940e-9316d3b67ef8'),('45b80b87-a16d-4de3-abd4-58018f5ea204','VEGETARIAN','b6807a17-f27c-42aa-a722-930084f8b211'),('45bb4564-7382-4af7-8877-d2e722a1d7a8','KOSHER','893397cd-a91f-4f09-a179-7376cef82601'),('45c10c79-809f-439e-8fa1-9d57b3f66bbc','KIDNEY_FRIENDLY','30386c99-cc37-49c8-8110-7eabf566410c'),('45f958f6-6dc1-4000-88e6-efd882e5afca','KOSHER','30386c99-cc37-49c8-8110-7eabf566410c'),('4640b836-9d59-45bf-914d-ef1229e059eb','SHELLFISH_FREE','ce7c42d8-f557-42e1-8e53-d9925bcafd3b'),('46bdce1a-d506-481f-abf4-145b431afe0e','SOY_FREE','f852a4dc-e20b-4a41-acd6-789db0813143'),('46d3f2c2-ca2a-4cd4-96ad-bf0fcca90fee','SHELLFISH_FREE','15b901f9-3232-4f6e-9664-a243c932fe32'),('4739264b-c6f7-4ab1-992c-21f621d8d72b','SHELLFISH_FREE','6570af5a-e811-45b8-a533-c4f06438e1ff'),('479334a5-35b8-4f36-9292-71057af978db','PORK_FREE','15b901f9-3232-4f6e-9664-a243c932fe32'),('47c3576e-cdaa-4999-ac88-65914aba45c1','KOSHER','6570af5a-e811-45b8-a533-c4f06438e1ff'),('488a314f-c25a-4a5a-876c-9f45a4547a1f','VEGETARIAN','f3248d19-b91e-46da-b3ab-8735aac7c391'),('48ac2aa1-ab53-489d-8eee-2a186b5a6eda','KOSHER','666a0b5b-90a1-427b-940e-9316d3b67ef8'),('48b96d92-2025-4c20-940a-86816f7041eb','VEGETARIAN','5bab4042-9684-4fae-ad3b-5f5de9350580'),('48ce0131-683d-445d-a98a-36b5336c4461','RED_MEAT_FREE','1ea1dea2-4aa0-4f76-9f5b-eb832e515554'),('491772d5-ddee-403e-8ced-0831471666d0','RED_MEAT_FREE','1be483a2-eafd-4db8-bc19-f45b9efb8a3c'),('492455ab-80d4-481f-a492-635a95743e63','NO_SUGAR_ADDED','fd273271-21a1-43b1-b0bb-4e8c22c19b21'),('49812e64-97e7-4f08-ba32-716e4beb25fc','SESAME_FREE','b6807a17-f27c-42aa-a722-930084f8b211'),('4ac78959-b076-47b4-b2a9-0c3aef1b9279','CRUSTACEAN_FREE','1ea1dea2-4aa0-4f76-9f5b-eb832e515554'),('4ae6537d-2faf-40fc-8a23-2f10f9b15a29','SHELLFISH_FREE','dd51b859-f756-4e11-8be5-f6209bb068e8'),('4b06fd35-0b0e-49ba-a5fd-913f9818441d','MEDITERRANEAN','ce7c42d8-f557-42e1-8e53-d9925bcafd3b'),('4b66e095-0266-453b-8e15-6a452ab1fb8c','PALEO','25c855c1-a417-4c89-8683-1485925a9870'),('4bca13a7-d847-4640-92c6-dea4119984af','RED_MEAT_FREE','a3e3c39d-34f8-42b7-9727-3711233f1bce'),('4c22b59a-1d6e-41f0-87bf-9cb03d69d342','SHELLFISH_FREE','666a0b5b-90a1-427b-940e-9316d3b67ef8'),('4cb31cff-6c88-4297-9e53-561da989e458','CRUSTACEAN_FREE','dcfd256e-b215-4d56-9502-9fd095113a11'),('4d0e1fba-705b-44e8-bc5e-30752d7ceec2','DAIRY_FREE','fde67312-80de-43bd-8c1a-196393822bfc'),('4d178a6d-9917-4b28-8dea-e4a63e61ab38','KIDNEY_FRIENDLY','b4191208-a0a1-4ea3-a1ce-e6cdeca0af94'),('4d3bc986-9ddf-4635-bad7-d02174cfd808','LUPINE_FREE','b4191208-a0a1-4ea3-a1ce-e6cdeca0af94'),('4d8d31e6-8e0d-4549-8293-9bf6d9e217f3','MOLLUSK_FREE','4ddb632f-e9f1-4eed-a3bc-dc0984887e63'),('4d9eab8c-f7bb-4162-b9dc-dffc7fcfa415','SOY_FREE','ce7c42d8-f557-42e1-8e53-d9925bcafd3b'),('4e6728aa-6c54-45bc-bfb9-ff5784dafc12','PEANUT_FREE','fcd030aa-35d1-4f31-95d6-f2bb0bd7c902'),('4e7a79b9-3c44-4964-8523-845940eb58a7','TREE_NUT_FREE','1d732269-5ba6-4e29-a127-da0a2b6fa54f'),('4f0ef05b-5e2c-451e-8108-06bc795a0800','TREE_NUT_FREE','1be483a2-eafd-4db8-bc19-f45b9efb8a3c'),('4fdfb430-25a2-495a-9d25-a3309cd8221c','SOY_FREE','6c629135-2f44-49dd-bb25-0141b773a34e'),('502cb2cc-0155-4ecf-a90f-c4a1b07ee4a9','EGG_FREE','dd51b859-f756-4e11-8be5-f6209bb068e8'),('507a5aef-4d4d-4463-8bbb-970debff2ca1','PORK_FREE','f3248d19-b91e-46da-b3ab-8735aac7c391'),('509e338f-306c-4a8e-8284-81b0969b18a0','NO_OIL_ADDED','25c855c1-a417-4c89-8683-1485925a9870'),('511e77d3-66c0-49ab-8300-dafb6f51312a','RED_MEAT_FREE','dcfd256e-b215-4d56-9502-9fd095113a11'),('51406fe1-219b-47b7-9d86-7a72ecaccc72','CELERY_FREE','893397cd-a91f-4f09-a179-7376cef82601'),('5154ad2f-99c8-4030-a65d-e0a5968e3fd1','SULPHITE_FREE','97a5aba6-9d39-47da-b4a9-9e75d92d7e01'),('5246bca6-a432-4c1a-b6de-f94f302c5673','RED_MEAT_FREE','2e0c1573-6f3b-4c6b-90e4-5dff011b9673'),('5287a53b-81e3-4e60-a100-d5e773a846d1','TREE_NUT_FREE','dd51b859-f756-4e11-8be5-f6209bb068e8'),('53044193-0e67-4690-ad47-7889875de19e','PEANUT_FREE','97a5aba6-9d39-47da-b4a9-9e75d92d7e01'),('5323bbbd-828c-4c1d-8924-60fd9b41cef2','FISH_FREE','dcfd256e-b215-4d56-9502-9fd095113a11'),('53243e6d-00e2-48be-9264-10e4a940d76d','ALCOHOL_FREE','35a89094-78da-4931-96cc-d5cbf0f5d6fb'),('53332652-46d2-493c-96a0-0b31ac24e54a','TREE_NUT_FREE','4ddb632f-e9f1-4eed-a3bc-dc0984887e63'),('5355c9a2-c838-4180-8e4f-60ee65574967','GLUTEN_FREE','fd273271-21a1-43b1-b0bb-4e8c22c19b21'),('53896208-aefd-42cd-a35b-b14844731559','PESCATARIAN','b6807a17-f27c-42aa-a722-930084f8b211'),('53b6c99e-fa6b-42db-9757-3290e54c30dc','PEANUT_FREE','1d732269-5ba6-4e29-a127-da0a2b6fa54f'),('53d8bb21-6424-4067-8bf7-78405cb6cd61','MUSTARD_FREE','d1466bc9-050b-425e-ad8e-af0675f32354'),('53ddcfbb-c633-48d7-95f4-d6a92e89db09','KOSHER','25c855c1-a417-4c89-8683-1485925a9870'),('54111400-6bf5-475f-872f-7fd73c6651ac','PESCATARIAN','ba62229e-0ab7-4b07-b4e8-de3b7d876f3b'),('54579aed-9519-4c02-9b86-4309b0ccad04','SHELLFISH_FREE','fed3dedf-43b3-4de5-9433-6028e601bcf1'),('54739e0c-5fef-4c8b-bd3f-6a6b44ae7c27','PORK_FREE','ce7c42d8-f557-42e1-8e53-d9925bcafd3b'),('547d6911-7487-4783-a700-c2f0b80857ea','PORK_FREE','b6807a17-f27c-42aa-a722-930084f8b211'),('54c1a1cc-7d74-4d67-9168-71d522d7ba15','SOY_FREE','f3248d19-b91e-46da-b3ab-8735aac7c391'),('5626c42b-5616-43f9-99d2-b48bd4367da9','MUSTARD_FREE','6c629135-2f44-49dd-bb25-0141b773a34e'),('56497c7c-fc53-4620-b595-6468344622de','ALCOHOL_FREE','fed3dedf-43b3-4de5-9433-6028e601bcf1'),('5697d976-dc32-4694-8c66-07415eeb1e73','GLUTEN_FREE','87c7f114-0945-4706-b90f-76de7818c35b'),('573107ae-b847-45ab-b872-c7d222aaa1a6','PEANUT_FREE','d1466bc9-050b-425e-ad8e-af0675f32354'),('57493015-14f9-4111-a155-f0718c8db5be','SULPHITE_FREE','2e0c1573-6f3b-4c6b-90e4-5dff011b9673'),('58c5803a-adf8-43e1-a087-51ab62179b47','EGG_FREE','666a0b5b-90a1-427b-940e-9316d3b67ef8'),('58fa7577-2374-42af-afd5-efabcbdda5ed','CELERY_FREE','e89aaa1b-efd1-444b-a26d-76f2c8a70e12'),('59b7852b-32ec-4aba-ae87-6dcce1c6af28','RED_MEAT_FREE','3cd3f061-f3bc-4042-84c6-bb5f13722996'),('5a013d2f-41e9-42f1-b7f7-0b6247e55d97','WHEAT_FREE','f3248d19-b91e-46da-b3ab-8735aac7c391'),('5a1f571e-4105-4bbe-801f-63d8afdf21d1','FISH_FREE','1d732269-5ba6-4e29-a127-da0a2b6fa54f'),('5a229168-6edb-42bd-9a1d-74e173771f51','VEGETARIAN','a3e3c39d-34f8-42b7-9727-3711233f1bce'),('5a293364-3700-46e2-8453-e98bccc56c73','MUSTARD_FREE','ba62229e-0ab7-4b07-b4e8-de3b7d876f3b'),('5a376012-65a7-44bb-aa4a-29efaecdaaac','MOLLUSK_FREE','30386c99-cc37-49c8-8110-7eabf566410c'),('5a6e0f6f-9368-4887-b556-a365837eb029','LUPINE_FREE','fd273271-21a1-43b1-b0bb-4e8c22c19b21'),('5a95a29c-b128-4315-be3e-473fd2f21b81','TREE_NUT_FREE','6c629135-2f44-49dd-bb25-0141b773a34e'),('5a9daa47-27e8-4f09-b62a-0408727eea19','FISH_FREE','b6807a17-f27c-42aa-a722-930084f8b211'),('5b7c2d98-3dd1-4af3-bc1d-56eae4a2cf9f','PEANUT_FREE','a3e3c39d-34f8-42b7-9727-3711233f1bce'),('5b92c2a3-aecc-4e46-b356-a60092a332d5','PORK_FREE','3cd3f061-f3bc-4042-84c6-bb5f13722996'),('5bd27cec-ff59-4fb4-967c-454de77497be','VEGAN','30386c99-cc37-49c8-8110-7eabf566410c'),('5bf33ebc-c4d6-4a6d-8860-8c9533e6a00c','MILK_FREE','f3248d19-b91e-46da-b3ab-8735aac7c391'),('5c28b2fc-ce53-4779-aac6-a0b340eeb4f2','PALEO','5bab4042-9684-4fae-ad3b-5f5de9350580'),('5c36dfc6-8f4a-430c-8229-5e0cadd3af8d','SESAME_FREE','dcfd256e-b215-4d56-9502-9fd095113a11'),('5c833138-ee55-4221-ba34-1b7270421134','SOY_FREE','fcd030aa-35d1-4f31-95d6-f2bb0bd7c902'),('5d0905e2-ba64-4f83-849a-b7d927a20e43','WHEAT_FREE','30386c99-cc37-49c8-8110-7eabf566410c'),('5d6bc5bd-14e5-47f2-bac8-adc08d45af9f','MUSTARD_FREE','e89aaa1b-efd1-444b-a26d-76f2c8a70e12'),('5d9f0348-8ddf-4eba-85e2-c3311d8eb368','SESAME_FREE','3cd3f061-f3bc-4042-84c6-bb5f13722996'),('5de08ea3-ca15-4015-8298-8ed7ec9e04aa','VEGAN','25c855c1-a417-4c89-8683-1485925a9870'),('5e23a5f6-7721-4312-944c-4777ba82e2df','PORK_FREE','b4191208-a0a1-4ea3-a1ce-e6cdeca0af94'),('5e68d955-5297-44a1-b69b-3dba8d6da075','DAIRY_FREE','25c855c1-a417-4c89-8683-1485925a9870'),('5eacae39-cbd8-46d3-9bbc-74a9e66cb620','MEDITERRANEAN','893397cd-a91f-4f09-a179-7376cef82601'),('5eb4e2a1-191f-4ec1-b98b-6906930f9f9b','RED_MEAT_FREE','3107980b-9142-415e-9b29-b1ffe0e24119'),('5eb6fb94-70c7-48eb-bd9b-14caa86c735c','SESAME_FREE','fde67312-80de-43bd-8c1a-196393822bfc'),('5f93a60d-64bd-4de1-ba45-ab763afe82cd','ALCOHOL_FREE','6c629135-2f44-49dd-bb25-0141b773a34e'),('5ff14ee5-d6dd-4d81-be20-d9e2751efd6c','EGG_FREE','1ea1dea2-4aa0-4f76-9f5b-eb832e515554'),('5ff87367-cbd5-4e44-8e47-2faee6191c68','CELERY_FREE','b4191208-a0a1-4ea3-a1ce-e6cdeca0af94'),('60777c65-ada6-458a-a994-9aa7a66c5673','SESAME_FREE','fd273271-21a1-43b1-b0bb-4e8c22c19b21'),('60d6b7a0-4624-476b-b020-c8726976206a','SHELLFISH_FREE','fde67312-80de-43bd-8c1a-196393822bfc'),('61247a77-c5fb-4ec4-855b-3cbf5fb52e55','LUPINE_FREE','1d732269-5ba6-4e29-a127-da0a2b6fa54f'),('613cee2a-f393-4bfe-a34b-e6c6b9107048','ALCOHOL_FREE','15b901f9-3232-4f6e-9664-a243c932fe32'),('615f632c-a378-45b3-9e73-34c7374de115','LUPINE_FREE','b6807a17-f27c-42aa-a722-930084f8b211'),('61669896-d883-4330-8912-cdb6062c2550','KETO_FRIENDLY','2e0c1573-6f3b-4c6b-90e4-5dff011b9673'),('62184904-b3ac-4d3c-aac7-232b1062a4b9','ALCOHOL_FREE','3107980b-9142-415e-9b29-b1ffe0e24119'),('6218f805-f8c5-41fd-a541-83cc2d46fd28','SULPHITE_FREE','e89aaa1b-efd1-444b-a26d-76f2c8a70e12'),('6322dc2e-bf51-453e-af49-9e04b839b803','PORK_FREE','ba62229e-0ab7-4b07-b4e8-de3b7d876f3b'),('63d30701-0ed1-46f7-8613-fa2e85c43a51','MOLLUSK_FREE','893397cd-a91f-4f09-a179-7376cef82601'),('64134453-9dd1-4f75-b9ba-8d0eb867bdc1','MOLLUSK_FREE','1be483a2-eafd-4db8-bc19-f45b9efb8a3c'),('657636d3-eeb2-4021-8a6c-70d419a52552','FISH_FREE','b4191208-a0a1-4ea3-a1ce-e6cdeca0af94'),('65895c08-687f-4bfc-8ba8-b15d707b04ea','MILK_FREE','ce7c42d8-f557-42e1-8e53-d9925bcafd3b'),('65ced4d6-11e1-4561-a7b1-428c3fbbee7d','PESCATARIAN','e60e7c73-32ac-4170-916e-6a8a0733070c'),('660f3569-cd10-4888-a9b1-f790ffbf4eb7','SESAME_FREE','1be483a2-eafd-4db8-bc19-f45b9efb8a3c'),('66540132-f8f9-4978-af63-53374e18bf79','CRUSTACEAN_FREE','87c7f114-0945-4706-b90f-76de7818c35b'),('6702b52e-ebcc-4ee9-ba18-4e1125305727','ALCOHOL_FREE','a3e3c39d-34f8-42b7-9727-3711233f1bce'),('67360b31-2f16-49d5-850d-57b8b8ef9744','RED_MEAT_FREE','5bab4042-9684-4fae-ad3b-5f5de9350580'),('67572830-5aa0-4d28-bbce-4d1954dc8743','SOY_FREE','fed3dedf-43b3-4de5-9433-6028e601bcf1'),('6822f969-ff31-4255-8979-c7e37b523c46','KOSHER','dd24945a-27fb-47d8-994f-7470d8aaf38a'),('691a2709-c11c-4e44-977b-80d0fc46cc3e','VEGETARIAN','6c629135-2f44-49dd-bb25-0141b773a34e'),('6968f987-b6f7-43fa-b041-9cccd692a966','NO_OIL_ADDED','97a5aba6-9d39-47da-b4a9-9e75d92d7e01'),('69d03d41-7d7e-4f98-a564-848a4ca6d82b','RED_MEAT_FREE','f852a4dc-e20b-4a41-acd6-789db0813143'),('6a16ca75-3d8b-44de-b93f-cd43f75a27b3','VEGETARIAN','f852a4dc-e20b-4a41-acd6-789db0813143'),('6aba3740-ec55-489e-8acd-6d96e2010d43','WHEAT_FREE','666a0b5b-90a1-427b-940e-9316d3b67ef8'),('6ac79f96-a191-4211-8bbd-7acd3bda3ff8','RED_MEAT_FREE','fcd030aa-35d1-4f31-95d6-f2bb0bd7c902'),('6aeaa1d3-22af-402e-861a-f0a44d8bee8a','ALCOHOL_FREE','f3248d19-b91e-46da-b3ab-8735aac7c391'),('6b40ce1e-d5e7-457c-898d-0112fa160264','CRUSTACEAN_FREE','85cb832a-a110-46ea-a7db-ccfcfbc883ab'),('6ba9fe9f-a25a-4fe9-9ad3-8ee4d762d104','SULPHITE_FREE','b6807a17-f27c-42aa-a722-930084f8b211'),('6baaddfd-26db-4aba-9b1e-0b6c6a4b0e99','KOSHER','fd273271-21a1-43b1-b0bb-4e8c22c19b21'),('6c1aaaeb-df8a-4656-aecc-1b7f4db322b6','LOW_FAT_ABS','87c7f114-0945-4706-b90f-76de7818c35b'),('6c4e1659-71d9-4b42-a35d-244461426d59','TREE_NUT_FREE','b6807a17-f27c-42aa-a722-930084f8b211'),('6ce3df83-cbf0-4ed7-9c6a-6812b1b65918','ALCOHOL_FREE','f5762675-fe7e-4f23-83da-e8f379b8fef7'),('6cf9355a-5840-4f16-a77d-0837be765957','KIDNEY_FRIENDLY','ba62229e-0ab7-4b07-b4e8-de3b7d876f3b'),('6d1dc65a-8438-4f56-92d1-a86d8d91224f','KIDNEY_FRIENDLY','e60e7c73-32ac-4170-916e-6a8a0733070c'),('6d31024b-7465-40d7-a3ff-e3b437f5e049','LUPINE_FREE','1be483a2-eafd-4db8-bc19-f45b9efb8a3c'),('6d60bf58-ae44-41f8-b114-d50eaa9c5cd5','PORK_FREE','e60e7c73-32ac-4170-916e-6a8a0733070c'),('6d7527a3-a9ac-4cce-b6c2-8bf3231ec5e7','KOSHER','35a89094-78da-4931-96cc-d5cbf0f5d6fb'),('6e11fca6-6a1c-461f-b99b-ca83cdfc57b9','SESAME_FREE','dd51b859-f756-4e11-8be5-f6209bb068e8'),('6ebff0c7-1832-414c-9fe7-f27d5fdad4b0','RED_MEAT_FREE','fed3dedf-43b3-4de5-9433-6028e601bcf1'),('6eeec9a0-0c45-4799-8791-4d41f36f6707','MOLLUSK_FREE','25c855c1-a417-4c89-8683-1485925a9870'),('70089d58-7475-4282-b557-cdf48e87ebb1','CRUSTACEAN_FREE','fed3dedf-43b3-4de5-9433-6028e601bcf1'),('70237487-8618-4273-a33d-396d54f55fb1','SULPHITE_FREE','35a89094-78da-4931-96cc-d5cbf0f5d6fb'),('711179bc-0991-4bd2-95a3-6aec8de35b4d','SESAME_FREE','1ea1dea2-4aa0-4f76-9f5b-eb832e515554'),('7147d3e2-4be4-4145-bcf4-aa2eb7591ddd','SHELLFISH_FREE','d1466bc9-050b-425e-ad8e-af0675f32354'),('714db2aa-e1b6-4df4-ad87-e30a132eada1','PORK_FREE','dd51b859-f756-4e11-8be5-f6209bb068e8'),('7151260b-2306-4d97-bb80-26346c99ac93','SESAME_FREE','25c855c1-a417-4c89-8683-1485925a9870'),('71c5c3d2-fd6f-44c7-86ba-351213898f74','KOSHER','ba62229e-0ab7-4b07-b4e8-de3b7d876f3b'),('720c90b6-a56c-4e2b-84f1-6388accc0bf8','GLUTEN_FREE','f3248d19-b91e-46da-b3ab-8735aac7c391'),('728e753f-cb61-473e-939c-af56286e268c','MOLLUSK_FREE','fcd030aa-35d1-4f31-95d6-f2bb0bd7c902'),('72cc28c2-c5fa-4703-9a06-46f3034e8b70','SESAME_FREE','87c7f114-0945-4706-b90f-76de7818c35b'),('72df1955-f358-4d91-b146-e7ad3d409308','CELERY_FREE','3107980b-9142-415e-9b29-b1ffe0e24119'),('732e5ab8-5ceb-4cd4-9427-4e919775020e','CRUSTACEAN_FREE','ce7c42d8-f557-42e1-8e53-d9925bcafd3b'),('736e3fe5-8d47-44d6-88b9-fdf6c3973de0','CRUSTACEAN_FREE','25c855c1-a417-4c89-8683-1485925a9870'),('73d2ca0e-a90c-4185-95e4-63eedc97ffe7','GLUTEN_FREE','ce7c42d8-f557-42e1-8e53-d9925bcafd3b'),('73ec6402-b92a-42a0-a5c7-00d4c2408521','VEGETARIAN','dd24945a-27fb-47d8-994f-7470d8aaf38a'),('74525245-23af-409f-8324-fe3dced856c6','CELERY_FREE','f3248d19-b91e-46da-b3ab-8735aac7c391'),('74a82a8f-b1eb-4d9f-886f-e71dcb6d26d1','CELERY_FREE','ba62229e-0ab7-4b07-b4e8-de3b7d876f3b'),('74aadb04-a246-4322-98d0-32afa123b972','GLUTEN_FREE','25c855c1-a417-4c89-8683-1485925a9870'),('7554350c-c643-44f0-aba4-7afe852d0703','SPECIFIC_CARBS','25c855c1-a417-4c89-8683-1485925a9870'),('75b27a4d-c86f-44aa-a3a1-c9830c65646f','KOSHER','f5762675-fe7e-4f23-83da-e8f379b8fef7'),('75bbb68a-38a3-4489-9ab6-9fbb55ea6a78','ALCOHOL_FREE','ce7c42d8-f557-42e1-8e53-d9925bcafd3b'),('75bed9e1-9b06-4686-9c74-e4bf52c95288','DAIRY_FREE','f852a4dc-e20b-4a41-acd6-789db0813143'),('766ab27f-5c1e-494d-a80c-96314e4f450b','RED_MEAT_FREE','6570af5a-e811-45b8-a533-c4f06438e1ff'),('76a0e50b-bd95-4381-b0a2-598f2a69c763','SESAME_FREE','6c629135-2f44-49dd-bb25-0141b773a34e'),('773b2ef5-a5ae-4891-a836-9e3148a87d1d','LUPINE_FREE','e60e7c73-32ac-4170-916e-6a8a0733070c'),('77751977-706c-4ee8-9a4e-b13ba811eac7','PEANUT_FREE','f852a4dc-e20b-4a41-acd6-789db0813143'),('77f4b80f-dcd1-4fc4-820a-df531967c1df','LOW_POTASSIUM','2e0c1573-6f3b-4c6b-90e4-5dff011b9673'),('77fc6ada-7ecf-4059-830f-55e6d3d4fc9a','SESAME_FREE','30386c99-cc37-49c8-8110-7eabf566410c'),('78027411-ae4a-4a9c-84d0-d58784801ecf','RED_MEAT_FREE','666a0b5b-90a1-427b-940e-9316d3b67ef8'),('7827721a-63ed-48f0-800c-37719cadfc7d','SOY_FREE','25c855c1-a417-4c89-8683-1485925a9870'),('78655155-8902-40c0-b508-019b335257f5','PEANUT_FREE','b4191208-a0a1-4ea3-a1ce-e6cdeca0af94'),('78f5f7d7-3c82-4764-998d-4dfe3297027e','MUSTARD_FREE','b4191208-a0a1-4ea3-a1ce-e6cdeca0af94'),('792a3e03-1140-425b-8c9a-de3a742ac246','MOLLUSK_FREE','3107980b-9142-415e-9b29-b1ffe0e24119'),('793c8f5f-274f-4ad2-9320-0a0c2d6c7ffc','GLUTEN_FREE','15b901f9-3232-4f6e-9664-a243c932fe32'),('794a6f22-4d8d-446f-9167-276cb8acd7e2','WHEAT_FREE','87c7f114-0945-4706-b90f-76de7818c35b'),('79673eb4-7373-4f4c-b505-1cb391909ed1','PEANUT_FREE','35a89094-78da-4931-96cc-d5cbf0f5d6fb'),('798a1b8b-fea2-4bb2-a5fd-06a38a5888db','CELERY_FREE','ce7c42d8-f557-42e1-8e53-d9925bcafd3b'),('798ad92b-14a2-4cbb-8b96-1dc1329510ca','MUSTARD_FREE','a3e3c39d-34f8-42b7-9727-3711233f1bce'),('799e107f-fe7f-48ef-8708-356717ba8445','DAIRY_FREE','e60e7c73-32ac-4170-916e-6a8a0733070c'),('79df9195-a140-4431-b66c-4e53237d2368','MUSTARD_FREE','6570af5a-e811-45b8-a533-c4f06438e1ff'),('7c08edb2-a29e-421f-b4f1-acf765075af0','PORK_FREE','97a5aba6-9d39-47da-b4a9-9e75d92d7e01'),('7c29dc38-c4d4-4c08-91f4-45912b40f2df','MOLLUSK_FREE','97a5aba6-9d39-47da-b4a9-9e75d92d7e01'),('7c5c92c1-1d63-4609-88a5-c4787e46acd0','KETO_FRIENDLY','e89aaa1b-efd1-444b-a26d-76f2c8a70e12'),('7c6e6bdd-c8f1-42a9-98bb-c32dc8898c76','SESAME_FREE','fed3dedf-43b3-4de5-9433-6028e601bcf1'),('7cc23507-4afc-451e-92b7-2a87d0c98741','DAIRY_FREE','fd273271-21a1-43b1-b0bb-4e8c22c19b21'),('7d0c9622-45a7-4ebe-842e-1f4d5d95400b','ALCOHOL_FREE','a3b6891b-fad3-4c7a-9240-cbd0cb2fb132'),('7d946f17-28c4-4962-aa17-224d7556f829','VEGAN','f852a4dc-e20b-4a41-acd6-789db0813143'),('7e5cc103-5c71-4cf4-9ece-1271effdabf9','SHELLFISH_FREE','1be483a2-eafd-4db8-bc19-f45b9efb8a3c'),('7ed78d7c-3c38-42e2-9a99-aa20e1c0d1f4','PESCATARIAN','85cb832a-a110-46ea-a7db-ccfcfbc883ab'),('7f1c2a88-7a5a-4802-a71b-05b86aee2292','SESAME_FREE','3107980b-9142-415e-9b29-b1ffe0e24119'),('7f8b4eb0-cead-4d85-b718-6e0f4da926c6','PEANUT_FREE','fd273271-21a1-43b1-b0bb-4e8c22c19b21'),('7ff83945-453c-4b6d-abdc-17b34bc9a8b9','CELERY_FREE','6c629135-2f44-49dd-bb25-0141b773a34e'),('80070156-c288-4020-aaf8-55885983c52f','CRUSTACEAN_FREE','6c629135-2f44-49dd-bb25-0141b773a34e'),('80245a3c-1e71-4c54-8192-6ad10d6c5a4d','SUGAR_CONSCIOUS','2e0c1573-6f3b-4c6b-90e4-5dff011b9673'),('80311bac-e9e4-4192-9f6f-10e2b88c7778','MOLLUSK_FREE','dcfd256e-b215-4d56-9502-9fd095113a11'),('80eb213d-45bd-4825-812d-6f35ae655058','VEGAN','f3248d19-b91e-46da-b3ab-8735aac7c391'),('811fd772-1894-494a-8c60-92f45eedb0d5','CRUSTACEAN_FREE','b6807a17-f27c-42aa-a722-930084f8b211'),('814860b6-166e-4c19-b98c-982d3a899d4a','SPECIFIC_CARBS','fd273271-21a1-43b1-b0bb-4e8c22c19b21'),('819b182a-42cd-46e9-b7bf-2728cbc71a61','PORK_FREE','1ea1dea2-4aa0-4f76-9f5b-eb832e515554'),('81fa7a19-2fa3-4cc7-b861-a601a96da185','SOY_FREE','d1466bc9-050b-425e-ad8e-af0675f32354'),('8277d7fe-0f20-4398-b2e0-8772a070e16a','KETO_FRIENDLY','1d732269-5ba6-4e29-a127-da0a2b6fa54f'),('82abc886-1be2-4581-b868-6f99e6ed9f26','WHEAT_FREE','15b901f9-3232-4f6e-9664-a243c932fe32'),('82f369f4-39cb-4845-bbdd-48adab6eb22c','ALCOHOL_FREE','666a0b5b-90a1-427b-940e-9316d3b67ef8'),('83711e84-752b-4d7e-8a7f-b5bd6d0a09e9','FISH_FREE','5bab4042-9684-4fae-ad3b-5f5de9350580'),('837553ec-dc76-445e-a90d-6a7b69c34120','KOSHER','a3e3c39d-34f8-42b7-9727-3711233f1bce'),('840bb480-fa9e-48bd-9a42-003ab123c24f','ALCOHOL_FREE','3cd3f061-f3bc-4042-84c6-bb5f13722996'),('840d0165-ab23-44ae-82a9-5f6c4a93f1a6','EGG_FREE','15b901f9-3232-4f6e-9664-a243c932fe32'),('842c580c-0b22-40eb-b9ea-c6d8f3bc11b5','PEANUT_FREE','1ea1dea2-4aa0-4f76-9f5b-eb832e515554'),('84de5660-44c6-4a9c-9d3b-690ab7754ff3','EGG_FREE','4ddb632f-e9f1-4eed-a3bc-dc0984887e63'),('84f364f4-4bff-4749-8976-48274bc3d0c6','ALCOHOL_FREE','fcd030aa-35d1-4f31-95d6-f2bb0bd7c902'),('852cb5e9-97d0-48bc-86d9-6cb6ebbc6140','GLUTEN_FREE','1d732269-5ba6-4e29-a127-da0a2b6fa54f'),('85875ba0-2438-44c5-b81c-8e572f0ce030','LOW_POTASSIUM','3cd3f061-f3bc-4042-84c6-bb5f13722996'),('8627bd39-ec99-4d51-aa8c-056b15dbd988','CRUSTACEAN_FREE','fcd030aa-35d1-4f31-95d6-f2bb0bd7c902'),('868c5fe3-9b09-485b-a7e5-e6f60e1df8f6','CRUSTACEAN_FREE','3cd3f061-f3bc-4042-84c6-bb5f13722996'),('86c93f9d-8e1d-4c98-bb18-e78dc80160c6','PEANUT_FREE','fde67312-80de-43bd-8c1a-196393822bfc'),('86cc8c6b-d3e4-41f7-8b77-464839ba0d95','CELERY_FREE','dd51b859-f756-4e11-8be5-f6209bb068e8'),('8715cf0b-f729-4163-a54e-54bd336d461a','CELERY_FREE','1d732269-5ba6-4e29-a127-da0a2b6fa54f'),('8806f23b-9846-4691-9602-1cb44f543ac0','MILK_FREE','d1466bc9-050b-425e-ad8e-af0675f32354'),('88511184-87ee-448c-ad78-0f6746b5c69e','SOY_FREE','fd273271-21a1-43b1-b0bb-4e8c22c19b21'),('885dc8d5-d36d-4817-b1af-43ca22aa4708','EGG_FREE','fcd030aa-35d1-4f31-95d6-f2bb0bd7c902'),('886d890f-ef29-4586-a981-88bf96d12803','SUGAR_CONSCIOUS','fd273271-21a1-43b1-b0bb-4e8c22c19b21'),('88d16072-570a-4b20-b999-69e9066a4ef8','SESAME_FREE','ba62229e-0ab7-4b07-b4e8-de3b7d876f3b'),('89224165-9398-42c3-86b9-babb6feb5f6a','SESAME_FREE','a3e3c39d-34f8-42b7-9727-3711233f1bce'),('8924ec7c-b54a-4475-89fd-239373bfee81','SOY_FREE','b4191208-a0a1-4ea3-a1ce-e6cdeca0af94'),('8a61e490-b36a-4448-8d7b-d88d6fe1b0ba','VEGETARIAN','fed3dedf-43b3-4de5-9433-6028e601bcf1'),('8a63cb0a-24ac-423e-8541-c913304da207','MUSTARD_FREE','4ddb632f-e9f1-4eed-a3bc-dc0984887e63'),('8a9c5fe0-c346-4165-aa57-907d3751289b','DAIRY_FREE','97a5aba6-9d39-47da-b4a9-9e75d92d7e01'),('8aa89013-4e0b-4eb9-ad64-46bceabadbfb','FISH_FREE','87c7f114-0945-4706-b90f-76de7818c35b'),('8b1df6cd-9a26-4334-9d10-acf3aacc6443','PESCATARIAN','2e0c1573-6f3b-4c6b-90e4-5dff011b9673'),('8b1f0146-10a0-4d72-aa57-2b8e869e23cd','PORK_FREE','4ddb632f-e9f1-4eed-a3bc-dc0984887e63'),('8b758f64-1cf1-44f5-a331-27f6c25d8169','MUSTARD_FREE','f3248d19-b91e-46da-b3ab-8735aac7c391'),('8b958578-ada9-42bd-b7c9-bcdc6c021c3a','KIDNEY_FRIENDLY','15b901f9-3232-4f6e-9664-a243c932fe32'),('8bfe9c9b-0da6-4f97-8406-bce5f77a54ce','PEANUT_FREE','25c855c1-a417-4c89-8683-1485925a9870'),('8c7a81ab-bd6e-4ee7-9f57-89eca534c58f','SUGAR_CONSCIOUS','e60e7c73-32ac-4170-916e-6a8a0733070c'),('8ccf3214-9c16-45f1-a44b-5e56ee21d1d5','KOSHER','85cb832a-a110-46ea-a7db-ccfcfbc883ab'),('8d2ee981-1163-4227-b67e-5de535c1a2af','PESCATARIAN','f3248d19-b91e-46da-b3ab-8735aac7c391'),('8d6980e6-a8d0-4e50-bc5f-1c7a82e8fe4b','KOSHER','15b901f9-3232-4f6e-9664-a243c932fe32'),('8dc40a61-2461-404f-8419-a6e2a9262b60','LUPINE_FREE','2e0c1573-6f3b-4c6b-90e4-5dff011b9673'),('8e346978-b1c1-43c6-a732-1ccda0de2dda','CELERY_FREE','d1466bc9-050b-425e-ad8e-af0675f32354'),('8efcb18c-0429-4eea-b3b4-ef7e403160ef','PORK_FREE','6c629135-2f44-49dd-bb25-0141b773a34e'),('8f1a3396-34a0-455b-9964-62941d199cb4','KOSHER','fed3dedf-43b3-4de5-9433-6028e601bcf1'),('8f20365c-6e2f-4d2c-88b8-f92ffb158d21','KIDNEY_FRIENDLY','666a0b5b-90a1-427b-940e-9316d3b67ef8'),('8f91bf65-e3a6-4bd3-992f-bf555f2a673c','WHEAT_FREE','fcd030aa-35d1-4f31-95d6-f2bb0bd7c902'),('8ff11b78-0cbe-4ef1-b9b1-9a03e0bf346a','VEGETARIAN','15b901f9-3232-4f6e-9664-a243c932fe32'),('929f1773-7c1e-45f3-ac7d-438e89a02d04','MOLLUSK_FREE','b4191208-a0a1-4ea3-a1ce-e6cdeca0af94'),('92af006e-0d9a-4059-ad1c-84f213b883b5','PEANUT_FREE','3107980b-9142-415e-9b29-b1ffe0e24119'),('92e81aad-1217-4a8d-855c-9547bacbf004','TREE_NUT_FREE','a3e3c39d-34f8-42b7-9727-3711233f1bce'),('931c1054-3669-4b72-8d65-64deea0b8a43','DAIRY_FREE','3107980b-9142-415e-9b29-b1ffe0e24119'),('932a20d8-4c52-493e-a6a2-5d658a0d822b','CELERY_FREE','a3b6891b-fad3-4c7a-9240-cbd0cb2fb132'),('93a05e3b-9643-4e74-b5b2-567dfdf5cd45','FISH_FREE','35a89094-78da-4931-96cc-d5cbf0f5d6fb'),('93dc3515-2c56-4b6d-a0f5-afe462145956','CRUSTACEAN_FREE','1be483a2-eafd-4db8-bc19-f45b9efb8a3c'),('94141e71-ac9d-4170-9ea9-78b806fe1d8a','PESCATARIAN','ce7c42d8-f557-42e1-8e53-d9925bcafd3b'),('9445b66e-2d76-4e30-8f7a-1508eae008af','FISH_FREE','6c629135-2f44-49dd-bb25-0141b773a34e'),('94b42eb0-d034-4d40-8fc4-ee863067bad6','MUSTARD_FREE','dd51b859-f756-4e11-8be5-f6209bb068e8'),('952df341-9fc3-45af-8e29-e2edd851b49a','WHEAT_FREE','fd273271-21a1-43b1-b0bb-4e8c22c19b21'),('9592a609-5f64-4657-bc7c-8943c2b85a5d','SULPHITE_FREE','1d732269-5ba6-4e29-a127-da0a2b6fa54f'),('95974278-4d31-44bb-8890-cdf85556dee1','SESAME_FREE','893397cd-a91f-4f09-a179-7376cef82601'),('95babe7e-c740-4119-ba19-1be109f127b6','LUPINE_FREE','dcfd256e-b215-4d56-9502-9fd095113a11'),('96149890-856a-4dd3-b3a3-cfd625053470','SHELLFISH_FREE','dd24945a-27fb-47d8-994f-7470d8aaf38a'),('96b3a977-6df9-470b-a794-ad117484d6ca','VEGETARIAN','3cd3f061-f3bc-4042-84c6-bb5f13722996'),('97bceee8-e3a9-41be-b90d-880a938991f3','PESCATARIAN','fcd030aa-35d1-4f31-95d6-f2bb0bd7c902'),('97e6de98-e789-44b5-8a36-d258b9d50ce4','SHELLFISH_FREE','6c629135-2f44-49dd-bb25-0141b773a34e'),('980e6405-0829-49a6-8778-93732b937652','ALCOHOL_FREE','85cb832a-a110-46ea-a7db-ccfcfbc883ab'),('9819d6b0-407b-4059-aad7-a012067d103a','MUSTARD_FREE','87c7f114-0945-4706-b90f-76de7818c35b'),('984f8f5d-d5d3-4993-ab5e-dffebbf7e7c0','CELERY_FREE','fde67312-80de-43bd-8c1a-196393822bfc'),('9853dd3c-e152-47fc-b995-44711e34aae3','PEANUT_FREE','dd24945a-27fb-47d8-994f-7470d8aaf38a'),('9894c95b-2984-4879-a77f-51269213d729','PORK_FREE','2e0c1573-6f3b-4c6b-90e4-5dff011b9673'),('990ea0af-fabc-4ac9-9f80-6dd1dbd69531','SOY_FREE','ba62229e-0ab7-4b07-b4e8-de3b7d876f3b'),('9a3f5d1c-550a-4383-bb79-83c1525afc87','DAIRY_FREE','35a89094-78da-4931-96cc-d5cbf0f5d6fb'),('9a425590-9b3f-4586-a681-92850de7a5ce','SUGAR_CONSCIOUS','85cb832a-a110-46ea-a7db-ccfcfbc883ab'),('9a7e3cdf-f097-448e-a152-907a1a015b1a','GLUTEN_FREE','fcd030aa-35d1-4f31-95d6-f2bb0bd7c902'),('9a82a01a-e394-49cf-b719-e9582af44c62','PEANUT_FREE','5bab4042-9684-4fae-ad3b-5f5de9350580'),('9aab4a83-3374-46a3-9123-e0fb91c21aad','LUPINE_FREE','893397cd-a91f-4f09-a179-7376cef82601'),('9ab31f8d-be03-4df0-931f-b48e107606a9','SESAME_FREE','fcd030aa-35d1-4f31-95d6-f2bb0bd7c902'),('9af34933-c47b-479a-962d-90198d5646e4','MOLLUSK_FREE','f852a4dc-e20b-4a41-acd6-789db0813143'),('9b7c55a4-080a-405d-85d8-7ce464c15756','FISH_FREE','ba62229e-0ab7-4b07-b4e8-de3b7d876f3b'),('9b7e39da-d00e-4ae8-87cb-00f3d8b36784','CELERY_FREE','3cd3f061-f3bc-4042-84c6-bb5f13722996'),('9b8ee5e3-b59c-4a9f-a4ca-0a787e446740','SHELLFISH_FREE','30386c99-cc37-49c8-8110-7eabf566410c'),('9c233185-3294-400c-947a-d8ee03a5c486','TREE_NUT_FREE','3107980b-9142-415e-9b29-b1ffe0e24119'),('9d0385ac-b215-4f3f-a5e1-e571bfbbd353','PESCATARIAN','fed3dedf-43b3-4de5-9433-6028e601bcf1'),('9d43f87f-abf1-42bd-9d99-c32754fc00ca','NO_SUGAR_ADDED','1d732269-5ba6-4e29-a127-da0a2b6fa54f'),('9d8f4133-50ca-4ad9-9e49-a425dbf63519','PESCATARIAN','dd51b859-f756-4e11-8be5-f6209bb068e8'),('9db38d72-e24d-4681-a59a-160673e8a196','MOLLUSK_FREE','6570af5a-e811-45b8-a533-c4f06438e1ff'),('9e68075d-5f1a-4982-a7e0-b57204743ee5','KOSHER','3cd3f061-f3bc-4042-84c6-bb5f13722996'),('9e720812-935d-4ba2-9be2-3e5858748851','MEDITERRANEAN','f5762675-fe7e-4f23-83da-e8f379b8fef7'),('9e905992-cf02-49b7-8227-4d92f82fadb5','PEANUT_FREE','30386c99-cc37-49c8-8110-7eabf566410c'),('9f4f79a2-e4f0-4ff0-a7e7-2892723bd79d','KOSHER','b4191208-a0a1-4ea3-a1ce-e6cdeca0af94'),('9f5e599c-04af-42de-a533-05ced2e74f8e','FISH_FREE','25c855c1-a417-4c89-8683-1485925a9870'),('9f626e88-0cdc-46ae-8afc-001194548475','FISH_FREE','dd24945a-27fb-47d8-994f-7470d8aaf38a'),('9fde79ef-f05a-468d-b6cd-ea695ab230c3','PORK_FREE','a3e3c39d-34f8-42b7-9727-3711233f1bce'),('a0d03481-4930-40f0-885d-8afbd3c0aab3','RED_MEAT_FREE','f3248d19-b91e-46da-b3ab-8735aac7c391'),('a11d2672-128c-47d4-af61-5d1c26625fbd','VEGETARIAN','666a0b5b-90a1-427b-940e-9316d3b67ef8'),('a1488154-abc2-45be-8861-c32c945b4eb8','VEGETARIAN','ce7c42d8-f557-42e1-8e53-d9925bcafd3b'),('a18e1a09-5357-42bf-811f-fa6693fb5f98','VEGETARIAN','e60e7c73-32ac-4170-916e-6a8a0733070c'),('a198eb6b-126c-4519-aab9-0d118ac359fd','TREE_NUT_FREE','e89aaa1b-efd1-444b-a26d-76f2c8a70e12'),('a1bc2611-9d37-4e6f-a31d-41d14dc5514b','CELERY_FREE','b6807a17-f27c-42aa-a722-930084f8b211'),('a1d5eaea-bfc3-46c9-85d7-ef5fc1b84891','LUPINE_FREE','fcd030aa-35d1-4f31-95d6-f2bb0bd7c902'),('a1eb150b-8c25-4736-8828-026003db7c19','PEANUT_FREE','15b901f9-3232-4f6e-9664-a243c932fe32'),('a20f9a67-b593-42ad-83e0-62aeabb42863','LUPINE_FREE','3cd3f061-f3bc-4042-84c6-bb5f13722996'),('a243e942-1632-4358-b8dd-e898f1ecab2d','CRUSTACEAN_FREE','f3248d19-b91e-46da-b3ab-8735aac7c391'),('a28a9ba5-760d-4011-9e63-88315b08183a','PEANUT_FREE','87c7f114-0945-4706-b90f-76de7818c35b'),('a2a3af87-def5-4fa5-a623-66733489775d','VEGETARIAN','fde67312-80de-43bd-8c1a-196393822bfc'),('a2b450d0-0a87-4537-ad0a-c0b21101d0cc','SESAME_FREE','4ddb632f-e9f1-4eed-a3bc-dc0984887e63'),('a34b9a52-30c1-4864-a3be-2483c09fc04e','ALCOHOL_FREE','b6807a17-f27c-42aa-a722-930084f8b211'),('a34e698b-9b98-4c74-ae0d-3c856596cb83','NO_SUGAR_ADDED','a3b6891b-fad3-4c7a-9240-cbd0cb2fb132'),('a3c314aa-9004-4413-b6a9-aae10cac7de1','FISH_FREE','fd273271-21a1-43b1-b0bb-4e8c22c19b21'),('a3d2cce9-e626-431e-a36f-30420d4763a3','CELERY_FREE','15b901f9-3232-4f6e-9664-a243c932fe32'),('a44c0e9a-f16f-4660-a954-96175583f333','SHELLFISH_FREE','85cb832a-a110-46ea-a7db-ccfcfbc883ab'),('a44e67bb-be69-41cb-a4b5-734da6fb063a','MILK_FREE','f852a4dc-e20b-4a41-acd6-789db0813143'),('a5036627-7bcc-4c87-a897-ea8f6c288f85','FODMAP_FREE','30386c99-cc37-49c8-8110-7eabf566410c'),('a593fda8-cac1-4085-9420-712d1243b45a','PORK_FREE','87c7f114-0945-4706-b90f-76de7818c35b'),('a65e4c32-5010-4214-9025-37d0ef31ec4b','SULPHITE_FREE','dd51b859-f756-4e11-8be5-f6209bb068e8'),('a686a999-f54d-48fe-bc07-cfef805497b7','DAIRY_FREE','5bab4042-9684-4fae-ad3b-5f5de9350580'),('a6d1d02f-92c9-4011-af79-edb6f53adffe','MEDITERRANEAN','25c855c1-a417-4c89-8683-1485925a9870'),('a7e8b046-0c16-4b24-83da-ada8fee607b3','CELERY_FREE','6570af5a-e811-45b8-a533-c4f06438e1ff'),('a84f5d16-0eba-4af7-8d84-0b5adf3c8fd2','LUPINE_FREE','1ea1dea2-4aa0-4f76-9f5b-eb832e515554'),('a85abd86-f30c-4bb0-b95e-1227f5c51ac8','PORK_FREE','f5762675-fe7e-4f23-83da-e8f379b8fef7'),('a9180674-d998-4bba-bd9b-151146f1934b','NO_SUGAR_ADDED','2e0c1573-6f3b-4c6b-90e4-5dff011b9673'),('aa93b0b3-2901-431e-94c1-96084ce859cd','TREE_NUT_FREE','15b901f9-3232-4f6e-9664-a243c932fe32'),('aaa027ef-6177-4d94-b408-c65ed88ce1ac','SESAME_FREE','dd24945a-27fb-47d8-994f-7470d8aaf38a'),('aaa314f1-c387-4c75-81a6-b9b7ad5f9251','LOW_FAT_ABS','25c855c1-a417-4c89-8683-1485925a9870'),('aae9fc56-1d11-4f1e-906f-4fe1008efc0b','DAIRY_FREE','30386c99-cc37-49c8-8110-7eabf566410c'),('ab2bffbb-935e-4606-87fa-0cce9432abe0','MUSTARD_FREE','1d732269-5ba6-4e29-a127-da0a2b6fa54f'),('abbc87ee-88dd-4cbb-a927-25814b2e9ad0','PESCATARIAN','97a5aba6-9d39-47da-b4a9-9e75d92d7e01'),('ace0d0a2-67d8-43a9-91d0-5f84c9225e32','SHELLFISH_FREE','fd273271-21a1-43b1-b0bb-4e8c22c19b21'),('ad2ec2f3-507e-43e6-ba1f-5065178311bf','CRUSTACEAN_FREE','fd273271-21a1-43b1-b0bb-4e8c22c19b21'),('ad579837-9262-4b62-b274-e7a6872954f1','RED_MEAT_FREE','d1466bc9-050b-425e-ad8e-af0675f32354'),('ad6a4a61-df40-4901-b9e9-901be3127e2d','KIDNEY_FRIENDLY','3107980b-9142-415e-9b29-b1ffe0e24119'),('ad6cbe51-3919-4b72-b8dd-3674aaacfb69','PEANUT_FREE','ba62229e-0ab7-4b07-b4e8-de3b7d876f3b'),('ae3b008e-3a7a-488e-bf13-592cfede9314','MOLLUSK_FREE','1ea1dea2-4aa0-4f76-9f5b-eb832e515554'),('ae4a8122-0d48-47bb-9d34-6753655a8c80','PALEO','f3248d19-b91e-46da-b3ab-8735aac7c391'),('ae875edc-b856-4bad-a59e-b9f8d5f73f35','VEGETARIAN','1ea1dea2-4aa0-4f76-9f5b-eb832e515554'),('aed4b254-c1e7-4458-a657-2b3775b477d9','PEANUT_FREE','ce7c42d8-f557-42e1-8e53-d9925bcafd3b'),('aef94583-e2c4-41fe-8ac9-bf1653732258','KOSHER','f3248d19-b91e-46da-b3ab-8735aac7c391'),('af325eb1-bb25-42ec-aa51-a07ec13cab37','SHELLFISH_FREE','1d732269-5ba6-4e29-a127-da0a2b6fa54f'),('af4285fa-f058-4e13-9c32-29f3178d6b4f','MILK_FREE','3107980b-9142-415e-9b29-b1ffe0e24119'),('af61f950-1e20-4b9e-8156-c39db159c3e7','MILK_FREE','6570af5a-e811-45b8-a533-c4f06438e1ff'),('b0660036-1f58-4831-a8a1-4e62b7ed1d65','SHELLFISH_FREE','2e0c1573-6f3b-4c6b-90e4-5dff011b9673'),('b1497acc-4b79-4317-bac1-211ad9dc7c53','PEANUT_FREE','f5762675-fe7e-4f23-83da-e8f379b8fef7'),('b15e070a-2737-4ee4-985a-e57c64f6282d','SOY_FREE','b6807a17-f27c-42aa-a722-930084f8b211'),('b1655381-3005-45f7-a3a2-202285e835ca','MOLLUSK_FREE','dd51b859-f756-4e11-8be5-f6209bb068e8'),('b19f6499-ed84-48d5-8ed5-9288dd45869a','EGG_FREE','25c855c1-a417-4c89-8683-1485925a9870'),('b1a42821-9487-47a3-9723-2262e0ed526e','CRUSTACEAN_FREE','893397cd-a91f-4f09-a179-7376cef82601'),('b1d94cf4-507c-48a4-b7a5-9c795ce97bc5','MILK_FREE','e89aaa1b-efd1-444b-a26d-76f2c8a70e12'),('b1dd3384-02e8-4dbe-87ef-c1b7d1a79a0a','KETO_FRIENDLY','3cd3f061-f3bc-4042-84c6-bb5f13722996'),('b2264c25-6d52-4bd6-8dc7-1fda8b6af33d','SHELLFISH_FREE','97a5aba6-9d39-47da-b4a9-9e75d92d7e01'),('b24739b2-e852-4c9d-b382-33f7a646ba6e','PORK_FREE','d1466bc9-050b-425e-ad8e-af0675f32354'),('b28f6062-441b-4119-ac5d-58fd512b7013','MEDITERRANEAN','2e0c1573-6f3b-4c6b-90e4-5dff011b9673'),('b2d59db1-826d-4194-af7b-c467ca2c26bf','MOLLUSK_FREE','a3b6891b-fad3-4c7a-9240-cbd0cb2fb132'),('b34d3099-1580-4073-9282-1ee8ff663dd1','FISH_FREE','e89aaa1b-efd1-444b-a26d-76f2c8a70e12'),('b3a93975-55d1-42d3-a1d5-4e411bbbc105','EGG_FREE','6570af5a-e811-45b8-a533-c4f06438e1ff'),('b41a6b9d-c4dd-4a6b-9dd7-b0c7e841b3a3','PORK_FREE','25c855c1-a417-4c89-8683-1485925a9870'),('b4bf1099-129b-4ca5-86dc-acfc51a1cf9e','CELERY_FREE','5bab4042-9684-4fae-ad3b-5f5de9350580'),('b507d3b7-a3ec-44a5-a465-86229fd08810','GLUTEN_FREE','30386c99-cc37-49c8-8110-7eabf566410c'),('b55071b3-872b-49d0-a1ff-0b639d38c066','SULPHITE_FREE','fde67312-80de-43bd-8c1a-196393822bfc'),('b5c43469-11ba-4541-b11b-6c68fa80a028','LUPINE_FREE','dd24945a-27fb-47d8-994f-7470d8aaf38a'),('b5c73267-4d2d-4856-8391-53d83e4b8571','CELERY_FREE','1ea1dea2-4aa0-4f76-9f5b-eb832e515554'),('b6199009-59a1-4aa9-8dc6-9aaca068209e','SESAME_FREE','1d732269-5ba6-4e29-a127-da0a2b6fa54f'),('b69f8036-4838-492b-89a6-7d2a0984f7f0','SOY_FREE','893397cd-a91f-4f09-a179-7376cef82601'),('b6e1764c-54a5-49b5-ae90-8d383577e857','TREE_NUT_FREE','ce7c42d8-f557-42e1-8e53-d9925bcafd3b'),('b76efcd9-2cd1-411e-a321-1e7864ec133e','CRUSTACEAN_FREE','97a5aba6-9d39-47da-b4a9-9e75d92d7e01'),('b7ab0132-ab09-46ec-ba6b-bcbb7ae1329e','KIDNEY_FRIENDLY','dd24945a-27fb-47d8-994f-7470d8aaf38a'),('b81ae254-e6ce-4822-ad9e-7423fc941933','EGG_FREE','f3248d19-b91e-46da-b3ab-8735aac7c391'),('b8347e21-f50a-478c-9cdd-651fe76dbfb8','RED_MEAT_FREE','30386c99-cc37-49c8-8110-7eabf566410c'),('b8c1c68b-41fe-4a74-a4a3-c335bcd789b1','PESCATARIAN','25c855c1-a417-4c89-8683-1485925a9870'),('b9471afd-9399-4d13-b18b-746f737ff33c','KOSHER','3107980b-9142-415e-9b29-b1ffe0e24119'),('b9596f1a-c54e-4603-835b-601b1d4a513f','CELERY_FREE','85cb832a-a110-46ea-a7db-ccfcfbc883ab'),('b9608e04-70e1-4394-becd-09b81a5bf0fc','MEDITERRANEAN','f852a4dc-e20b-4a41-acd6-789db0813143'),('b9bd1147-178c-4800-a36e-81f83d658c64','PEANUT_FREE','1be483a2-eafd-4db8-bc19-f45b9efb8a3c'),('ba6780f7-2a1c-4d4e-add0-4d762117d52d','RED_MEAT_FREE','ba62229e-0ab7-4b07-b4e8-de3b7d876f3b'),('ba904c23-e8ca-4ca9-a104-41d813a8cce0','KOSHER','b6807a17-f27c-42aa-a722-930084f8b211'),('babb172e-ea96-4216-9900-44b0e276988b','MILK_FREE','e60e7c73-32ac-4170-916e-6a8a0733070c'),('bad9b776-0d11-49cf-baa9-8c4e859b912c','LUPINE_FREE','97a5aba6-9d39-47da-b4a9-9e75d92d7e01'),('bb63e8df-bf8a-4837-b5fe-f7c92ac0b403','PORK_FREE','35a89094-78da-4931-96cc-d5cbf0f5d6fb'),('bb85649d-ed9a-4aca-a15b-915afba4ebd7','SHELLFISH_FREE','35a89094-78da-4931-96cc-d5cbf0f5d6fb'),('bbf2db69-94fa-4025-ab95-6887235d3c7f','GLUTEN_FREE','6c629135-2f44-49dd-bb25-0141b773a34e'),('bc06a406-d249-433a-adbf-fb09bf94a6a0','SHELLFISH_FREE','3107980b-9142-415e-9b29-b1ffe0e24119'),('bc12348a-fbe2-4be5-977a-93d59a6fa175','KOSHER','d1466bc9-050b-425e-ad8e-af0675f32354'),('bc7b488f-fce1-42cc-8c1a-c0861bdd0947','SHELLFISH_FREE','dcfd256e-b215-4d56-9502-9fd095113a11'),('bd6295d9-85fd-48c1-9c83-91918ad25f59','CELERY_FREE','a3e3c39d-34f8-42b7-9727-3711233f1bce'),('bd7098f6-2c7b-4908-af71-0d66e0b9cd9c','PESCATARIAN','a3e3c39d-34f8-42b7-9727-3711233f1bce'),('bd7810e6-e9f8-4e54-84b0-b39a226c6058','MUSTARD_FREE','893397cd-a91f-4f09-a179-7376cef82601'),('bda068f1-0bb1-4a47-af4e-1f886d05583a','LUPINE_FREE','87c7f114-0945-4706-b90f-76de7818c35b'),('bdbda59f-4983-4c5f-b133-c740d506aa7b','CRUSTACEAN_FREE','d1466bc9-050b-425e-ad8e-af0675f32354'),('bee32e06-f847-4977-9ba3-1ef4b06109a8','PEANUT_FREE','3cd3f061-f3bc-4042-84c6-bb5f13722996'),('bee84da8-f315-4dc6-bce6-6f0f9016f8ff','FISH_FREE','3107980b-9142-415e-9b29-b1ffe0e24119'),('bf34636c-04ec-44de-8eb3-5aeadbc0d7f5','SOY_FREE','666a0b5b-90a1-427b-940e-9316d3b67ef8'),('bfc9d60d-1129-46a5-8c75-2b0ba3f1eac8','PEANUT_FREE','b6807a17-f27c-42aa-a722-930084f8b211'),('c0185baa-cde9-4c2e-a603-7634230b7e3e','SUGAR_CONSCIOUS','dd51b859-f756-4e11-8be5-f6209bb068e8'),('c0871afe-804f-4e99-b210-82ef22c9b7ac','PEANUT_FREE','e60e7c73-32ac-4170-916e-6a8a0733070c'),('c0bd995f-9321-4a2e-b7d2-cc544dbf6798','RED_MEAT_FREE','87c7f114-0945-4706-b90f-76de7818c35b'),('c0d42c00-5268-406f-bdaa-fd0bf49afc06','LUPINE_FREE','fde67312-80de-43bd-8c1a-196393822bfc'),('c0fa13f5-e5d6-4c0b-bf7a-a32c33e2a5d4','EGG_FREE','2e0c1573-6f3b-4c6b-90e4-5dff011b9673'),('c1076c13-1d32-4724-a885-7ed83e0b50de','SOY_FREE','1ea1dea2-4aa0-4f76-9f5b-eb832e515554'),('c176d8c4-d8a6-488a-8b2c-5c77417e4898','CELERY_FREE','35a89094-78da-4931-96cc-d5cbf0f5d6fb'),('c1f1b944-d975-4270-8de6-8b74e51a3caa','ALCOHOL_FREE','fd273271-21a1-43b1-b0bb-4e8c22c19b21'),('c21672fa-2308-4318-a982-be89d02763f6','CELERY_FREE','f852a4dc-e20b-4a41-acd6-789db0813143'),('c3a5eb66-a47d-4171-a53a-99b7a9f3ce56','KOSHER','f852a4dc-e20b-4a41-acd6-789db0813143'),('c3d3302b-63c5-458d-927d-66b550c51d5b','SOY_FREE','3cd3f061-f3bc-4042-84c6-bb5f13722996'),('c402f229-9ac9-4da8-9407-b261b87fc71e','SHELLFISH_FREE','f3248d19-b91e-46da-b3ab-8735aac7c391'),('c414d28e-976d-4d3d-921e-1bd6ce4b6c9a','CRUSTACEAN_FREE','ba62229e-0ab7-4b07-b4e8-de3b7d876f3b'),('c45f6dee-b628-4f12-b599-11bf2e1b987f','PORK_FREE','f852a4dc-e20b-4a41-acd6-789db0813143'),('c4a376f8-2194-4388-8b89-6f3855116415','NO_SUGAR_ADDED','4ddb632f-e9f1-4eed-a3bc-dc0984887e63'),('c4a589a9-6ecf-4ca5-8868-4c70ae5d959a','NO_SUGAR_ADDED','893397cd-a91f-4f09-a179-7376cef82601'),('c4f062c4-73aa-4109-9145-d405905278c5','PORK_FREE','fed3dedf-43b3-4de5-9433-6028e601bcf1'),('c608f6b1-48ee-4d70-a462-efa9396cd675','PEANUT_FREE','2e0c1573-6f3b-4c6b-90e4-5dff011b9673'),('c6a2f4a9-752a-43e8-8fbe-cf152a8ebd77','MUSTARD_FREE','85cb832a-a110-46ea-a7db-ccfcfbc883ab'),('c701a68a-d0cc-47b2-be1b-5b79b8ca7ce1','LUPINE_FREE','ba62229e-0ab7-4b07-b4e8-de3b7d876f3b'),('c712aac8-0d4e-4075-b52e-061af79bc640','MOLLUSK_FREE','35a89094-78da-4931-96cc-d5cbf0f5d6fb'),('c80eccb3-da2f-430c-a55f-895f86eaae33','MUSTARD_FREE','2e0c1573-6f3b-4c6b-90e4-5dff011b9673'),('c818cacd-3d45-4221-97ac-920a6b736846','NO_SUGAR_ADDED','e60e7c73-32ac-4170-916e-6a8a0733070c'),('c901a353-fbb1-4cd0-8b96-0b97bc65c45d','SESAME_FREE','f852a4dc-e20b-4a41-acd6-789db0813143'),('cac877b5-0d86-4feb-9681-51d884acc53e','ALCOHOL_FREE','1ea1dea2-4aa0-4f76-9f5b-eb832e515554'),('cb439b09-acf2-4c40-a3a6-1af35ae37b98','PEANUT_FREE','fed3dedf-43b3-4de5-9433-6028e601bcf1'),('cb771a37-5bb4-439c-b546-195eea0861dd','SULPHITE_FREE','ce7c42d8-f557-42e1-8e53-d9925bcafd3b'),('cb9bd12e-2071-499f-bffd-df96ca7a15fd','CRUSTACEAN_FREE','666a0b5b-90a1-427b-940e-9316d3b67ef8'),('cbc4b6f2-060b-4a0e-9621-1aabee622321','MUSTARD_FREE','30386c99-cc37-49c8-8110-7eabf566410c'),('cc20d08f-446b-482a-8411-ecd7aad0711b','FISH_FREE','6570af5a-e811-45b8-a533-c4f06438e1ff'),('ccde30a8-ab4e-4db9-900b-769353a56e87','ALCOHOL_FREE','30386c99-cc37-49c8-8110-7eabf566410c'),('cd1726f2-8f2e-438d-b679-c9904f306b3e','TREE_NUT_FREE','b4191208-a0a1-4ea3-a1ce-e6cdeca0af94'),('cd9991b8-706d-404a-843e-277dd7e31dd3','ALCOHOL_FREE','97a5aba6-9d39-47da-b4a9-9e75d92d7e01'),('cdbf06d2-d5a2-4a72-a75d-8da18e7731f5','FISH_FREE','30386c99-cc37-49c8-8110-7eabf566410c'),('ce5a7a09-9b76-4a5a-866e-38a195d1d7f6','TREE_NUT_FREE','fed3dedf-43b3-4de5-9433-6028e601bcf1'),('ce90e26c-631a-48e5-b85b-a41c93604956','MUSTARD_FREE','15b901f9-3232-4f6e-9664-a243c932fe32'),('cea0d165-4da3-44d2-a059-8e029dcd255f','SUGAR_CONSCIOUS','b6807a17-f27c-42aa-a722-930084f8b211'),('cf2c9270-fd03-4e7b-8e6d-fecf1bc05fb5','CRUSTACEAN_FREE','dd24945a-27fb-47d8-994f-7470d8aaf38a'),('d0309155-97b9-4c45-9ce1-7e446847b88f','ALCOHOL_FREE','25c855c1-a417-4c89-8683-1485925a9870'),('d0616601-6aaf-47d5-8dfd-de9a5acc24ba','RED_MEAT_FREE','6c629135-2f44-49dd-bb25-0141b773a34e'),('d0869c37-c953-4b7c-8dc0-37d3728c599d','CELERY_FREE','666a0b5b-90a1-427b-940e-9316d3b67ef8'),('d09e035f-15be-4b6c-8ff3-a48c9aa16a53','CELERY_FREE','25c855c1-a417-4c89-8683-1485925a9870'),('d18a99d1-3d42-49b8-befe-90408092956f','SULPHITE_FREE','25c855c1-a417-4c89-8683-1485925a9870'),('d1fc886c-9ce8-4869-8252-b1cc66d78763','SHELLFISH_FREE','25c855c1-a417-4c89-8683-1485925a9870'),('d20379ca-9696-4d3f-9764-734a601c2b48','WHEAT_FREE','dcfd256e-b215-4d56-9502-9fd095113a11'),('d24cc1ec-6552-42fd-9e69-8ddad4aa438d','VEGETARIAN','6570af5a-e811-45b8-a533-c4f06438e1ff'),('d26d9cb8-5083-4766-a360-a622d8e1dd34','SOY_FREE','e89aaa1b-efd1-444b-a26d-76f2c8a70e12'),('d35591d6-6b82-4ea3-bfd2-b7312b21c48f','TREE_NUT_FREE','d1466bc9-050b-425e-ad8e-af0675f32354'),('d38d8876-bb34-4c43-a086-4256131b4b42','VEGETARIAN','87c7f114-0945-4706-b90f-76de7818c35b'),('d3987e7a-d4f3-45a6-9a9e-bd68e471fd65','CRUSTACEAN_FREE','b4191208-a0a1-4ea3-a1ce-e6cdeca0af94'),('d3a591ec-d734-4bf2-9ded-bae209de8bb8','DAIRY_FREE','d1466bc9-050b-425e-ad8e-af0675f32354'),('d3c51346-a0ca-4e38-a9ca-5a245bd2cd53','LUPINE_FREE','f5762675-fe7e-4f23-83da-e8f379b8fef7'),('d44baee8-a069-4147-ae64-8b1a3aeb6c7f','PORK_FREE','1be483a2-eafd-4db8-bc19-f45b9efb8a3c'),('d4e4ecf1-0fb3-4e5c-b746-194586598bbb','CRUSTACEAN_FREE','15b901f9-3232-4f6e-9664-a243c932fe32'),('d50f7db3-6d7e-46be-9b47-5873c458e213','SOY_FREE','30386c99-cc37-49c8-8110-7eabf566410c'),('d516a1b1-733e-4b26-a109-2ef01c55fae0','MUSTARD_FREE','25c855c1-a417-4c89-8683-1485925a9870'),('d5590364-fc2a-4362-8f0d-4da4b082a8b0','KOSHER','97a5aba6-9d39-47da-b4a9-9e75d92d7e01'),('d584566d-b60f-42bc-b5d0-a82e3f129140','TREE_NUT_FREE','1ea1dea2-4aa0-4f76-9f5b-eb832e515554'),('d5bac5aa-2d7a-4a08-b583-43c228e0e622','CRUSTACEAN_FREE','e60e7c73-32ac-4170-916e-6a8a0733070c'),('d5c6a7f1-72fd-45d8-b7bf-c05b797a3c61','RED_MEAT_FREE','fde67312-80de-43bd-8c1a-196393822bfc'),('d5ddd3c9-0909-492d-b28d-640958d299e0','CRUSTACEAN_FREE','f5762675-fe7e-4f23-83da-e8f379b8fef7'),('d5e3372b-b4c5-483d-bab0-0c452ce0eda0','LUPINE_FREE','d1466bc9-050b-425e-ad8e-af0675f32354'),('d5f75b51-c152-43d0-a961-878103e4e1f9','TREE_NUT_FREE','3cd3f061-f3bc-4042-84c6-bb5f13722996'),('d654fdf8-5e39-4764-806e-5f6655c9221b','KOSHER','6c629135-2f44-49dd-bb25-0141b773a34e'),('d6e3b4e7-eeda-4d51-9b90-b8d6e54dfbbd','SESAME_FREE','15b901f9-3232-4f6e-9664-a243c932fe32'),('d7aeeb36-1c9a-4af7-94c7-c261d9cf05d0','SOY_FREE','5bab4042-9684-4fae-ad3b-5f5de9350580'),('d816d4ef-3082-4379-8ba1-80c5fe1bfe92','CRUSTACEAN_FREE','1d732269-5ba6-4e29-a127-da0a2b6fa54f'),('d86aba12-08e5-4a49-b990-fa2942b95311','MILK_FREE','25c855c1-a417-4c89-8683-1485925a9870'),('d8702757-ce56-4c47-8425-008ee87c0138','MUSTARD_FREE','dd24945a-27fb-47d8-994f-7470d8aaf38a'),('d891c091-b7f9-46a0-a323-1a892d6ce438','VEGETARIAN','fcd030aa-35d1-4f31-95d6-f2bb0bd7c902'),('d8972bec-31ef-40c9-b1f3-a3580c821465','KIDNEY_FRIENDLY','e89aaa1b-efd1-444b-a26d-76f2c8a70e12'),('d8c7cad5-7ed3-4e09-9f11-5d2e9ef0944b','SOY_FREE','97a5aba6-9d39-47da-b4a9-9e75d92d7e01'),('d8ce3902-4b2c-4e5e-9854-e3b0a848a46f','MOLLUSK_FREE','e60e7c73-32ac-4170-916e-6a8a0733070c'),('d950d7ba-fb0f-4fd2-aaf3-cdd159a8f27d','MUSTARD_FREE','ce7c42d8-f557-42e1-8e53-d9925bcafd3b'),('d9652c94-8ea4-424b-b1d2-b2c50e1d08ae','MOLLUSK_FREE','fd273271-21a1-43b1-b0bb-4e8c22c19b21'),('d97cd0b6-95a9-47f0-8002-841c5ee578b4','FISH_FREE','f852a4dc-e20b-4a41-acd6-789db0813143'),('d980c2df-655f-4d5e-b6d6-f8c1f2be704a','NO_OIL_ADDED','3107980b-9142-415e-9b29-b1ffe0e24119'),('da0d01e4-535a-4a0f-b9c8-f3772aac57c2','ALCOHOL_FREE','ba62229e-0ab7-4b07-b4e8-de3b7d876f3b'),('da94c74c-6fd5-4c62-89de-d31f0d9aa197','MOLLUSK_FREE','f5762675-fe7e-4f23-83da-e8f379b8fef7'),('db2eff2d-c24f-474d-a99d-da9bf3867651','PESCATARIAN','fde67312-80de-43bd-8c1a-196393822bfc'),('db559949-3107-48c3-bf70-244dace39b5a','CELERY_FREE','30386c99-cc37-49c8-8110-7eabf566410c'),('db982841-c6eb-4077-b93d-203dc9311ac2','EGG_FREE','30386c99-cc37-49c8-8110-7eabf566410c'),('dbbe37c2-4d1e-4020-97f0-be1402ffe31a','MOLLUSK_FREE','dd24945a-27fb-47d8-994f-7470d8aaf38a'),('dc2b7531-cbf2-49d4-bb87-85984d54ac45','VEGAN','ce7c42d8-f557-42e1-8e53-d9925bcafd3b'),('dc454786-2dd8-4700-94ea-cc2466d5ffde','SOY_FREE','a3e3c39d-34f8-42b7-9727-3711233f1bce'),('dc8443d5-59e6-4357-9253-45fb1a2ee3d6','LOW_POTASSIUM','dd51b859-f756-4e11-8be5-f6209bb068e8'),('dd0d9610-4072-44d2-9363-578cf9dd7e39','KETO_FRIENDLY','30386c99-cc37-49c8-8110-7eabf566410c'),('dd58cb45-6ca3-45af-b3d6-cf90b6614d99','SHELLFISH_FREE','3cd3f061-f3bc-4042-84c6-bb5f13722996'),('ddb1d091-221c-4958-a3a8-022979ed67ff','KOSHER','dd51b859-f756-4e11-8be5-f6209bb068e8'),('ddda2c03-6d1d-4578-be68-92b5b29841c4','LOW_POTASSIUM','1be483a2-eafd-4db8-bc19-f45b9efb8a3c'),('df4b27e4-cc03-46f5-a30a-8ed8c363fb9b','EGG_FREE','f852a4dc-e20b-4a41-acd6-789db0813143'),('dfffa69a-d60b-454b-a258-2866199829ee','SHELLFISH_FREE','f5762675-fe7e-4f23-83da-e8f379b8fef7'),('e0759d5c-181c-40d2-a896-1333322cb4ed','WHEAT_FREE','ce7c42d8-f557-42e1-8e53-d9925bcafd3b'),('e08852be-0848-488c-908b-071598c87467','CELERY_FREE','97a5aba6-9d39-47da-b4a9-9e75d92d7e01'),('e09934b1-59b6-42e7-a9fd-92abf98edbf2','MOLLUSK_FREE','85cb832a-a110-46ea-a7db-ccfcfbc883ab'),('e0eacee7-3a74-4330-b2d6-f95251d70e2a','ALCOHOL_FREE','dd51b859-f756-4e11-8be5-f6209bb068e8'),('e30ea61b-1ec1-46f1-b433-1734877b6644','EGG_FREE','97a5aba6-9d39-47da-b4a9-9e75d92d7e01'),('e3cd7534-8ae6-4f6e-9e95-e76e597ff19b','FISH_FREE','dd51b859-f756-4e11-8be5-f6209bb068e8'),('e4c6c7c8-fa67-40a3-9e16-19adc4d6cf26','EGG_FREE','35a89094-78da-4931-96cc-d5cbf0f5d6fb'),('e4ca0a9d-6a56-406b-abfb-a1836bbb7797','PEANUT_FREE','6570af5a-e811-45b8-a533-c4f06438e1ff'),('e4eed887-f1b2-43e0-94d6-0c6515f96d5e','NO_SUGAR_ADDED','f3248d19-b91e-46da-b3ab-8735aac7c391'),('e501c84b-1fdc-4a9f-9253-ea04c7cafba3','KIDNEY_FRIENDLY','85cb832a-a110-46ea-a7db-ccfcfbc883ab'),('e5048966-ef7b-41db-81d5-a0d3335fabea','SESAME_FREE','b4191208-a0a1-4ea3-a1ce-e6cdeca0af94'),('e637aa5d-25d3-4f92-b406-0085bcda5181','VEGETARIAN','dd51b859-f756-4e11-8be5-f6209bb068e8'),('e67fe437-e4a8-4ecc-ab29-d76a7667f2ef','SOY_FREE','f5762675-fe7e-4f23-83da-e8f379b8fef7'),('e71184fc-9972-4c4d-8f40-0df8398b81b6','SUGAR_CONSCIOUS','e89aaa1b-efd1-444b-a26d-76f2c8a70e12'),('e75e4967-07ca-4bf7-b75c-e0a5da51278e','WHEAT_FREE','893397cd-a91f-4f09-a179-7376cef82601'),('e76f5529-71b4-46a1-8b46-d77adff68327','SULPHITE_FREE','fed3dedf-43b3-4de5-9433-6028e601bcf1'),('e796351b-f5ce-4689-ab1e-627614c01c01','NO_OIL_ADDED','666a0b5b-90a1-427b-940e-9316d3b67ef8'),('e7eade95-7e06-4525-be1b-9c34feb36f89','SUGAR_CONSCIOUS','4ddb632f-e9f1-4eed-a3bc-dc0984887e63'),('e871cec6-5ea2-4007-bf96-a9504248d1a8','SESAME_FREE','ce7c42d8-f557-42e1-8e53-d9925bcafd3b'),('e8ab94ce-c024-4263-a4f4-79ee76e229d0','PESCATARIAN','d1466bc9-050b-425e-ad8e-af0675f32354'),('e909e14c-ba43-4385-80ce-92228f154b24','MOLLUSK_FREE','e89aaa1b-efd1-444b-a26d-76f2c8a70e12'),('e9733d60-851e-4163-9fa7-e94f4058edf3','KIDNEY_FRIENDLY','2e0c1573-6f3b-4c6b-90e4-5dff011b9673'),('ea48e197-b708-4e2f-9dbc-46d797fd01d9','SESAME_FREE','f3248d19-b91e-46da-b3ab-8735aac7c391'),('ea6a57e4-131a-4ceb-8800-fe584a7a5d73','LUPINE_FREE','6c629135-2f44-49dd-bb25-0141b773a34e'),('ea89b515-6f69-440c-b247-1bdd129da603','MOLLUSK_FREE','b6807a17-f27c-42aa-a722-930084f8b211'),('ea8afec9-8ebf-4259-9c95-76f57dfd908d','PESCATARIAN','6c629135-2f44-49dd-bb25-0141b773a34e'),('eab8e5e2-1d87-4a26-89c0-64ddf0be50bd','GLUTEN_FREE','2e0c1573-6f3b-4c6b-90e4-5dff011b9673'),('eabfe25d-65b9-4ce0-94d3-5e0daf0774cf','CELERY_FREE','1be483a2-eafd-4db8-bc19-f45b9efb8a3c'),('eb19824b-57e3-40bd-8b22-d5fbc8983e08','SHELLFISH_FREE','a3b6891b-fad3-4c7a-9240-cbd0cb2fb132'),('eb48e028-e227-4b64-b2f0-255c771ae9c8','FISH_FREE','97a5aba6-9d39-47da-b4a9-9e75d92d7e01'),('ebcc6df1-e63e-4bac-8507-32b7194b103d','WHEAT_FREE','2e0c1573-6f3b-4c6b-90e4-5dff011b9673'),('ebd3ffe5-7d30-4517-add3-95cd181f952f','NO_SUGAR_ADDED','dd51b859-f756-4e11-8be5-f6209bb068e8'),('ec03af86-b483-48be-9b0c-bc153329217c','TREE_NUT_FREE','f852a4dc-e20b-4a41-acd6-789db0813143'),('ec6ab9c7-3e1b-4599-a6fb-47df930cfc3a','PORK_FREE','5bab4042-9684-4fae-ad3b-5f5de9350580'),('ec92036b-c4c2-44b9-85f2-ca8eff7c0acb','SHELLFISH_FREE','4ddb632f-e9f1-4eed-a3bc-dc0984887e63'),('edeb2f9e-f5bc-42e8-92e0-fde5cbc86ae9','SOY_FREE','1be483a2-eafd-4db8-bc19-f45b9efb8a3c'),('eecedcc3-7bc9-45db-978b-571884652f1e','ALCOHOL_FREE','e89aaa1b-efd1-444b-a26d-76f2c8a70e12'),('eefa9c89-f695-4ea2-9cc8-5960f27ea3ad','VEGETARIAN','2e0c1573-6f3b-4c6b-90e4-5dff011b9673'),('ef45cff0-075d-4f5a-925f-a7454be5e084','TREE_NUT_FREE','35a89094-78da-4931-96cc-d5cbf0f5d6fb'),('f059e5a0-fd22-44f3-be24-19a65478f718','VEGETARIAN','b4191208-a0a1-4ea3-a1ce-e6cdeca0af94'),('f11fd486-cb9d-4fd3-aee9-d352eee993c4','TREE_NUT_FREE','e60e7c73-32ac-4170-916e-6a8a0733070c'),('f1a12562-a25e-4501-82d2-b2cb38fb124d','PORK_FREE','e89aaa1b-efd1-444b-a26d-76f2c8a70e12'),('f1c1cebf-f046-42c4-93c2-eb342b319bbb','DAIRY_FREE','893397cd-a91f-4f09-a179-7376cef82601'),('f2409572-2139-4e68-b0cc-522dd9e16f89','TREE_NUT_FREE','5bab4042-9684-4fae-ad3b-5f5de9350580'),('f26cbc45-9a32-4ad5-a0a8-281b59e612e3','PEANUT_FREE','dcfd256e-b215-4d56-9502-9fd095113a11'),('f2705c1d-7e02-42f6-ab65-e09ac9f62013','GLUTEN_FREE','893397cd-a91f-4f09-a179-7376cef82601'),('f280fa4c-a31d-4c7c-a9c2-f177293b76a3','PEANUT_FREE','6c629135-2f44-49dd-bb25-0141b773a34e'),('f2a81556-314b-4baa-ba8b-e3589397f51e','FISH_FREE','4ddb632f-e9f1-4eed-a3bc-dc0984887e63'),('f2c8cfe2-c4d3-449a-8a2c-ad7e4303d962','RED_MEAT_FREE','25c855c1-a417-4c89-8683-1485925a9870'),('f2d0e749-f828-4298-bafb-0ae3da3bdf9f','PESCATARIAN','15b901f9-3232-4f6e-9664-a243c932fe32'),('f2f653d5-1c54-454a-aa79-2eed4fb209a6','ALCOHOL_FREE','2e0c1573-6f3b-4c6b-90e4-5dff011b9673'),('f41c24ab-0624-4418-b6c1-38067e3909ca','PALEO','fd273271-21a1-43b1-b0bb-4e8c22c19b21'),('f4667795-bc36-4711-be6d-5de44bc1f91b','EGG_FREE','a3b6891b-fad3-4c7a-9240-cbd0cb2fb132'),('f46f1252-af85-40b0-a10a-d9a559c70ddf','MUSTARD_FREE','a3b6891b-fad3-4c7a-9240-cbd0cb2fb132'),('f4713e21-5d7b-4116-8cee-0c6f536a9343','ALCOHOL_FREE','5bab4042-9684-4fae-ad3b-5f5de9350580'),('f47cf903-cc85-4f0f-a140-8c471c36e1c0','MOLLUSK_FREE','6c629135-2f44-49dd-bb25-0141b773a34e'),('f480c116-a8d0-4d72-bfae-82f4baf18419','VEGETARIAN','97a5aba6-9d39-47da-b4a9-9e75d92d7e01'),('f4b09279-ee4b-4198-a2d4-c73be614c6e3','LUPINE_FREE','30386c99-cc37-49c8-8110-7eabf566410c'),('f4c9a33b-140e-410f-965d-b85686f8ac2e','TREE_NUT_FREE','dd24945a-27fb-47d8-994f-7470d8aaf38a'),('f5873178-7075-4475-8eab-5c1cd8abf015','MOLLUSK_FREE','2e0c1573-6f3b-4c6b-90e4-5dff011b9673'),('f69577ae-022b-44b2-aa2d-39165671dcbf','SESAME_FREE','f5762675-fe7e-4f23-83da-e8f379b8fef7'),('f6faf67e-70b2-46c6-b1c1-18bbea7edcc3','SULPHITE_FREE','85cb832a-a110-46ea-a7db-ccfcfbc883ab'),('f708b4bd-911c-405a-8e12-afdf7ab3ab72','MILK_FREE','5bab4042-9684-4fae-ad3b-5f5de9350580'),('f7b31c1c-6ecc-479a-9bcd-2dc020ff5b5b','RED_MEAT_FREE','4ddb632f-e9f1-4eed-a3bc-dc0984887e63'),('f7e8799a-6794-4c0a-acef-e1ebaf66d983','FODMAP_FREE','f3248d19-b91e-46da-b3ab-8735aac7c391'),('f80c1888-e6d8-4d53-8c35-f311c2dee320','ALCOHOL_FREE','fde67312-80de-43bd-8c1a-196393822bfc'),('f8189bac-cade-468a-b3b0-487a003c617a','RED_MEAT_FREE','dd24945a-27fb-47d8-994f-7470d8aaf38a'),('f81fc5a5-988e-4fb0-a324-27125f111208','ALCOHOL_FREE','dcfd256e-b215-4d56-9502-9fd095113a11'),('f85e4d2b-4320-49f0-b51f-84f8c1402e8d','MOLLUSK_FREE','15b901f9-3232-4f6e-9664-a243c932fe32'),('f8d3f691-6099-499c-a57d-352b1acc6d00','PORK_FREE','fd273271-21a1-43b1-b0bb-4e8c22c19b21'),('f8e59ff0-cfa8-46e5-9739-19774a92e621','PEANUT_FREE','dd51b859-f756-4e11-8be5-f6209bb068e8'),('f932e7d8-8af9-4e03-bd6e-cd4ff81ad2cb','LUPINE_FREE','f852a4dc-e20b-4a41-acd6-789db0813143'),('f9418261-bed3-4dc4-a655-52244bc34e35','MOLLUSK_FREE','5bab4042-9684-4fae-ad3b-5f5de9350580'),('f9517645-8fcf-4051-8f8b-f875f41ee0c1','SESAME_FREE','5bab4042-9684-4fae-ad3b-5f5de9350580'),('f96995dd-423b-465c-a374-339747b9288b','VEGETARIAN','25c855c1-a417-4c89-8683-1485925a9870'),('f9f20662-d650-4ea8-b870-fa2119e6d844','CRUSTACEAN_FREE','3107980b-9142-415e-9b29-b1ffe0e24119'),('fa045e20-088a-4e50-a117-664f71244992','MOLLUSK_FREE','1d732269-5ba6-4e29-a127-da0a2b6fa54f'),('fa87e247-0737-4c91-8a9a-7f21a4dc9a58','PORK_FREE','85cb832a-a110-46ea-a7db-ccfcfbc883ab'),('fb103026-57eb-4c2c-aafa-bdf80a85eb91','PEANUT_FREE','85cb832a-a110-46ea-a7db-ccfcfbc883ab'),('fb5caed9-1001-431b-8703-9033428f0faf','CELERY_FREE','87c7f114-0945-4706-b90f-76de7818c35b'),('fbe56786-48d4-4ac3-9893-2988b59793b9','SHELLFISH_FREE','e89aaa1b-efd1-444b-a26d-76f2c8a70e12'),('fc512ceb-7e9b-4c47-8d27-4310e224698a','ALCOHOL_FREE','4ddb632f-e9f1-4eed-a3bc-dc0984887e63'),('fcb0cacd-ebe2-4503-b1cc-894bb7548edb','FISH_FREE','d1466bc9-050b-425e-ad8e-af0675f32354'),('fd3cf268-83d7-4d48-9442-9a8ab57b780a','CRUSTACEAN_FREE','f852a4dc-e20b-4a41-acd6-789db0813143'),('fd89cf9e-6528-48f2-b5ea-629f7bbe4f24','RED_MEAT_FREE','15b901f9-3232-4f6e-9664-a243c932fe32'),('fdedd2bd-34b7-4a12-be38-146df924a2f1','FISH_FREE','fcd030aa-35d1-4f31-95d6-f2bb0bd7c902'),('fe2e0c79-240b-455c-9868-88826ca9bd32','KIDNEY_FRIENDLY','f5762675-fe7e-4f23-83da-e8f379b8fef7'),('fe56a67a-a32c-47ee-a276-603fef57f7d4','SOY_FREE','4ddb632f-e9f1-4eed-a3bc-dc0984887e63'),('fe91a3ac-0ca5-4be1-b996-0a0bac4f7bc8','NO_SUGAR_ADDED','ce7c42d8-f557-42e1-8e53-d9925bcafd3b'),('fe99b2a7-d3c2-4dab-af2c-3535e360ed3a','FISH_FREE','1ea1dea2-4aa0-4f76-9f5b-eb832e515554'),('feabd268-60b5-44a2-9f18-5ed8021e31d0','TREE_NUT_FREE','87c7f114-0945-4706-b90f-76de7818c35b'),('ff209fd1-2b18-4cf6-b03d-55796d87ac42','MUSTARD_FREE','fde67312-80de-43bd-8c1a-196393822bfc'),('ff79811a-bd17-4bbc-9967-e9363d01ee94','GLUTEN_FREE','666a0b5b-90a1-427b-940e-9316d3b67ef8'),('ffbf49ef-1885-4a15-a1aa-3371988814de','RED_MEAT_FREE','85cb832a-a110-46ea-a7db-ccfcfbc883ab');
/*!40000 ALTER TABLE `recipe_health_label` ENABLE KEYS */;
UNLOCK TABLES;

--
-- Table structure for table `recipe_total_daily`
--

DROP TABLE IF EXISTS `recipe_total_daily`;
/*!40101 SET @saved_cs_client     = @@character_set_client */;
/*!50503 SET character_set_client = utf8mb4 */;
CREATE TABLE `recipe_total_daily` (
  `id` varchar(36) NOT NULL,
  `label` varchar(255) NOT NULL,
  `code` varchar(255) NOT NULL,
  `unit` varchar(255) NOT NULL,
  `quantity` int NOT NULL,
  `recipeId` varchar(36) DEFAULT NULL,
  PRIMARY KEY (`id`),
  KEY `FK_99293fcaeac796b52559d874426` (`recipeId`),
  CONSTRAINT `FK_99293fcaeac796b52559d874426` FOREIGN KEY (`recipeId`) REFERENCES `recipes` (`id`) ON DELETE CASCADE ON UPDATE CASCADE
) ENGINE=InnoDB DEFAULT CHARSET=utf8mb4 COLLATE=utf8mb4_0900_ai_ci;
/*!40101 SET character_set_client = @saved_cs_client */;

--
-- Dumping data for table `recipe_total_daily`
--

LOCK TABLES `recipe_total_daily` WRITE;
/*!40000 ALTER TABLE `recipe_total_daily` DISABLE KEYS */;
INSERT INTO `recipe_total_daily` VALUES ('00087574-de2d-4b3f-b81e-28365a926778','Protein','PROCNT','%',257,'893397cd-a91f-4f09-a179-7376cef82601'),('0057896a-c584-4b91-974d-c8493d392674','Fat','FAT','%',1088,'f5762675-fe7e-4f23-83da-e8f379b8fef7'),('00bc6320-18ef-4852-8418-b38069b3b3ff','Niacin (B3)','NIA','%',170,'ce7c42d8-f557-42e1-8e53-d9925bcafd3b'),('01136563-0f54-4179-ab38-fbd2dd28abf0','Calcium','CA','%',20,'fcd030aa-35d1-4f31-95d6-f2bb0bd7c902'),('011bf7eb-1797-42db-a5ea-b8e433d43876','Vitamin B6','VITB6A','%',134,'e60e7c73-32ac-4170-916e-6a8a0733070c'),('011d4d83-b207-4d93-a140-f0435e7c2989','Potassium','K','%',2,'3cd3f061-f3bc-4042-84c6-bb5f13722996'),('0195672c-b066-4a0f-a449-c89bcd050198','Fat','FAT','%',261,'dd51b859-f756-4e11-8be5-f6209bb068e8'),('019ef0fa-5e87-414b-bed3-2ff1f5e57ae0','Thiamin (B1)','THIA','%',3486,'fde67312-80de-43bd-8c1a-196393822bfc'),('01ab7796-4b17-4714-8da5-522a55ea8c0a','Vitamin B6','VITB6A','%',53,'dd51b859-f756-4e11-8be5-f6209bb068e8'),('01c8d0ce-4b28-46e1-9d1e-d9a1bcca5ed1','Zinc','ZN','%',17,'f852a4dc-e20b-4a41-acd6-789db0813143'),('021295a6-573a-40c4-a466-28ede864d287','Fat','FAT','%',150,'6c629135-2f44-49dd-bb25-0141b773a34e'),('025871b5-a2f0-47a1-9d5f-f152e7e18fcf','Carbs','CHOCDF','%',29,'97a5aba6-9d39-47da-b4a9-9e75d92d7e01'),('025a4474-a872-40a4-8603-d291eb1b5a78','Cholesterol','CHOLE','%',11,'3cd3f061-f3bc-4042-84c6-bb5f13722996'),('02a5b62d-88fc-406e-ad76-0243a2f0e754','Folate equivalent (total)','FOLDFE','%',500,'893397cd-a91f-4f09-a179-7376cef82601'),('02d713b0-2be6-4a3f-bc4d-7c3d34be002a','Folate equivalent (total)','FOLDFE','%',12,'30386c99-cc37-49c8-8110-7eabf566410c'),('0349a55a-49ef-4acf-970a-62fc80bc4281','Calcium','CA','%',180,'85cb832a-a110-46ea-a7db-ccfcfbc883ab'),('036acacd-07fe-4946-b36f-d2c8d8605526','Magnesium','MG','%',42,'a3b6891b-fad3-4c7a-9240-cbd0cb2fb132'),('03b496e9-db4d-4eb2-83d3-0eed879f7c29','Energy','ENERC_KCAL','%',228,'ce7c42d8-f557-42e1-8e53-d9925bcafd3b'),('043790cb-2097-42d3-aca7-39e2345b8105','Thiamin (B1)','THIA','%',144,'1ea1dea2-4aa0-4f76-9f5b-eb832e515554'),('0476b69a-f154-496e-b856-0609530e085b','Protein','PROCNT','%',17,'fcd030aa-35d1-4f31-95d6-f2bb0bd7c902'),('04c5176b-fd63-4d8b-9bc7-700d4f747df0','Fiber','FIBTG','%',102,'6570af5a-e811-45b8-a533-c4f06438e1ff'),('055a4b25-5e9d-493c-b2c1-79359da1c0e9','Vitamin B6','VITB6A','%',30,'6c629135-2f44-49dd-bb25-0141b773a34e'),('0562767c-2c33-4dd5-bd03-aca859f6d7e3','Protein','PROCNT','%',40,'666a0b5b-90a1-427b-940e-9316d3b67ef8'),('05695a7e-35f3-4a1a-a968-df02d7194a17','Carbs','CHOCDF','%',86,'85cb832a-a110-46ea-a7db-ccfcfbc883ab'),('059e886f-ce23-438b-935d-d64676d16947','Saturated','FASAT','%',134,'dcfd256e-b215-4d56-9502-9fd095113a11'),('0661c272-787d-4a8b-b024-619a23cd7b04','Vitamin K','VITK1','%',7,'4ddb632f-e9f1-4eed-a3bc-dc0984887e63'),('068529d1-88af-435e-81f2-004170ca2edc','Sodium','NA','%',124,'e60e7c73-32ac-4170-916e-6a8a0733070c'),('06982df9-5339-44f2-bb00-0e4d4ab1b96e','Zinc','ZN','%',20,'15b901f9-3232-4f6e-9664-a243c932fe32'),('06dc23e0-b673-4d93-b643-cf4838a01698','Iron','FE','%',61,'ba62229e-0ab7-4b07-b4e8-de3b7d876f3b'),('0701a3e1-7853-42f4-a832-8cec8d6c57cd','Vitamin D','VITD','%',9,'4ddb632f-e9f1-4eed-a3bc-dc0984887e63'),('071bc387-f426-4f68-944c-ebe17fbf09dd','Fiber','FIBTG','%',23,'1be483a2-eafd-4db8-bc19-f45b9efb8a3c'),('0758b3df-791c-4453-8a60-052ed4898f2f','Iron','FE','%',32,'666a0b5b-90a1-427b-940e-9316d3b67ef8'),('07739e21-fc8d-412c-b251-80c76343d131','Niacin (B3)','NIA','%',250,'fd273271-21a1-43b1-b0bb-4e8c22c19b21'),('07751d2f-1c31-44de-afb9-4b6ad9e9e03f','Zinc','ZN','%',21,'1be483a2-eafd-4db8-bc19-f45b9efb8a3c'),('078ffb56-7e8a-4cdb-a95d-0750cae65bf2','Vitamin E','TOCPHA','%',75,'f3248d19-b91e-46da-b3ab-8735aac7c391'),('0821b610-ea2d-4ab1-94b2-e18f705e6985','Cholesterol','CHOLE','%',66,'4ddb632f-e9f1-4eed-a3bc-dc0984887e63'),('084e43fb-d9a7-48d0-8e09-6654c1d11927','Saturated','FASAT','%',46,'fde67312-80de-43bd-8c1a-196393822bfc'),('08757704-f959-49f3-8f7e-2a5ad8f99b43','Zinc','ZN','%',11,'dcfd256e-b215-4d56-9502-9fd095113a11'),('093523db-8391-46d5-bb62-8d467afe4e98','Carbs','CHOCDF','%',278,'d1466bc9-050b-425e-ad8e-af0675f32354'),('093c248d-34c5-4d8d-96ea-bda8d6046515','Thiamin (B1)','THIA','%',29,'2e0c1573-6f3b-4c6b-90e4-5dff011b9673'),('09f8d7a0-9a3b-45ef-8ebc-30c1fcc736ec','Energy','ENERC_KCAL','%',144,'85cb832a-a110-46ea-a7db-ccfcfbc883ab'),('0a170d6a-3561-435f-b07e-1a56e68a0cc9','Vitamin D','VITD','%',4,'2e0c1573-6f3b-4c6b-90e4-5dff011b9673'),('0a592b90-6a3c-44bc-83b1-d86c5d9bc0a7','Saturated','FASAT','%',121,'b6807a17-f27c-42aa-a722-930084f8b211'),('0a91b260-1906-4235-97cf-a546f0befd8c','Riboflavin (B2)','RIBF','%',137,'e89aaa1b-efd1-444b-a26d-76f2c8a70e12'),('0aca1f0f-b954-4be7-9eb3-54bf69ba55a7','Vitamin C','VITC','%',24,'fcd030aa-35d1-4f31-95d6-f2bb0bd7c902'),('0b84beb9-c4e1-454f-a08a-7002bd599235','Vitamin D','VITD','%',0,'30386c99-cc37-49c8-8110-7eabf566410c'),('0bacf31d-ba1d-4313-944d-ee177f7e5d27','Magnesium','MG','%',32,'f852a4dc-e20b-4a41-acd6-789db0813143'),('0baf8235-1403-4363-8094-6d0321b0341b','Vitamin A','VITA_RAE','%',0,'30386c99-cc37-49c8-8110-7eabf566410c'),('0bfa8198-6c4d-440b-8325-689185ea4233','Energy','ENERC_KCAL','%',327,'f5762675-fe7e-4f23-83da-e8f379b8fef7'),('0c212f6b-4ee0-4ce8-ac2b-2b9620855f1a','Vitamin B6','VITB6A','%',36,'a3e3c39d-34f8-42b7-9727-3711233f1bce'),('0cc04d37-7e01-44d2-ac57-bbbf96e4d5bb','Saturated','FASAT','%',46,'e60e7c73-32ac-4170-916e-6a8a0733070c'),('0d0bc395-22a7-4f64-93d4-122fe0cd94aa','Vitamin K','VITK1','%',22,'35a89094-78da-4931-96cc-d5cbf0f5d6fb'),('0d199ed8-b085-4494-bdcd-eb18647693fc','Iron','FE','%',16,'fcd030aa-35d1-4f31-95d6-f2bb0bd7c902'),('0dd38ccd-b3ba-44f5-827f-cbbec2ef72aa','Protein','PROCNT','%',67,'a3e3c39d-34f8-42b7-9727-3711233f1bce'),('0de07030-a90a-4fae-8c7c-b0a6cf737d22','Folate equivalent (total)','FOLDFE','%',37,'f3248d19-b91e-46da-b3ab-8735aac7c391'),('0e05083f-aeac-4220-95a0-67a5dccbe0ad','Sodium','NA','%',5,'fcd030aa-35d1-4f31-95d6-f2bb0bd7c902'),('0e4c3c94-3f27-46da-ad0f-5a039742d605','Vitamin D','VITD','%',16,'87c7f114-0945-4706-b90f-76de7818c35b'),('0e5364f7-5dc3-40d4-ac10-320d5fbce6d8','Thiamin (B1)','THIA','%',91,'dd24945a-27fb-47d8-994f-7470d8aaf38a'),('0e70c99e-9b06-44ab-9bc9-bcb027773bed','Vitamin D','VITD','%',0,'97a5aba6-9d39-47da-b4a9-9e75d92d7e01'),('0edc2716-8b57-4cf4-b01b-1491ad934016','Vitamin K','VITK1','%',19,'6c629135-2f44-49dd-bb25-0141b773a34e'),('0ee7e140-9678-4186-a2c0-5c5d02e0e12b','Zinc','ZN','%',67,'6570af5a-e811-45b8-a533-c4f06438e1ff'),('0f3fc509-f8ba-4a8f-9c76-75e7a56d433a','Energy','ENERC_KCAL','%',120,'1be483a2-eafd-4db8-bc19-f45b9efb8a3c'),('0f73f569-3c4a-4f3d-9336-4a1c20d3ded2','Folate equivalent (total)','FOLDFE','%',145,'a3e3c39d-34f8-42b7-9727-3711233f1bce'),('0fc519bf-4ba9-43a5-aa18-803c38186163','Vitamin K','VITK1','%',7,'1be483a2-eafd-4db8-bc19-f45b9efb8a3c'),('102c0195-8472-46f5-91cb-672d3db9c6a2','Magnesium','MG','%',62,'35a89094-78da-4931-96cc-d5cbf0f5d6fb'),('10301d70-581c-4256-a7a9-0e1513432b99','Cholesterol','CHOLE','%',0,'ce7c42d8-f557-42e1-8e53-d9925bcafd3b'),('106c48c4-4c36-4bcd-b59a-8917d7d096be','Energy','ENERC_KCAL','%',85,'dcfd256e-b215-4d56-9502-9fd095113a11'),('10abe88f-6f1d-43de-99a1-254630719b48','Protein','PROCNT','%',131,'e60e7c73-32ac-4170-916e-6a8a0733070c'),('10ae9c25-3fd9-41e3-b267-48c2b382c233','Niacin (B3)','NIA','%',63,'b4191208-a0a1-4ea3-a1ce-e6cdeca0af94'),('113e47d4-3a65-497a-8d77-223a9551adf2','Vitamin C','VITC','%',19,'fd273271-21a1-43b1-b0bb-4e8c22c19b21'),('118f6320-36b2-4287-b2e9-88f9c69e5a62','Protein','PROCNT','%',50,'b6807a17-f27c-42aa-a722-930084f8b211'),('11d0a001-c359-45a6-a4fe-de208948f4f5','Vitamin K','VITK1','%',8,'b6807a17-f27c-42aa-a722-930084f8b211'),('11e48bc5-1793-4d5c-b029-b87d2b783038','Sodium','NA','%',73,'b6807a17-f27c-42aa-a722-930084f8b211'),('11f5c610-a3ae-4ef3-9270-51b63951c25b','Folate equivalent (total)','FOLDFE','%',40,'666a0b5b-90a1-427b-940e-9316d3b67ef8'),('127fed15-d407-4cd2-b00a-793c3f3f9fb4','Riboflavin (B2)','RIBF','%',75,'35a89094-78da-4931-96cc-d5cbf0f5d6fb'),('129b51f5-695c-4618-8b5f-9c6378b4bb2d','Vitamin B6','VITB6A','%',72,'1d732269-5ba6-4e29-a127-da0a2b6fa54f'),('12c76f6c-f2e9-4971-a2a0-a6ed28d64873','Vitamin E','TOCPHA','%',95,'893397cd-a91f-4f09-a179-7376cef82601'),('130bb7b5-d637-4c93-bec4-c69f37fd585d','Vitamin D','VITD','%',29,'b4191208-a0a1-4ea3-a1ce-e6cdeca0af94'),('14276400-c4ea-4202-8439-e8c7d82a751d','Vitamin B6','VITB6A','%',71,'85cb832a-a110-46ea-a7db-ccfcfbc883ab'),('14902ce3-b9e2-4bab-95b5-3e5efcfd290a','Phosphorus','P','%',260,'fed3dedf-43b3-4de5-9433-6028e601bcf1'),('14aa790d-63c2-41da-84d8-d1b5211a06fb','Fat','FAT','%',169,'1be483a2-eafd-4db8-bc19-f45b9efb8a3c'),('14af9ff8-0f35-4d34-8f3c-9da9ae1acc09','Cholesterol','CHOLE','%',0,'97a5aba6-9d39-47da-b4a9-9e75d92d7e01'),('14b32573-c2f6-4eae-8abb-1f09e257113b','Vitamin K','VITK1','%',1,'30386c99-cc37-49c8-8110-7eabf566410c'),('151e8034-a0cd-4116-ac55-2e67d3cd9e43','Cholesterol','CHOLE','%',0,'30386c99-cc37-49c8-8110-7eabf566410c'),('1526bf69-4929-4b4b-9921-231ab7858091','Vitamin D','VITD','%',21,'dd51b859-f756-4e11-8be5-f6209bb068e8'),('15d39ef0-b3ab-46f8-9b38-c3ec34c35e5c','Riboflavin (B2)','RIBF','%',10,'30386c99-cc37-49c8-8110-7eabf566410c'),('16dcb788-87b0-4604-9afe-a83034244a50','Fiber','FIBTG','%',56,'dcfd256e-b215-4d56-9502-9fd095113a11'),('17237681-8f24-49d1-9e79-8b51ef6f5ae5','Magnesium','MG','%',45,'666a0b5b-90a1-427b-940e-9316d3b67ef8'),('175cbaf4-1e7c-4948-8ac7-f6ff6fab837f','Potassium','K','%',25,'97a5aba6-9d39-47da-b4a9-9e75d92d7e01'),('176ca1a0-686f-445e-9756-6736f03175c7','Potassium','K','%',30,'fcd030aa-35d1-4f31-95d6-f2bb0bd7c902'),('17882cb2-f9a0-40ca-b106-658feb6257e3','Vitamin K','VITK1','%',33,'fed3dedf-43b3-4de5-9433-6028e601bcf1'),('17de39aa-80a1-4a6f-96e6-3388d7ec95d6','Vitamin E','TOCPHA','%',179,'5bab4042-9684-4fae-ad3b-5f5de9350580'),('18126f02-ce60-4654-953d-2f2b0cf01127','Cholesterol','CHOLE','%',0,'5bab4042-9684-4fae-ad3b-5f5de9350580'),('1867ef0e-24a9-40e9-a683-5ab6f8e40270','Vitamin K','VITK1','%',352,'6570af5a-e811-45b8-a533-c4f06438e1ff'),('188bfd32-a266-4538-a13b-b6656b75507a','Folate equivalent (total)','FOLDFE','%',74,'1d732269-5ba6-4e29-a127-da0a2b6fa54f'),('18f35646-e32a-4ed7-ac70-fa3847d27e3e','Vitamin D','VITD','%',5,'e89aaa1b-efd1-444b-a26d-76f2c8a70e12'),('19f0f63f-380c-41f0-b131-46821a8e5e13','Sodium','NA','%',83,'f5762675-fe7e-4f23-83da-e8f379b8fef7'),('19f1956f-36fb-4ee6-9cb8-be1aed365255','Folate equivalent (total)','FOLDFE','%',21,'dd51b859-f756-4e11-8be5-f6209bb068e8'),('1a9811ff-50bb-4cb9-aa9e-8654829b321e','Riboflavin (B2)','RIBF','%',72,'1d732269-5ba6-4e29-a127-da0a2b6fa54f'),('1a981dfa-5416-4f2b-9ec1-0d1c9b15829a','Fiber','FIBTG','%',49,'e60e7c73-32ac-4170-916e-6a8a0733070c'),('1b2e7d68-7eb2-4f22-94c6-28a4263d7e42','Phosphorus','P','%',36,'fcd030aa-35d1-4f31-95d6-f2bb0bd7c902'),('1b324b70-233c-4fe5-a1db-9718ecb6d264','Protein','PROCNT','%',12,'3cd3f061-f3bc-4042-84c6-bb5f13722996'),('1b3d2601-b9f3-408b-b5b1-eebc19dc222b','Vitamin B12','VITB12','%',70,'fd273271-21a1-43b1-b0bb-4e8c22c19b21'),('1bba3d48-d047-42ba-acae-667d7ae0558a','Vitamin K','VITK1','%',173,'e60e7c73-32ac-4170-916e-6a8a0733070c'),('1c25edc3-e685-4245-aba3-8fd810e28c17','Carbs','CHOCDF','%',106,'1be483a2-eafd-4db8-bc19-f45b9efb8a3c'),('1c27ed47-7c03-49f5-a40d-8a8e65854cab','Vitamin D','VITD','%',3,'fd273271-21a1-43b1-b0bb-4e8c22c19b21'),('1cf98546-996e-4a45-81db-216bab78032e','Fiber','FIBTG','%',85,'f852a4dc-e20b-4a41-acd6-789db0813143'),('1d3340e2-486c-4acb-8eb6-875d52216f30','Fiber','FIBTG','%',82,'85cb832a-a110-46ea-a7db-ccfcfbc883ab'),('1db56f99-b02e-46a5-a2bf-e074f660ae73','Niacin (B3)','NIA','%',13,'dcfd256e-b215-4d56-9502-9fd095113a11'),('1dd1a171-7453-43f3-a729-cde02c9490dd','Phosphorus','P','%',157,'1be483a2-eafd-4db8-bc19-f45b9efb8a3c'),('1e62a6ef-03e2-4ab1-9814-c0495fa82a51','Carbs','CHOCDF','%',10,'a3b6891b-fad3-4c7a-9240-cbd0cb2fb132'),('1e7b1e38-6af3-4907-96ae-cfcfdd4a2bf8','Vitamin K','VITK1','%',186,'1d732269-5ba6-4e29-a127-da0a2b6fa54f'),('1ea8a621-c8fb-454f-bea1-0de110382054','Energy','ENERC_KCAL','%',118,'2e0c1573-6f3b-4c6b-90e4-5dff011b9673'),('1ecfdf1b-d670-4fd5-b3f6-52796fa9144c','Phosphorus','P','%',66,'b6807a17-f27c-42aa-a722-930084f8b211'),('1f516474-be75-4f77-8dff-1663eb3ef424','Folate equivalent (total)','FOLDFE','%',21,'e89aaa1b-efd1-444b-a26d-76f2c8a70e12'),('1f92631e-58d2-4aef-af67-f1f774547211','Vitamin B12','VITB12','%',404,'35a89094-78da-4931-96cc-d5cbf0f5d6fb'),('1fb81aaf-ad55-4dbc-8394-209d92f2c28d','Carbs','CHOCDF','%',269,'ce7c42d8-f557-42e1-8e53-d9925bcafd3b'),('1ffe6c3b-7641-41b0-88d0-ad7ddfb58844','Riboflavin (B2)','RIBF','%',64,'f3248d19-b91e-46da-b3ab-8735aac7c391'),('20364cc4-d4b6-4baa-8bbe-3b3a9b77b440','Magnesium','MG','%',55,'85cb832a-a110-46ea-a7db-ccfcfbc883ab'),('204c3dd1-d1bd-481c-9ed1-ceebe3f39d45','Vitamin C','VITC','%',0,'ba62229e-0ab7-4b07-b4e8-de3b7d876f3b'),('20fdca0d-7801-4c1c-861c-d3a356e8f22b','Vitamin C','VITC','%',6,'f5762675-fe7e-4f23-83da-e8f379b8fef7'),('217173a0-8776-4ed7-b313-62d6c3da940f','Phosphorus','P','%',61,'666a0b5b-90a1-427b-940e-9316d3b67ef8'),('2184933f-a747-4caf-82b6-d96214e6a54c','Saturated','FASAT','%',182,'dd24945a-27fb-47d8-994f-7470d8aaf38a'),('21ad7f7b-caa3-4fda-b5b1-39894b479f2f','Vitamin E','TOCPHA','%',9,'fcd030aa-35d1-4f31-95d6-f2bb0bd7c902'),('21af5380-4841-4391-aa12-3c14ba7034bc','Fiber','FIBTG','%',51,'666a0b5b-90a1-427b-940e-9316d3b67ef8'),('2208296a-dbf6-4bb7-83b6-818be988b707','Sodium','NA','%',55,'dd24945a-27fb-47d8-994f-7470d8aaf38a'),('22300286-e79f-479a-b23a-eb22f6d3c3c5','Thiamin (B1)','THIA','%',40,'fd273271-21a1-43b1-b0bb-4e8c22c19b21'),('224f43ea-b17c-4211-83a9-4b15a30dff01','Phosphorus','P','%',85,'b4191208-a0a1-4ea3-a1ce-e6cdeca0af94'),('225968ee-aa2f-4d9d-99d9-2fd169d602db','Phosphorus','P','%',51,'f5762675-fe7e-4f23-83da-e8f379b8fef7'),('228bc61a-121f-47f2-bfe6-515d113cfa64','Vitamin D','VITD','%',0,'f852a4dc-e20b-4a41-acd6-789db0813143'),('229020a3-1af1-4ef6-bf0a-0a7af62c703d','Fat','FAT','%',108,'e60e7c73-32ac-4170-916e-6a8a0733070c'),('22a64e20-4079-481b-a8e5-109e79b24fcc','Folate equivalent (total)','FOLDFE','%',99,'dd24945a-27fb-47d8-994f-7470d8aaf38a'),('22c7554d-a629-4f8e-8118-3dbee3829fb6','Calcium','CA','%',30,'f5762675-fe7e-4f23-83da-e8f379b8fef7'),('23113c3a-2582-4ce5-b7fe-ab0793dadde4','Vitamin E','TOCPHA','%',12,'6c629135-2f44-49dd-bb25-0141b773a34e'),('23202ab8-4d00-451e-a77b-328aa1ba2257','Phosphorus','P','%',163,'fd273271-21a1-43b1-b0bb-4e8c22c19b21'),('233dc891-9dfa-4176-9639-4dc5623d98a0','Saturated','FASAT','%',286,'6c629135-2f44-49dd-bb25-0141b773a34e'),('237ac37b-5cdf-4acd-957d-dd8156ee22aa','Vitamin K','VITK1','%',1181,'ce7c42d8-f557-42e1-8e53-d9925bcafd3b'),('2387f698-5bab-40b2-9377-11d33467c5d6','Potassium','K','%',34,'85cb832a-a110-46ea-a7db-ccfcfbc883ab'),('238d2a93-b81c-48f9-aa15-a844e18da8b6','Saturated','FASAT','%',361,'1ea1dea2-4aa0-4f76-9f5b-eb832e515554'),('23d9de24-aa8f-40d8-ae1f-e9d574940376','Vitamin B6','VITB6A','%',367,'893397cd-a91f-4f09-a179-7376cef82601'),('2423647d-4033-4bd5-8d4a-2aff09ae3cac','Vitamin A','VITA_RAE','%',13,'893397cd-a91f-4f09-a179-7376cef82601'),('242c4c73-761e-44cb-96c4-def7ef8a9cd4','Iron','FE','%',33,'5bab4042-9684-4fae-ad3b-5f5de9350580'),('24ae613c-390a-40f5-9bdd-89ae414888e0','Vitamin A','VITA_RAE','%',20,'d1466bc9-050b-425e-ad8e-af0675f32354'),('250aaa4f-8d86-4a24-a93e-f5031d8c30bb','Vitamin B12','VITB12','%',0,'f852a4dc-e20b-4a41-acd6-789db0813143'),('255c5fe0-44fd-4e3f-a6fb-be3ed5119ba0','Iron','FE','%',53,'6c629135-2f44-49dd-bb25-0141b773a34e'),('255d3568-683c-44c1-b752-2f63a1018dda','Energy','ENERC_KCAL','%',41,'b6807a17-f27c-42aa-a722-930084f8b211'),('25878bc6-71e5-4dd6-a033-8b414446ea5f','Phosphorus','P','%',526,'ce7c42d8-f557-42e1-8e53-d9925bcafd3b'),('258a5baf-47d0-4940-af6e-201392af0e75','Vitamin D','VITD','%',5,'a3b6891b-fad3-4c7a-9240-cbd0cb2fb132'),('25c4431f-b439-4b69-be27-535ff45d070f','Thiamin (B1)','THIA','%',80,'e60e7c73-32ac-4170-916e-6a8a0733070c'),('25c5c647-9341-4727-a791-8dc2016e6bb5','Saturated','FASAT','%',242,'4ddb632f-e9f1-4eed-a3bc-dc0984887e63'),('25f2af97-b45e-47d7-8c52-c193b4f33911','Cholesterol','CHOLE','%',363,'a3e3c39d-34f8-42b7-9727-3711233f1bce'),('2630146b-56f3-4f5d-998b-3214e3abcada','Saturated','FASAT','%',316,'d1466bc9-050b-425e-ad8e-af0675f32354'),('2640b7c6-cc6e-40d2-95eb-b023d3bd058d','Sodium','NA','%',85,'25c855c1-a417-4c89-8683-1485925a9870'),('2672576a-0546-4ecd-a7d1-5308a759a07f','Calcium','CA','%',24,'fd273271-21a1-43b1-b0bb-4e8c22c19b21'),('27077604-a22b-4197-b8fa-bc5bcb0f3dda','Cholesterol','CHOLE','%',30,'6c629135-2f44-49dd-bb25-0141b773a34e'),('272d1a91-ba1d-418e-99f3-9a924b88b2e5','Vitamin D','VITD','%',1,'b6807a17-f27c-42aa-a722-930084f8b211'),('277f8720-60c5-4055-b161-22b49c8da07f','Thiamin (B1)','THIA','%',26,'97a5aba6-9d39-47da-b4a9-9e75d92d7e01'),('27886684-6e04-4075-9640-98c1996cda5f','Vitamin B12','VITB12','%',56,'2e0c1573-6f3b-4c6b-90e4-5dff011b9673'),('278eb461-a387-4389-af5e-b801de0df2ed','Fiber','FIBTG','%',9,'15b901f9-3232-4f6e-9664-a243c932fe32'),('278fdd5f-f309-4541-8aa6-630d101ca634','Saturated','FASAT','%',615,'a3e3c39d-34f8-42b7-9727-3711233f1bce'),('281dbd83-614c-4651-8d99-5daddde7d5c5','Fat','FAT','%',340,'d1466bc9-050b-425e-ad8e-af0675f32354'),('28727720-758c-4af2-9d2b-ccaf12a61907','Riboflavin (B2)','RIBF','%',128,'a3e3c39d-34f8-42b7-9727-3711233f1bce'),('28cd0b2c-6a1d-47d9-b058-c72a4d0d6112','Potassium','K','%',15,'3107980b-9142-415e-9b29-b1ffe0e24119'),('29c00797-2835-47f8-9e94-7b1897c84333','Vitamin A','VITA_RAE','%',3,'35a89094-78da-4931-96cc-d5cbf0f5d6fb'),('2a118b9e-371b-4551-b604-b7b46d22d224','Vitamin A','VITA_RAE','%',60,'5bab4042-9684-4fae-ad3b-5f5de9350580'),('2a14f6ec-4dba-4ff7-a8c7-03b89bee8ebe','Folate equivalent (total)','FOLDFE','%',71,'6570af5a-e811-45b8-a533-c4f06438e1ff'),('2a150335-2f72-4018-9678-b0183bb73625','Carbs','CHOCDF','%',17,'b6807a17-f27c-42aa-a722-930084f8b211'),('2a9c2d2c-281c-4c7f-a853-bb4f8118c4d9','Thiamin (B1)','THIA','%',24,'dcfd256e-b215-4d56-9502-9fd095113a11'),('2b10ed88-49e1-47a1-b469-861bb01b5aa4','Calcium','CA','%',35,'ba62229e-0ab7-4b07-b4e8-de3b7d876f3b'),('2b143971-df3e-4012-8500-0677c88b136c','Fiber','FIBTG','%',111,'fed3dedf-43b3-4de5-9433-6028e601bcf1'),('2b89a2b2-5942-4379-850d-a8fdbf96e369','Vitamin B12','VITB12','%',7,'dcfd256e-b215-4d56-9502-9fd095113a11'),('2c2aa3fb-6419-45ba-9749-805c6690bab1','Vitamin A','VITA_RAE','%',56,'fed3dedf-43b3-4de5-9433-6028e601bcf1'),('2c86fb6e-cd25-4b7e-8149-45cfbfa502a5','Protein','PROCNT','%',73,'b4191208-a0a1-4ea3-a1ce-e6cdeca0af94'),('2c917784-24df-4e7c-b30f-185b177d6b02','Calcium','CA','%',69,'d1466bc9-050b-425e-ad8e-af0675f32354'),('2d0e6481-f00e-405d-8a8a-9175d964e5a9','Vitamin B6','VITB6A','%',3144,'fde67312-80de-43bd-8c1a-196393822bfc'),('2d63308d-a1bc-4ed8-aeac-97ac011af2fd','Carbs','CHOCDF','%',3,'3107980b-9142-415e-9b29-b1ffe0e24119'),('2dbe4a57-8782-4047-9754-33bd7c570119','Magnesium','MG','%',32,'1d732269-5ba6-4e29-a127-da0a2b6fa54f'),('2e1f3447-2c8f-4906-b671-8670a7da1d8b','Fiber','FIBTG','%',181,'1ea1dea2-4aa0-4f76-9f5b-eb832e515554'),('2e9ab026-dcbb-4da9-9134-92a94207cb29','Saturated','FASAT','%',17,'97a5aba6-9d39-47da-b4a9-9e75d92d7e01'),('2e9c0612-9d4d-4e3a-a550-649d54ec8533','Vitamin A','VITA_RAE','%',158,'a3b6891b-fad3-4c7a-9240-cbd0cb2fb132'),('2ea877ed-d6c3-4ea2-838c-4a57566ced0e','Vitamin E','TOCPHA','%',11,'dd24945a-27fb-47d8-994f-7470d8aaf38a'),('2eb2e7f8-bb94-4634-80df-9988a4f609f6','Energy','ENERC_KCAL','%',43,'6570af5a-e811-45b8-a533-c4f06438e1ff'),('2f3ef599-428a-4029-9c5b-d31ed0667b9f','Fiber','FIBTG','%',258,'893397cd-a91f-4f09-a179-7376cef82601'),('2f4dd9a3-0623-449c-9eaf-6207157d9c86','Niacin (B3)','NIA','%',16,'30386c99-cc37-49c8-8110-7eabf566410c'),('2f8ff65c-feec-4d66-846a-71fc2a60ec1b','Sodium','NA','%',358,'35a89094-78da-4931-96cc-d5cbf0f5d6fb'),('30016058-69e6-4016-aa4c-3d8a50c8c178','Saturated','FASAT','%',96,'5bab4042-9684-4fae-ad3b-5f5de9350580'),('3018bb65-c6b5-49a4-9ca2-71e24785856a','Carbs','CHOCDF','%',90,'dd51b859-f756-4e11-8be5-f6209bb068e8'),('309cd732-e842-4880-8dea-cf142dcee8b1','Thiamin (B1)','THIA','%',70,'b4191208-a0a1-4ea3-a1ce-e6cdeca0af94'),('30a0604c-b4b4-43d3-9ef5-316f710b6d48','Thiamin (B1)','THIA','%',106,'6570af5a-e811-45b8-a533-c4f06438e1ff'),('3172bbe2-3de5-42e6-b0b8-491b95609491','Riboflavin (B2)','RIBF','%',56,'87c7f114-0945-4706-b90f-76de7818c35b'),('3209d8d4-e733-4004-b8ae-da7774497f3b','Protein','PROCNT','%',74,'ba62229e-0ab7-4b07-b4e8-de3b7d876f3b'),('322154d0-3970-43f9-86ee-d57874d9ac39','Vitamin C','VITC','%',0,'4ddb632f-e9f1-4eed-a3bc-dc0984887e63'),('3229e101-bdcc-4965-b051-c0cd1fdd6aca','Vitamin E','TOCPHA','%',19,'6570af5a-e811-45b8-a533-c4f06438e1ff'),('336f1a56-a5e9-422b-a097-3b51d2e9bb4a','Fat','FAT','%',149,'fde67312-80de-43bd-8c1a-196393822bfc'),('33e055dd-e0c1-426e-986e-65d879f5c6f2','Thiamin (B1)','THIA','%',79,'a3b6891b-fad3-4c7a-9240-cbd0cb2fb132'),('340259fc-cbe5-4cc8-866b-0e52a086e39f','Vitamin K','VITK1','%',55,'893397cd-a91f-4f09-a179-7376cef82601'),('341d2ca3-4424-421d-8de2-89a91171c089','Fat','FAT','%',193,'1d732269-5ba6-4e29-a127-da0a2b6fa54f'),('345e28c0-0735-43a1-bb52-2d1c18298cbd','Magnesium','MG','%',17,'b6807a17-f27c-42aa-a722-930084f8b211'),('349eabc7-e710-437d-9c9f-ebd1f94a66c7','Iron','FE','%',207,'893397cd-a91f-4f09-a179-7376cef82601'),('34eaf1d0-5485-4f3e-8048-bb89972b3681','Iron','FE','%',70,'1d732269-5ba6-4e29-a127-da0a2b6fa54f'),('34f0e1f6-0d77-40cd-9ba0-8d906f2ee7dc','Sodium','NA','%',30,'3cd3f061-f3bc-4042-84c6-bb5f13722996'),('350df73a-5d81-4116-b5c9-5a84d689bb1b','Magnesium','MG','%',125,'d1466bc9-050b-425e-ad8e-af0675f32354'),('36089afe-6d19-4729-9f82-ee29c82cef4a','Potassium','K','%',21,'2e0c1573-6f3b-4c6b-90e4-5dff011b9673'),('36143423-54f2-4920-9a59-79d2599d4cb3','Thiamin (B1)','THIA','%',32,'25c855c1-a417-4c89-8683-1485925a9870'),('36428c0b-1006-4719-826e-4fa139bdf65e','Cholesterol','CHOLE','%',0,'25c855c1-a417-4c89-8683-1485925a9870'),('36a2ff51-39c8-4172-9c2d-9f6448cfd24f','Carbs','CHOCDF','%',2,'3cd3f061-f3bc-4042-84c6-bb5f13722996'),('36ae5faa-9d5f-4742-8350-66b990fc27d5','Carbs','CHOCDF','%',33,'dcfd256e-b215-4d56-9502-9fd095113a11'),('371bbb2c-685d-456d-a018-910f174e8c94','Phosphorus','P','%',241,'893397cd-a91f-4f09-a179-7376cef82601'),('3830a87a-ec50-406a-87cd-961fe611e45c','Vitamin E','TOCPHA','%',84,'f852a4dc-e20b-4a41-acd6-789db0813143'),('389f1d82-c7ba-4a38-9186-97af59ae1be8','Riboflavin (B2)','RIBF','%',476,'fed3dedf-43b3-4de5-9433-6028e601bcf1'),('38b9d36b-84f3-4e46-8cfd-1b635d023943','Niacin (B3)','NIA','%',143,'35a89094-78da-4931-96cc-d5cbf0f5d6fb'),('38be8b7b-53b0-4362-abed-c796f14cc157','Thiamin (B1)','THIA','%',674,'fed3dedf-43b3-4de5-9433-6028e601bcf1'),('38d9e5fa-8b81-4a75-a2d6-f23344cf31ad','Potassium','K','%',21,'666a0b5b-90a1-427b-940e-9316d3b67ef8'),('39205f1d-2c54-4f33-8bc9-67ea883c0a7d','Fiber','FIBTG','%',20,'a3e3c39d-34f8-42b7-9727-3711233f1bce'),('393ad7d5-7d38-4696-997f-f9dde11fe7f7','Vitamin B12','VITB12','%',0,'25c855c1-a417-4c89-8683-1485925a9870'),('397782ad-a423-45a6-9cdd-636b2d9163aa','Riboflavin (B2)','RIBF','%',33,'dcfd256e-b215-4d56-9502-9fd095113a11'),('39c39f33-0caa-4d34-90ea-648d15fa5fc5','Vitamin B12','VITB12','%',69,'b4191208-a0a1-4ea3-a1ce-e6cdeca0af94'),('39e27304-1972-4cc3-b9c2-7896d5f2ebae','Niacin (B3)','NIA','%',47,'f3248d19-b91e-46da-b3ab-8735aac7c391'),('3a3f99b7-709a-41cb-a72a-db517939bee9','Calcium','CA','%',26,'e89aaa1b-efd1-444b-a26d-76f2c8a70e12'),('3a853ac5-355b-4344-a77a-459a234c97d1','Phosphorus','P','%',54,'97a5aba6-9d39-47da-b4a9-9e75d92d7e01'),('3b41fdeb-7d1d-4c6f-bfb9-4dd1a483b83a','Riboflavin (B2)','RIBF','%',91,'3107980b-9142-415e-9b29-b1ffe0e24119'),('3bcd2d1d-8ec7-4ea1-a7a4-638a5736faab','Vitamin B12','VITB12','%',75,'dd51b859-f756-4e11-8be5-f6209bb068e8'),('3c46dc25-9ae5-4366-8373-9246a169d7a3','Niacin (B3)','NIA','%',1,'3cd3f061-f3bc-4042-84c6-bb5f13722996'),('3c6a1186-d3b5-4300-a6dc-0e474a26489c','Vitamin B12','VITB12','%',524,'e89aaa1b-efd1-444b-a26d-76f2c8a70e12'),('3c8f8d3f-6a30-481d-99c2-1d596c43a010','Phosphorus','P','%',161,'35a89094-78da-4931-96cc-d5cbf0f5d6fb'),('3cf3973b-7a73-49f4-8d67-84e4a31ee0f1','Calcium','CA','%',50,'1d732269-5ba6-4e29-a127-da0a2b6fa54f'),('3cf86723-88ab-4e8b-b7f9-7bdb3f76cde9','Potassium','K','%',45,'e89aaa1b-efd1-444b-a26d-76f2c8a70e12'),('3d7a5a69-e179-40ff-b2b1-1f74fc10a112','Vitamin A','VITA_RAE','%',36,'f852a4dc-e20b-4a41-acd6-789db0813143'),('3da580f4-87fe-4dc0-87a6-ea06937cc11b','Cholesterol','CHOLE','%',0,'f852a4dc-e20b-4a41-acd6-789db0813143'),('3dffac35-8a19-41e1-90f2-ceec138907ae','Vitamin E','TOCPHA','%',136,'e89aaa1b-efd1-444b-a26d-76f2c8a70e12'),('3e34cbcf-1d8b-4fad-88dd-e61687cb903f','Fat','FAT','%',76,'6570af5a-e811-45b8-a533-c4f06438e1ff'),('3eabe7ae-74fa-40d9-b296-614ca14dabc8','Energy','ENERC_KCAL','%',81,'a3b6891b-fad3-4c7a-9240-cbd0cb2fb132'),('3f006088-505c-4551-8079-4d87eef4f49c','Vitamin C','VITC','%',2,'1be483a2-eafd-4db8-bc19-f45b9efb8a3c'),('3f2a8a7b-38e4-4e30-90dc-6d7a93d2dd57','Vitamin A','VITA_RAE','%',1001,'ce7c42d8-f557-42e1-8e53-d9925bcafd3b'),('3f641317-9822-45ff-bebc-e6638b06ade7','Vitamin D','VITD','%',13,'d1466bc9-050b-425e-ad8e-af0675f32354'),('4010b1c8-b407-441f-8053-870d3336310e','Vitamin A','VITA_RAE','%',70,'2e0c1573-6f3b-4c6b-90e4-5dff011b9673'),('402cb435-44f1-469c-9051-983c7b69ecd4','Magnesium','MG','%',138,'fde67312-80de-43bd-8c1a-196393822bfc'),('403a1372-e0b9-4c06-af29-762b47a32724','Fiber','FIBTG','%',15,'e89aaa1b-efd1-444b-a26d-76f2c8a70e12'),('40c96ec3-e633-4b4f-91af-30bb4aa67c87','Vitamin D','VITD','%',34,'15b901f9-3232-4f6e-9664-a243c932fe32'),('40d1193a-0994-4218-8be6-1a722e66737a','Magnesium','MG','%',77,'e60e7c73-32ac-4170-916e-6a8a0733070c'),('40eae071-e12f-4ce6-92eb-379ffb930770','Zinc','ZN','%',63,'6c629135-2f44-49dd-bb25-0141b773a34e'),('411dd9b2-bf8a-4f8c-a516-978cedaa5112','Vitamin D','VITD','%',40,'fed3dedf-43b3-4de5-9433-6028e601bcf1'),('41388d10-8c78-4f55-ba59-375dccde3775','Fiber','FIBTG','%',20,'2e0c1573-6f3b-4c6b-90e4-5dff011b9673'),('41cc001f-31d3-4a94-8dd9-338e3cf05db2','Vitamin D','VITD','%',11,'1be483a2-eafd-4db8-bc19-f45b9efb8a3c'),('42283457-c464-4130-a5ff-07414e92faf6','Vitamin B12','VITB12','%',0,'3cd3f061-f3bc-4042-84c6-bb5f13722996'),('42368f0c-b8e1-4608-b683-bee058b9979c','Fat','FAT','%',197,'1ea1dea2-4aa0-4f76-9f5b-eb832e515554'),('424f37e8-baee-464a-94ed-82236c898c98','Vitamin C','VITC','%',255,'f852a4dc-e20b-4a41-acd6-789db0813143'),('429fbaa4-8954-4e1e-93b3-105837d9bc0d','Cholesterol','CHOLE','%',142,'e89aaa1b-efd1-444b-a26d-76f2c8a70e12'),('43ada23a-7627-4618-8783-0cebfcab5f48','Saturated','FASAT','%',50,'ce7c42d8-f557-42e1-8e53-d9925bcafd3b'),('4451d1fe-96a5-4a57-8df0-deaed3116878','Vitamin A','VITA_RAE','%',0,'3cd3f061-f3bc-4042-84c6-bb5f13722996'),('4465368c-b4d3-42d2-a440-96e4dbd86cde','Carbs','CHOCDF','%',16,'f5762675-fe7e-4f23-83da-e8f379b8fef7'),('45304187-6472-4bff-895f-a49fc07d8af4','Fiber','FIBTG','%',43,'97a5aba6-9d39-47da-b4a9-9e75d92d7e01'),('45933138-2012-45a3-bb43-cb37527f352f','Calcium','CA','%',7,'97a5aba6-9d39-47da-b4a9-9e75d92d7e01'),('45c991a0-2abe-4e65-8b2c-ec03c7222a99','Iron','FE','%',92,'1ea1dea2-4aa0-4f76-9f5b-eb832e515554'),('4644fc2c-6a5f-42a5-8a69-00b5b7434a8c','Niacin (B3)','NIA','%',70,'a3b6891b-fad3-4c7a-9240-cbd0cb2fb132'),('4686bcaf-635d-4a99-aa28-30bba2137dcc','Riboflavin (B2)','RIBF','%',133,'893397cd-a91f-4f09-a179-7376cef82601'),('46934a82-d18b-4148-bdc0-45c015ad4fe5','Protein','PROCNT','%',287,'fde67312-80de-43bd-8c1a-196393822bfc'),('469be4a2-71b1-4ea6-9bea-c283847617ae','Vitamin B12','VITB12','%',17,'15b901f9-3232-4f6e-9664-a243c932fe32'),('47740b59-c75d-4a04-b544-68da638ac0e2','Cholesterol','CHOLE','%',114,'1ea1dea2-4aa0-4f76-9f5b-eb832e515554'),('47aa4ab5-3500-4149-b6c8-071c73cacb19','Fiber','FIBTG','%',69,'25c855c1-a417-4c89-8683-1485925a9870'),('47b37520-e5b6-4bd0-aa1a-6c266a0fd8bf','Magnesium','MG','%',54,'25c855c1-a417-4c89-8683-1485925a9870'),('49c2a250-dfc1-43ee-9ade-a65c3a59a17d','Vitamin D','VITD','%',64,'6c629135-2f44-49dd-bb25-0141b773a34e'),('4a3e8403-dc31-4870-80e6-7af837f2f37f','Magnesium','MG','%',100,'fed3dedf-43b3-4de5-9433-6028e601bcf1'),('4a8b7c0b-6d96-4023-ac34-199f955020be','Saturated','FASAT','%',23,'666a0b5b-90a1-427b-940e-9316d3b67ef8'),('4b250adb-0e69-49cc-a7f3-071d457d6d7d','Vitamin E','TOCPHA','%',14,'666a0b5b-90a1-427b-940e-9316d3b67ef8'),('4b2cee90-bfd7-4d58-bf98-a899566b4f1f','Vitamin B12','VITB12','%',111,'fed3dedf-43b3-4de5-9433-6028e601bcf1'),('4b707783-62a9-4967-aece-ff7fbff8bb64','Zinc','ZN','%',42,'30386c99-cc37-49c8-8110-7eabf566410c'),('4b74f060-41d3-47a2-81c9-c1ad9a097e91','Zinc','ZN','%',66,'1d732269-5ba6-4e29-a127-da0a2b6fa54f'),('4ba9b284-69e2-474e-8f8a-faf75c49d081','Thiamin (B1)','THIA','%',30,'4ddb632f-e9f1-4eed-a3bc-dc0984887e63'),('4bbe897d-e7d9-4c71-8764-cec7e45c2941','Riboflavin (B2)','RIBF','%',46,'25c855c1-a417-4c89-8683-1485925a9870'),('4bc48929-d94f-4efd-ab4b-ed33641c55c3','Zinc','ZN','%',273,'ce7c42d8-f557-42e1-8e53-d9925bcafd3b'),('4bc57b44-bf38-4295-bdb9-6a18d41b93a3','Magnesium','MG','%',60,'dd51b859-f756-4e11-8be5-f6209bb068e8'),('4bdc8047-4202-4074-a86f-95b06cf2c1b5','Sodium','NA','%',5,'97a5aba6-9d39-47da-b4a9-9e75d92d7e01'),('4beb7a85-bca9-4a59-a7ec-76c6d8788c34','Protein','PROCNT','%',24,'97a5aba6-9d39-47da-b4a9-9e75d92d7e01'),('4bf19194-3847-4820-8726-20928e57b772','Iron','FE','%',84,'6570af5a-e811-45b8-a533-c4f06438e1ff'),('4bf2b2e5-d023-4077-826e-0214c2356e32','Vitamin B6','VITB6A','%',138,'a3b6891b-fad3-4c7a-9240-cbd0cb2fb132'),('4caac96c-ae68-4958-9728-2bc66bc66398','Zinc','ZN','%',20,'dd24945a-27fb-47d8-994f-7470d8aaf38a'),('4cfec26b-1ab7-4af6-a74a-fbe0d4b37d5c','Vitamin B6','VITB6A','%',82,'d1466bc9-050b-425e-ad8e-af0675f32354'),('4d1d4cd9-fb72-4683-93f1-2e7e133efdd4','Calcium','CA','%',161,'2e0c1573-6f3b-4c6b-90e4-5dff011b9673'),('4d330f79-753a-4b15-8541-54a5035db609','Vitamin B12','VITB12','%',46,'b6807a17-f27c-42aa-a722-930084f8b211'),('4df41fa2-8c2c-4731-aa50-70cb02688491','Fiber','FIBTG','%',12,'3107980b-9142-415e-9b29-b1ffe0e24119'),('4e1cb5c0-709e-49f9-83b9-ea8149efe681','Saturated','FASAT','%',173,'35a89094-78da-4931-96cc-d5cbf0f5d6fb'),('4edc1dec-0561-4c9b-82cd-84a72f3587d4','Zinc','ZN','%',39,'5bab4042-9684-4fae-ad3b-5f5de9350580'),('4ef8b93c-ac2c-46fd-9c26-57bffa021705','Fat','FAT','%',25,'666a0b5b-90a1-427b-940e-9316d3b67ef8'),('4f5178ac-c241-47f4-8777-83c3df217a35','Cholesterol','CHOLE','%',124,'d1466bc9-050b-425e-ad8e-af0675f32354'),('4f9e0e79-694d-4a5b-b621-a877d1b38937','Fat','FAT','%',243,'85cb832a-a110-46ea-a7db-ccfcfbc883ab'),('4fbe571a-4b08-4faf-9493-8eb69fa7d530','Energy','ENERC_KCAL','%',41,'b4191208-a0a1-4ea3-a1ce-e6cdeca0af94'),('4fdfeca5-ddaa-4582-9b0a-4634c66b9eaf','Vitamin K','VITK1','%',149,'5bab4042-9684-4fae-ad3b-5f5de9350580'),('501d4d11-cb7c-44a0-910a-e4dbf782497e','Vitamin K','VITK1','%',124,'e89aaa1b-efd1-444b-a26d-76f2c8a70e12'),('50555191-3a63-4c5d-89bc-b90ca7864622','Vitamin C','VITC','%',36,'f3248d19-b91e-46da-b3ab-8735aac7c391'),('5105169a-7f5c-4edf-abc4-0a14ca6c499b','Iron','FE','%',49,'f3248d19-b91e-46da-b3ab-8735aac7c391'),('5128b992-0dba-45cd-8212-204ff861d02a','Vitamin B6','VITB6A','%',614,'ce7c42d8-f557-42e1-8e53-d9925bcafd3b'),('51589e7f-e209-4e98-b8ff-4ed2329808e5','Fat','FAT','%',126,'ce7c42d8-f557-42e1-8e53-d9925bcafd3b'),('51c0ca86-32de-405d-bb29-5ffbbacf16e9','Saturated','FASAT','%',183,'1d732269-5ba6-4e29-a127-da0a2b6fa54f'),('525e7d3d-e2a4-4a75-9781-e76db2a0b306','Niacin (B3)','NIA','%',37,'f5762675-fe7e-4f23-83da-e8f379b8fef7'),('52bd994a-e086-41f2-8075-a0d3c2675c30','Protein','PROCNT','%',35,'15b901f9-3232-4f6e-9664-a243c932fe32'),('530ec0ca-3f60-4e87-9260-c24442403da2','Vitamin A','VITA_RAE','%',1,'97a5aba6-9d39-47da-b4a9-9e75d92d7e01'),('54d5a856-4e9f-46ad-99ea-0bafde19ba47','Protein','PROCNT','%',20,'25c855c1-a417-4c89-8683-1485925a9870'),('5559b73f-601c-493f-ad14-b0c2efb2e1c7','Iron','FE','%',26,'f5762675-fe7e-4f23-83da-e8f379b8fef7'),('55f17352-6b89-425f-ad2c-61420abe6cb2','Sodium','NA','%',132,'1d732269-5ba6-4e29-a127-da0a2b6fa54f'),('561e1deb-5845-4215-9da5-d766a65535eb','Zinc','ZN','%',30,'97a5aba6-9d39-47da-b4a9-9e75d92d7e01'),('56ba7358-a9f7-4969-a983-e306491d534c','Sodium','NA','%',151,'85cb832a-a110-46ea-a7db-ccfcfbc883ab'),('56fb2d03-0150-4828-a63c-bf0b463cb1a8','Potassium','K','%',69,'d1466bc9-050b-425e-ad8e-af0675f32354'),('57400bbc-1bf2-423a-b917-c652a2b057eb','Vitamin C','VITC','%',63,'a3e3c39d-34f8-42b7-9727-3711233f1bce'),('57656e51-3880-4540-95ab-093ae4c2d6e5','Sodium','NA','%',65,'4ddb632f-e9f1-4eed-a3bc-dc0984887e63'),('577c6659-3748-48bd-be8d-2450d2a589eb','Fiber','FIBTG','%',164,'d1466bc9-050b-425e-ad8e-af0675f32354'),('58068c0b-e287-4653-b0ff-3de13d7e0457','Saturated','FASAT','%',220,'2e0c1573-6f3b-4c6b-90e4-5dff011b9673'),('585bd72d-ece8-47e3-b4d4-cdf8ddd88851','Vitamin B6','VITB6A','%',145,'fed3dedf-43b3-4de5-9433-6028e601bcf1'),('58e2b10a-3ada-4756-8805-41b5c4b0d79e','Energy','ENERC_KCAL','%',190,'a3e3c39d-34f8-42b7-9727-3711233f1bce'),('59104cc6-9456-48c6-a38a-ce0ef9497888','Fat','FAT','%',18,'87c7f114-0945-4706-b90f-76de7818c35b'),('5910cb25-40cd-4319-8f31-776140fd6dd7','Fat','FAT','%',123,'4ddb632f-e9f1-4eed-a3bc-dc0984887e63'),('592114cc-030f-4d5e-98e5-ac91460cb647','Thiamin (B1)','THIA','%',445,'f852a4dc-e20b-4a41-acd6-789db0813143'),('593647b2-971b-4513-bfb5-077c711979d2','Vitamin C','VITC','%',728,'ce7c42d8-f557-42e1-8e53-d9925bcafd3b'),('5992c0b4-4e54-4ac0-9c1b-1b7b9094ae0f','Phosphorus','P','%',122,'dd24945a-27fb-47d8-994f-7470d8aaf38a'),('59a9d1ad-4e72-432e-8c32-b49029f6148a','Riboflavin (B2)','RIBF','%',46,'4ddb632f-e9f1-4eed-a3bc-dc0984887e63'),('59f301d8-8061-473f-bbff-80d898f6177c','Magnesium','MG','%',363,'ce7c42d8-f557-42e1-8e53-d9925bcafd3b'),('5a196f15-f605-4eb7-b060-64ce8f0d9b17','Riboflavin (B2)','RIBF','%',91,'b4191208-a0a1-4ea3-a1ce-e6cdeca0af94'),('5a268914-50c5-4935-bd18-2bff9d77b8da','Magnesium','MG','%',14,'3107980b-9142-415e-9b29-b1ffe0e24119'),('5a4bddf7-e5bd-4c67-98ed-530b8db8d53e','Niacin (B3)','NIA','%',91,'5bab4042-9684-4fae-ad3b-5f5de9350580'),('5a4f3b6f-e402-4344-b10b-e4441adf15bd','Fat','FAT','%',103,'dd24945a-27fb-47d8-994f-7470d8aaf38a'),('5ac3c03c-bb62-42b3-b720-3eeb02361683','Iron','FE','%',110,'e89aaa1b-efd1-444b-a26d-76f2c8a70e12'),('5b060c1b-3e3e-40d2-ab74-e6c2aeb5c507','Niacin (B3)','NIA','%',29,'25c855c1-a417-4c89-8683-1485925a9870'),('5b40f806-5e43-457f-a952-3335f3a1df75','Carbs','CHOCDF','%',70,'dd24945a-27fb-47d8-994f-7470d8aaf38a'),('5bfdaa1d-3fdd-4d9d-a9fa-b1bd909f91f8','Energy','ENERC_KCAL','%',83,'f3248d19-b91e-46da-b3ab-8735aac7c391'),('5bfe52e5-9b1b-49e6-ac09-6cd643c687ab','Energy','ENERC_KCAL','%',28,'666a0b5b-90a1-427b-940e-9316d3b67ef8'),('5c356e1e-34f1-4a6f-a635-cfef87558c28','Vitamin B6','VITB6A','%',219,'f3248d19-b91e-46da-b3ab-8735aac7c391'),('5c60cb41-c5e1-4776-bd43-324914034421','Calcium','CA','%',20,'dcfd256e-b215-4d56-9502-9fd095113a11'),('5d8956fb-1ec8-43f3-8686-ac81202a0654','Calcium','CA','%',57,'893397cd-a91f-4f09-a179-7376cef82601'),('5db2852a-7762-4826-8d2d-65966756f2ce','Zinc','ZN','%',35,'3107980b-9142-415e-9b29-b1ffe0e24119'),('5e1945b8-a4de-49e7-99e6-f95549de3fcf','Zinc','ZN','%',83,'fd273271-21a1-43b1-b0bb-4e8c22c19b21'),('5f70ac11-a964-4de6-8bf8-43bfaa23db13','Fat','FAT','%',27,'97a5aba6-9d39-47da-b4a9-9e75d92d7e01'),('5fae2d75-7836-48d7-8b18-3f5e39f8961c','Thiamin (B1)','THIA','%',268,'d1466bc9-050b-425e-ad8e-af0675f32354'),('5fee3123-e84e-43c2-a997-2b43aebde236','Niacin (B3)','NIA','%',48,'dd24945a-27fb-47d8-994f-7470d8aaf38a'),('5ff4ceea-d42d-4add-85de-98ba314ca3d3','Phosphorus','P','%',35,'f852a4dc-e20b-4a41-acd6-789db0813143'),('6006dc26-60cd-48ab-bd85-3c63742917dd','Energy','ENERC_KCAL','%',106,'4ddb632f-e9f1-4eed-a3bc-dc0984887e63'),('6088aaaa-c6b4-42af-9277-2f76d9c096c5','Vitamin K','VITK1','%',71,'d1466bc9-050b-425e-ad8e-af0675f32354'),('613150f3-221a-4f62-aa5c-aedceaec7bef','Vitamin C','VITC','%',9,'e89aaa1b-efd1-444b-a26d-76f2c8a70e12'),('6177c6af-4e0c-45d0-8891-f7e0c81160c1','Vitamin A','VITA_RAE','%',14,'b6807a17-f27c-42aa-a722-930084f8b211'),('619bb043-09bf-401e-b9e7-1e3f6113208d','Vitamin D','VITD','%',0,'5bab4042-9684-4fae-ad3b-5f5de9350580'),('61ac1920-3c34-4d97-87a6-61547b651f38','Fiber','FIBTG','%',370,'fde67312-80de-43bd-8c1a-196393822bfc'),('61faaf71-2975-45de-a38d-3a39f46210f2','Sodium','NA','%',137,'f3248d19-b91e-46da-b3ab-8735aac7c391'),('6249cd17-a973-44a2-959d-3870250310c6','Potassium','K','%',65,'a3e3c39d-34f8-42b7-9727-3711233f1bce'),('62550be4-c2cb-4c2c-9e36-9001578b70e9','Carbs','CHOCDF','%',2,'e89aaa1b-efd1-444b-a26d-76f2c8a70e12'),('62b309a1-7036-4f93-ad7d-d86ca417dd8e','Iron','FE','%',7,'15b901f9-3232-4f6e-9664-a243c932fe32'),('62d564d1-7d3e-4896-83d2-5ba861c58222','Folate equivalent (total)','FOLDFE','%',2,'3cd3f061-f3bc-4042-84c6-bb5f13722996'),('631e4eba-47eb-4859-b8fb-8cce2d330aa0','Sodium','NA','%',75,'dd51b859-f756-4e11-8be5-f6209bb068e8'),('637d8a82-9179-4f65-947c-97be6e181264','Protein','PROCNT','%',103,'1d732269-5ba6-4e29-a127-da0a2b6fa54f'),('63ba1d39-feb1-4b70-9ba4-8805c32f66f5','Vitamin D','VITD','%',0,'893397cd-a91f-4f09-a179-7376cef82601'),('63dd48ed-5cc7-4382-acba-3b9008fd330b','Energy','ENERC_KCAL','%',132,'e89aaa1b-efd1-444b-a26d-76f2c8a70e12'),('6441fd9e-2867-4378-a05f-e77a303d90dd','Niacin (B3)','NIA','%',51,'6c629135-2f44-49dd-bb25-0141b773a34e'),('6459206b-161e-4b55-891f-dad344fc475f','Phosphorus','P','%',94,'a3b6891b-fad3-4c7a-9240-cbd0cb2fb132'),('6496158a-6a8c-481e-8821-0668ff6bd1e9','Thiamin (B1)','THIA','%',583,'ce7c42d8-f557-42e1-8e53-d9925bcafd3b'),('64a149ce-db42-48df-99ac-a82945472c32','Fat','FAT','%',227,'dcfd256e-b215-4d56-9502-9fd095113a11'),('64fb11ea-00a8-47c0-bbb0-52c8ba1c2358','Vitamin B12','VITB12','%',0,'5bab4042-9684-4fae-ad3b-5f5de9350580'),('65590364-6823-415b-baf8-ce2a3322ee94','Vitamin E','TOCPHA','%',31,'dd51b859-f756-4e11-8be5-f6209bb068e8'),('6568f1ea-b95d-4592-b7b7-5690f4df90d2','Calcium','CA','%',250,'1ea1dea2-4aa0-4f76-9f5b-eb832e515554'),('65867824-c7a6-4178-90a8-b316017e7ef3','Fiber','FIBTG','%',14,'87c7f114-0945-4706-b90f-76de7818c35b'),('65a4424b-0255-408d-bb53-67a2691c6e26','Thiamin (B1)','THIA','%',60,'1d732269-5ba6-4e29-a127-da0a2b6fa54f'),('65be32ec-17f6-42e1-9bd3-90a335023087','Niacin (B3)','NIA','%',6,'87c7f114-0945-4706-b90f-76de7818c35b'),('65db2c5a-290c-44eb-8259-ba0d6964b98b','Fiber','FIBTG','%',26,'dd24945a-27fb-47d8-994f-7470d8aaf38a'),('6609fb61-b633-4f0c-a084-f584567e7c9e','Cholesterol','CHOLE','%',24,'15b901f9-3232-4f6e-9664-a243c932fe32'),('66b6db2a-6778-430e-8198-0eb51a956ea8','Cholesterol','CHOLE','%',0,'ba62229e-0ab7-4b07-b4e8-de3b7d876f3b'),('66d228a4-8c42-48a5-a3b1-49d088c567e5','Vitamin B6','VITB6A','%',16,'dd24945a-27fb-47d8-994f-7470d8aaf38a'),('67117ff5-da51-4251-9ec2-1a49aecb94be','Vitamin A','VITA_RAE','%',141,'1ea1dea2-4aa0-4f76-9f5b-eb832e515554'),('673a8d49-ae77-4d97-a8e4-7485ead89f1f','Zinc','ZN','%',30,'666a0b5b-90a1-427b-940e-9316d3b67ef8'),('6786486a-f95e-416c-bdeb-fcc5ad50379a','Vitamin A','VITA_RAE','%',18,'87c7f114-0945-4706-b90f-76de7818c35b'),('679e49f1-3f76-45b1-aee9-01ca0a6251e5','Niacin (B3)','NIA','%',107,'1ea1dea2-4aa0-4f76-9f5b-eb832e515554'),('67cafebe-e9ca-4415-ac2f-4e018c104127','Thiamin (B1)','THIA','%',267,'85cb832a-a110-46ea-a7db-ccfcfbc883ab'),('67d873f5-f15b-4138-8747-f7bf22186d48','Thiamin (B1)','THIA','%',10,'15b901f9-3232-4f6e-9664-a243c932fe32'),('6870f7f0-cbf3-4ed1-9d08-3d3f5b1e0ef3','Folate equivalent (total)','FOLDFE','%',390,'fde67312-80de-43bd-8c1a-196393822bfc'),('68f7cb8a-61cf-40f4-9d26-d7a39927bd69','Fat','FAT','%',207,'5bab4042-9684-4fae-ad3b-5f5de9350580'),('6905982e-4518-42f4-8269-fdf6b7c75867','Fiber','FIBTG','%',77,'30386c99-cc37-49c8-8110-7eabf566410c'),('691113f5-6e34-456a-94ab-c06026859812','Carbs','CHOCDF','%',16,'1d732269-5ba6-4e29-a127-da0a2b6fa54f'),('6914cf90-7d82-4897-b11a-b01822ea5efe','Magnesium','MG','%',26,'e89aaa1b-efd1-444b-a26d-76f2c8a70e12'),('691a1810-3edd-4ec7-af89-70dc5fdbab7f','Sodium','NA','%',216,'1ea1dea2-4aa0-4f76-9f5b-eb832e515554'),('69461e39-449e-4ea0-8fb9-5190c5836115','Iron','FE','%',3,'87c7f114-0945-4706-b90f-76de7818c35b'),('695db7dc-a2f4-4599-baea-ef1db298bd66','Calcium','CA','%',12,'3107980b-9142-415e-9b29-b1ffe0e24119'),('69a4aa50-9f51-48f4-8632-89c9a6251552','Magnesium','MG','%',68,'5bab4042-9684-4fae-ad3b-5f5de9350580'),('69a9ca26-fb9c-431d-b221-88a1fe6077f9','Magnesium','MG','%',96,'ba62229e-0ab7-4b07-b4e8-de3b7d876f3b'),('6a9bae9d-cd1b-458e-a88a-3342c0354192','Carbs','CHOCDF','%',6,'2e0c1573-6f3b-4c6b-90e4-5dff011b9673'),('6af2255f-6315-4a77-b4e3-9d1d8dc8f1be','Vitamin B6','VITB6A','%',51,'dcfd256e-b215-4d56-9502-9fd095113a11'),('6b2d68db-25e6-4fca-919f-47ece474295c','Vitamin B12','VITB12','%',55,'dd24945a-27fb-47d8-994f-7470d8aaf38a'),('6b2f4e28-01c7-4c9e-b2a8-582ee1473fae','Thiamin (B1)','THIA','%',31,'e89aaa1b-efd1-444b-a26d-76f2c8a70e12'),('6b362743-b39c-40b1-b3af-e665c3456951','Niacin (B3)','NIA','%',51,'6570af5a-e811-45b8-a533-c4f06438e1ff'),('6b838afa-01f3-486c-b46f-bfeaa6b630af','Vitamin C','VITC','%',91,'666a0b5b-90a1-427b-940e-9316d3b67ef8'),('6bb1403b-1d07-44cf-a41e-2c0b397f3b23','Iron','FE','%',121,'85cb832a-a110-46ea-a7db-ccfcfbc883ab'),('6c6c3fcb-1612-4f97-8dee-5840287e0d70','Vitamin B6','VITB6A','%',197,'5bab4042-9684-4fae-ad3b-5f5de9350580'),('6c9b90d5-93f7-40a7-9032-b19ecf88f611','Sodium','NA','%',75,'1be483a2-eafd-4db8-bc19-f45b9efb8a3c'),('6de67c58-5e6d-4f23-80de-a526170649cc','Protein','PROCNT','%',30,'87c7f114-0945-4706-b90f-76de7818c35b'),('6e0449ad-f09d-4daf-8c84-4ed3ea41383a','Vitamin C','VITC','%',316,'a3b6891b-fad3-4c7a-9240-cbd0cb2fb132'),('6e5e79a1-1a3f-487a-a661-de108c9753c3','Calcium','CA','%',48,'b4191208-a0a1-4ea3-a1ce-e6cdeca0af94'),('6ee9cd16-fa05-479d-b433-407e5b1f74e6','Niacin (B3)','NIA','%',220,'e89aaa1b-efd1-444b-a26d-76f2c8a70e12'),('6fb39590-71df-4425-b75e-585bb787c1f7','Carbs','CHOCDF','%',23,'15b901f9-3232-4f6e-9664-a243c932fe32'),('6fdc230e-2fef-45ff-98ff-5875f27b1c2c','Cholesterol','CHOLE','%',120,'fd273271-21a1-43b1-b0bb-4e8c22c19b21'),('70fed0de-9e5b-43ed-8e84-b5ef040166f7','Niacin (B3)','NIA','%',48,'f852a4dc-e20b-4a41-acd6-789db0813143'),('717fc7a2-728f-409b-8cea-6fddee4dea70','Protein','PROCNT','%',187,'35a89094-78da-4931-96cc-d5cbf0f5d6fb'),('71832aa4-57a4-4c5b-a99e-14d0c18d436d','Protein','PROCNT','%',58,'3107980b-9142-415e-9b29-b1ffe0e24119'),('7189decc-5383-45a1-b239-c05ecb42ff93','Cholesterol','CHOLE','%',37,'a3b6891b-fad3-4c7a-9240-cbd0cb2fb132'),('720e1082-d9e6-4640-bc42-3f21e9e60cc5','Vitamin K','VITK1','%',25,'25c855c1-a417-4c89-8683-1485925a9870'),('7283abee-f14e-40e4-9442-dbcdb6945041','Vitamin D','VITD','%',43,'a3e3c39d-34f8-42b7-9727-3711233f1bce'),('728ade65-f7b5-4492-bd84-ab1b350aa932','Energy','ENERC_KCAL','%',24,'3cd3f061-f3bc-4042-84c6-bb5f13722996'),('72d72d64-be85-4aa2-9bbe-99549a15a525','Potassium','K','%',18,'15b901f9-3232-4f6e-9664-a243c932fe32'),('72de61f2-831d-4ce6-a814-12208a20245c','Zinc','ZN','%',36,'b4191208-a0a1-4ea3-a1ce-e6cdeca0af94'),('73717957-bf19-49da-a5a5-31f6458e60cc','Vitamin A','VITA_RAE','%',211,'a3e3c39d-34f8-42b7-9727-3711233f1bce'),('7376461e-f9e1-4cf1-abea-f1a4a8eb9cea','Vitamin B6','VITB6A','%',36,'2e0c1573-6f3b-4c6b-90e4-5dff011b9673'),('73820645-b79d-4e4d-a26d-39a8c131e357','Vitamin C','VITC','%',1,'6c629135-2f44-49dd-bb25-0141b773a34e'),('73992462-8326-4139-a87b-f7657509ba84','Phosphorus','P','%',123,'6570af5a-e811-45b8-a533-c4f06438e1ff'),('73feef9d-8422-43b0-a631-cc11278b52ff','Vitamin B12','VITB12','%',9,'fcd030aa-35d1-4f31-95d6-f2bb0bd7c902'),('742ecb56-1361-486b-8f32-69c2b5af96bc','Vitamin C','VITC','%',0,'b4191208-a0a1-4ea3-a1ce-e6cdeca0af94'),('74945132-77f5-4070-9b75-4d7bd7b35b9e','Potassium','K','%',98,'f3248d19-b91e-46da-b3ab-8735aac7c391'),('74945ac6-4e24-4d2a-accc-37a47d8afcc4','Potassium','K','%',66,'fde67312-80de-43bd-8c1a-196393822bfc'),('74aabb46-54c0-4c7d-b739-02ff7f90a26b','Vitamin E','TOCPHA','%',8,'35a89094-78da-4931-96cc-d5cbf0f5d6fb'),('74f71df7-c4d6-407d-b18e-eebdbfb2400c','Vitamin K','VITK1','%',16,'a3e3c39d-34f8-42b7-9727-3711233f1bce'),('7508a244-c8b9-4dea-8c51-b5ba6019e3eb','Vitamin C','VITC','%',232,'893397cd-a91f-4f09-a179-7376cef82601'),('7569bc51-1e77-4c0e-8e42-c800bafe4de1','Vitamin D','VITD','%',13,'f5762675-fe7e-4f23-83da-e8f379b8fef7'),('756b16c3-f6a1-4e5f-83a4-3e5a4045452e','Vitamin C','VITC','%',57,'dcfd256e-b215-4d56-9502-9fd095113a11'),('759dbcaa-9e90-4057-be7c-2671615c1827','Iron','FE','%',44,'b4191208-a0a1-4ea3-a1ce-e6cdeca0af94'),('75f77173-7815-466d-9403-56f8d508924a','Vitamin C','VITC','%',1,'dd24945a-27fb-47d8-994f-7470d8aaf38a'),('7668adc6-ba67-4ad0-95ca-a740c9cd1ea9','Phosphorus','P','%',74,'15b901f9-3232-4f6e-9664-a243c932fe32'),('769762f7-f455-41c8-9503-99024389b542','Vitamin E','TOCPHA','%',7,'87c7f114-0945-4706-b90f-76de7818c35b'),('76a33d14-a0a0-44fa-b1bd-a02ea760b2e5','Iron','FE','%',58,'2e0c1573-6f3b-4c6b-90e4-5dff011b9673'),('772945fc-ac72-490d-83e4-9fd26a6a2e8c','Phosphorus','P','%',325,'1ea1dea2-4aa0-4f76-9f5b-eb832e515554'),('772bc33b-6c1b-46c9-9b87-87b948e759b6','Potassium','K','%',42,'6570af5a-e811-45b8-a533-c4f06438e1ff'),('774df7a9-c1a4-4620-a984-38d923497398','Riboflavin (B2)','RIBF','%',91,'fd273271-21a1-43b1-b0bb-4e8c22c19b21'),('775a2a40-09d9-4f63-8a1d-6e3742adce4c','Niacin (B3)','NIA','%',54,'ba62229e-0ab7-4b07-b4e8-de3b7d876f3b'),('7797dd94-c70e-45f5-833e-c78854bff30b','Cholesterol','CHOLE','%',0,'f3248d19-b91e-46da-b3ab-8735aac7c391'),('77d0b000-6c0e-49f8-9397-8dc1509d3adb','Sodium','NA','%',306,'fed3dedf-43b3-4de5-9433-6028e601bcf1'),('77e291fe-20f1-4d76-9bd1-10efeb7e041c','Riboflavin (B2)','RIBF','%',130,'6c629135-2f44-49dd-bb25-0141b773a34e'),('77e8b5c7-c5a6-4bde-b44c-7900679ec1f8','Saturated','FASAT','%',35,'6570af5a-e811-45b8-a533-c4f06438e1ff'),('77ef3409-6a6c-4fc1-8595-d0a1c18dbd0a','Riboflavin (B2)','RIBF','%',90,'dd24945a-27fb-47d8-994f-7470d8aaf38a'),('78fcf9d5-7671-4380-893b-0fa6ab27b31b','Vitamin E','TOCPHA','%',38,'25c855c1-a417-4c89-8683-1485925a9870'),('797fd050-38b5-4059-99de-66921bbebd76','Niacin (B3)','NIA','%',29,'2e0c1573-6f3b-4c6b-90e4-5dff011b9673'),('7997028e-7490-4d2f-9612-ffc642834f97','Cholesterol','CHOLE','%',25,'2e0c1573-6f3b-4c6b-90e4-5dff011b9673'),('79b99f13-96e1-4e63-a6db-e8997cfaa5dd','Zinc','ZN','%',152,'893397cd-a91f-4f09-a179-7376cef82601'),('79d115ef-1b51-43e8-8099-a01f0bbee14c','Iron','FE','%',38,'f852a4dc-e20b-4a41-acd6-789db0813143'),('79ee9926-eeb8-4810-b4a0-8336987fa2d7','Thiamin (B1)','THIA','%',343,'893397cd-a91f-4f09-a179-7376cef82601'),('7a5f84f1-9974-43e7-b7b0-dc6b2af1bc6c','Zinc','ZN','%',47,'ba62229e-0ab7-4b07-b4e8-de3b7d876f3b'),('7af27608-6371-4363-8a13-8b267bf797ac','Potassium','K','%',43,'fed3dedf-43b3-4de5-9433-6028e601bcf1'),('7b8d2348-6acd-4adc-a35c-56f032285228','Vitamin A','VITA_RAE','%',1072,'f3248d19-b91e-46da-b3ab-8735aac7c391'),('7bb429bb-d5c2-4da3-9a5c-282988636485','Phosphorus','P','%',158,'e60e7c73-32ac-4170-916e-6a8a0733070c'),('7bbb2e6e-f07a-47ac-b369-369e7f1538c3','Fiber','FIBTG','%',40,'a3b6891b-fad3-4c7a-9240-cbd0cb2fb132'),('7c4152a2-c070-43be-b49b-95dd4a8c8491','Zinc','ZN','%',37,'f3248d19-b91e-46da-b3ab-8735aac7c391'),('7c664bc9-c213-44dd-b97d-bbf703ba48fc','Folate equivalent (total)','FOLDFE','%',9,'87c7f114-0945-4706-b90f-76de7818c35b'),('7c92f5d0-53e5-41f7-a3cd-901646a470f2','Vitamin B12','VITB12','%',0,'6570af5a-e811-45b8-a533-c4f06438e1ff'),('7c99ed73-76a1-40d8-953d-292ec07fd0a1','Calcium','CA','%',134,'ce7c42d8-f557-42e1-8e53-d9925bcafd3b'),('7cc908d7-4a24-4ca8-8097-2123519e2635','Niacin (B3)','NIA','%',50,'1d732269-5ba6-4e29-a127-da0a2b6fa54f'),('7d09658c-fba2-444c-98ae-852242175b86','Phosphorus','P','%',227,'85cb832a-a110-46ea-a7db-ccfcfbc883ab'),('7d3bac2c-e64f-4cb5-a999-2e6e0b49cfcf','Fat','FAT','%',49,'b4191208-a0a1-4ea3-a1ce-e6cdeca0af94'),('7d921c86-0fa1-47b5-8bc3-cbf6c5fab408','Folate equivalent (total)','FOLDFE','%',213,'5bab4042-9684-4fae-ad3b-5f5de9350580'),('7da31f12-3319-4caf-a290-6c3b28ca0487','Calcium','CA','%',10,'30386c99-cc37-49c8-8110-7eabf566410c'),('7e4ab056-6ba3-40cf-863d-6a804d2ff87c','Vitamin D','VITD','%',0,'25c855c1-a417-4c89-8683-1485925a9870'),('7e5a67d7-708f-4197-8284-3ceb0f05e043','Fat','FAT','%',75,'3cd3f061-f3bc-4042-84c6-bb5f13722996'),('7ead418b-b1df-45ec-814d-801ba2d35792','Energy','ENERC_KCAL','%',26,'15b901f9-3232-4f6e-9664-a243c932fe32'),('7f5b9845-eb0f-4a74-bbab-cf235fd39012','Protein','PROCNT','%',14,'dcfd256e-b215-4d56-9502-9fd095113a11'),('7f7daec0-66db-4c87-bd86-2438d27e1de1','Calcium','CA','%',155,'dd51b859-f756-4e11-8be5-f6209bb068e8'),('7ff9b6a7-c4ed-4d99-967e-02f0b3c4d7f1','Carbs','CHOCDF','%',5,'fd273271-21a1-43b1-b0bb-4e8c22c19b21'),('80a81352-01dd-4dd2-aa07-d57b51354a2c','Niacin (B3)','NIA','%',1558,'fde67312-80de-43bd-8c1a-196393822bfc'),('80c0ac16-52f4-4bd8-bef1-6d2ba872dce4','Vitamin K','VITK1','%',16,'f5762675-fe7e-4f23-83da-e8f379b8fef7'),('8115ca90-ce32-4cf9-beb9-0bab768b69a0','Thiamin (B1)','THIA','%',39,'f5762675-fe7e-4f23-83da-e8f379b8fef7'),('8133a193-9d29-42a8-b3d6-71b5829512b6','Protein','PROCNT','%',43,'f3248d19-b91e-46da-b3ab-8735aac7c391'),('815f9820-f0b6-4efd-87d3-87fe735d27bb','Fiber','FIBTG','%',58,'1d732269-5ba6-4e29-a127-da0a2b6fa54f'),('81d36a85-0923-4e42-a85c-36dc73e7efde','Vitamin C','VITC','%',16,'3cd3f061-f3bc-4042-84c6-bb5f13722996'),('81fa3f30-5bbc-4823-be15-724266294917','Niacin (B3)','NIA','%',12,'fcd030aa-35d1-4f31-95d6-f2bb0bd7c902'),('81fbc7b4-2327-4ab5-80bf-1d176010a512','Potassium','K','%',134,'893397cd-a91f-4f09-a179-7376cef82601'),('8204f8af-d463-4891-8477-7d3be8213122','Vitamin C','VITC','%',11,'97a5aba6-9d39-47da-b4a9-9e75d92d7e01'),('82151eb9-9507-408b-91d5-cc61cf4c3d9e','Zinc','ZN','%',32,'b6807a17-f27c-42aa-a722-930084f8b211'),('823cf5f1-98a4-44f1-80d1-c08fc02eda71','Vitamin B6','VITB6A','%',275,'1ea1dea2-4aa0-4f76-9f5b-eb832e515554'),('826f96bd-b278-486d-8e7e-f505b3311048','Phosphorus','P','%',82,'30386c99-cc37-49c8-8110-7eabf566410c'),('829861ee-c282-4a98-b251-8e473099d4a7','Magnesium','MG','%',26,'b4191208-a0a1-4ea3-a1ce-e6cdeca0af94'),('834b4532-a85a-43b1-aba7-e296d5fde2e1','Niacin (B3)','NIA','%',138,'85cb832a-a110-46ea-a7db-ccfcfbc883ab'),('83615fa1-0056-465c-bda6-66392ad7292a','Thiamin (B1)','THIA','%',92,'5bab4042-9684-4fae-ad3b-5f5de9350580'),('836b7ea9-58e1-41a0-bce6-e7ac2cfe3f2a','Vitamin C','VITC','%',6,'15b901f9-3232-4f6e-9664-a243c932fe32'),('837ca63e-93ac-4789-b241-e7c5a875e969','Potassium','K','%',44,'6c629135-2f44-49dd-bb25-0141b773a34e'),('844ee74b-5632-47b3-ae20-9ea33ca67850','Fat','FAT','%',20,'fcd030aa-35d1-4f31-95d6-f2bb0bd7c902'),('848d5f83-3597-4981-b1cd-7f4026545bf6','Folate equivalent (total)','FOLDFE','%',946,'ce7c42d8-f557-42e1-8e53-d9925bcafd3b'),('84932023-517a-4810-bab2-83eed8fd3608','Vitamin K','VITK1','%',49,'f3248d19-b91e-46da-b3ab-8735aac7c391'),('84b042ce-ecb6-41b9-92b9-cbb64fa3452d','Protein','PROCNT','%',179,'dd51b859-f756-4e11-8be5-f6209bb068e8'),('84decf38-9427-4bee-847f-dec83ccc68ad','Fiber','FIBTG','%',17,'b6807a17-f27c-42aa-a722-930084f8b211'),('8609de3b-d0ba-44d7-9359-0db9fb6c9c20','Magnesium','MG','%',19,'dcfd256e-b215-4d56-9502-9fd095113a11'),('8629b549-8fdc-4d03-94d6-693f02120beb','Fiber','FIBTG','%',17,'f5762675-fe7e-4f23-83da-e8f379b8fef7'),('86624992-ac0e-479e-b27f-611b44906f21','Protein','PROCNT','%',131,'d1466bc9-050b-425e-ad8e-af0675f32354'),('86bc14a1-6dbe-4c38-8849-aafd8109eb08','Sodium','NA','%',107,'e89aaa1b-efd1-444b-a26d-76f2c8a70e12'),('86d60725-6645-4a6e-b3d9-133789410b42','Magnesium','MG','%',81,'f3248d19-b91e-46da-b3ab-8735aac7c391'),('86fdc7fe-0051-4961-a4ef-b4bc6052fb9e','Vitamin B12','VITB12','%',74,'3107980b-9142-415e-9b29-b1ffe0e24119'),('87568074-f940-4d79-ac34-c5af621315f8','Fat','FAT','%',125,'30386c99-cc37-49c8-8110-7eabf566410c'),('8861bd83-b891-4d54-922b-b7838e1f0072','Magnesium','MG','%',13,'f5762675-fe7e-4f23-83da-e8f379b8fef7'),('886d0795-8d6d-4714-ae2d-406a3d70607d','Thiamin (B1)','THIA','%',69,'ba62229e-0ab7-4b07-b4e8-de3b7d876f3b'),('88e3e03a-f208-43f8-9cad-61290007c47b','Energy','ENERC_KCAL','%',114,'ba62229e-0ab7-4b07-b4e8-de3b7d876f3b'),('88f3bf8b-9ebc-4603-a1cc-eee709dd1400','Magnesium','MG','%',80,'30386c99-cc37-49c8-8110-7eabf566410c'),('894f2e72-4f68-41d7-abb8-db5178d8e9f6','Vitamin B6','VITB6A','%',5,'3cd3f061-f3bc-4042-84c6-bb5f13722996'),('89745845-f695-4e7b-a7e2-7291b9b115ae','Vitamin A','VITA_RAE','%',69,'4ddb632f-e9f1-4eed-a3bc-dc0984887e63'),('89a0d828-051e-439a-8114-7b5b275b2d57','Cholesterol','CHOLE','%',84,'1be483a2-eafd-4db8-bc19-f45b9efb8a3c'),('89b231cb-a393-49f7-947b-838db9e316b7','Cholesterol','CHOLE','%',3,'fcd030aa-35d1-4f31-95d6-f2bb0bd7c902'),('89f51b08-0d40-4910-960b-44fdfca4cfa4','Protein','PROCNT','%',324,'fed3dedf-43b3-4de5-9433-6028e601bcf1'),('8a1e2c0c-bf0d-4b00-a35a-6c1a6371edaa','Niacin (B3)','NIA','%',96,'a3e3c39d-34f8-42b7-9727-3711233f1bce'),('8a238c31-ed1d-40f3-8d94-986d4012ffa5','Protein','PROCNT','%',242,'1ea1dea2-4aa0-4f76-9f5b-eb832e515554'),('8a740a85-e217-4ea3-91b1-81b8d890dc9c','Vitamin K','VITK1','%',17,'fd273271-21a1-43b1-b0bb-4e8c22c19b21'),('8a7c4756-29dd-4b35-b309-898b54c35163','Saturated','FASAT','%',43,'893397cd-a91f-4f09-a179-7376cef82601'),('8a926f90-35ae-48c8-90fb-a191d5abd5c3','Vitamin K','VITK1','%',65,'f852a4dc-e20b-4a41-acd6-789db0813143'),('8aea7e11-ed99-4f98-bd37-9bc809eb79e5','Sodium','NA','%',123,'f852a4dc-e20b-4a41-acd6-789db0813143'),('8b05b04b-37cd-4361-b753-c4f33e726d82','Phosphorus','P','%',111,'a3e3c39d-34f8-42b7-9727-3711233f1bce'),('8b21657a-6640-4188-9328-dd4c30d3986b','Calcium','CA','%',35,'f852a4dc-e20b-4a41-acd6-789db0813143'),('8c3cf492-218e-4b45-a8ea-db112b368b42','Folate equivalent (total)','FOLDFE','%',95,'ba62229e-0ab7-4b07-b4e8-de3b7d876f3b'),('8c573266-eaef-4723-b885-199c8b57357b','Vitamin C','VITC','%',20,'35a89094-78da-4931-96cc-d5cbf0f5d6fb'),('8c6283e2-0d8a-4c57-b12f-35018acef221','Phosphorus','P','%',109,'ba62229e-0ab7-4b07-b4e8-de3b7d876f3b'),('8cf3f434-d969-4489-93f7-e97a314ce974','Calcium','CA','%',42,'f3248d19-b91e-46da-b3ab-8735aac7c391'),('8d323436-d09f-4eef-bb1a-9ddb471018bb','Folate equivalent (total)','FOLDFE','%',21,'fd273271-21a1-43b1-b0bb-4e8c22c19b21'),('8d98ccbd-ba27-4957-9f5d-c06470aea03e','Fiber','FIBTG','%',45,'4ddb632f-e9f1-4eed-a3bc-dc0984887e63'),('8d9cb451-6e4a-492d-a135-924399193530','Magnesium','MG','%',56,'4ddb632f-e9f1-4eed-a3bc-dc0984887e63'),('8da495af-653d-48b6-879d-2fd1dcf13777','Energy','ENERC_KCAL','%',89,'fd273271-21a1-43b1-b0bb-4e8c22c19b21'),('8e00486f-c4a5-4e06-8cd8-2183f3ee9cc4','Sodium','NA','%',20,'6c629135-2f44-49dd-bb25-0141b773a34e'),('8e0da368-b95b-488c-8657-e4ea59bbc7ab','Saturated','FASAT','%',30,'f852a4dc-e20b-4a41-acd6-789db0813143'),('8e2ac66c-65c1-4512-b845-4bf65c2bbf2f','Cholesterol','CHOLE','%',107,'35a89094-78da-4931-96cc-d5cbf0f5d6fb'),('8e3e1037-f792-4c36-9b4c-509d14f6c792','Phosphorus','P','%',3,'3cd3f061-f3bc-4042-84c6-bb5f13722996'),('8ede92a2-6ca6-4cd8-ba01-832c8a4246d9','Protein','PROCNT','%',170,'4ddb632f-e9f1-4eed-a3bc-dc0984887e63'),('8edfcffe-a7ec-4f88-a146-0d42fa188ef0','Riboflavin (B2)','RIBF','%',222,'1ea1dea2-4aa0-4f76-9f5b-eb832e515554'),('8ef015ba-0623-4a04-82e1-f79dac78ac0a','Riboflavin (B2)','RIBF','%',63,'15b901f9-3232-4f6e-9664-a243c932fe32'),('8f8bbe92-7b5f-4b0a-9dbf-214168f5a5b0','Cholesterol','CHOLE','%',94,'dd24945a-27fb-47d8-994f-7470d8aaf38a'),('8fa8d00d-c760-4604-9928-60329ad72ab9','Magnesium','MG','%',21,'fcd030aa-35d1-4f31-95d6-f2bb0bd7c902'),('8face1f2-847b-490e-afb2-37954f87bcfd','Vitamin E','TOCPHA','%',172,'ce7c42d8-f557-42e1-8e53-d9925bcafd3b'),('8fae1f9b-c225-4c90-a5c7-e5aac63d7bd5','Riboflavin (B2)','RIBF','%',3110,'fde67312-80de-43bd-8c1a-196393822bfc'),('90356540-5950-4092-b73a-3ceffd4b66ba','Vitamin E','TOCPHA','%',1004,'f5762675-fe7e-4f23-83da-e8f379b8fef7'),('90448726-34b5-4be0-8af6-e46f47a12d08','Cholesterol','CHOLE','%',184,'85cb832a-a110-46ea-a7db-ccfcfbc883ab'),('90a3c70a-957b-4cd8-bd60-77c14fb548c0','Zinc','ZN','%',1,'3cd3f061-f3bc-4042-84c6-bb5f13722996'),('90d62fec-ca7b-43d8-b8cc-48f039d03035','Vitamin E','TOCPHA','%',13,'4ddb632f-e9f1-4eed-a3bc-dc0984887e63'),('911b68a6-2120-4480-8b4a-f34130d8ffc7','Potassium','K','%',120,'1ea1dea2-4aa0-4f76-9f5b-eb832e515554'),('91245531-69f1-445c-9cb2-774c7ef93259','Iron','FE','%',144,'fde67312-80de-43bd-8c1a-196393822bfc'),('91877ffb-b4e2-448b-898e-981783c6d75c','Sodium','NA','%',201,'5bab4042-9684-4fae-ad3b-5f5de9350580'),('91b0487b-5c7a-4b57-983a-242cf98deb19','Protein','PROCNT','%',29,'30386c99-cc37-49c8-8110-7eabf566410c'),('9231ad61-447e-49b2-904b-6cec49690705','Thiamin (B1)','THIA','%',89,'f3248d19-b91e-46da-b3ab-8735aac7c391'),('92446952-533e-4fff-8c57-7d29bc6ba66c','Zinc','ZN','%',225,'fde67312-80de-43bd-8c1a-196393822bfc'),('928a4a23-c26d-455d-b5fa-36517dfe66b0','Niacin (B3)','NIA','%',339,'fed3dedf-43b3-4de5-9433-6028e601bcf1'),('92acfafc-cae6-45ff-af3e-9ef358b4e06c','Potassium','K','%',10,'dd24945a-27fb-47d8-994f-7470d8aaf38a'),('92e1618b-e3cb-40a2-b146-732f2cc657ba','Vitamin C','VITC','%',251,'fde67312-80de-43bd-8c1a-196393822bfc'),('931e0afd-d769-47e4-a593-7bc1f7371d0c','Carbs','CHOCDF','%',31,'666a0b5b-90a1-427b-940e-9316d3b67ef8'),('93bcdcb7-4fc4-402e-8e33-ffa412bc8b52','Protein','PROCNT','%',218,'85cb832a-a110-46ea-a7db-ccfcfbc883ab'),('940b599a-bc05-4f33-ac13-787ed40507d5','Potassium','K','%',36,'e60e7c73-32ac-4170-916e-6a8a0733070c'),('94247f01-2834-486a-b205-2dd81b08e958','Iron','FE','%',277,'fed3dedf-43b3-4de5-9433-6028e601bcf1'),('9499c2cc-a9a7-435f-a306-ea20b02d5032','Vitamin C','VITC','%',307,'25c855c1-a417-4c89-8683-1485925a9870'),('94b8469e-110f-4e13-b04d-9855158b60d2','Vitamin B6','VITB6A','%',159,'fd273271-21a1-43b1-b0bb-4e8c22c19b21'),('950b3a8a-f012-4438-8685-76d010ed879a','Vitamin B12','VITB12','%',37,'a3b6891b-fad3-4c7a-9240-cbd0cb2fb132'),('957e7400-e982-45fb-a875-a1905d23c4ad','Vitamin E','TOCPHA','%',3,'97a5aba6-9d39-47da-b4a9-9e75d92d7e01'),('966d1fee-4f39-4e33-9c53-f553d58f68b2','Potassium','K','%',6,'f5762675-fe7e-4f23-83da-e8f379b8fef7'),('96e664f9-261c-4153-9fcc-9ee377b68e8e','Vitamin A','VITA_RAE','%',20,'fde67312-80de-43bd-8c1a-196393822bfc'),('96ff14d7-a332-4af9-a58e-227823f355e7','Niacin (B3)','NIA','%',15,'97a5aba6-9d39-47da-b4a9-9e75d92d7e01'),('971d564b-476f-444d-ac42-115931f13887','Vitamin E','TOCPHA','%',155,'ba62229e-0ab7-4b07-b4e8-de3b7d876f3b'),('97af97fa-a4e2-4af0-91f4-adf3782bccd7','Fat','FAT','%',366,'2e0c1573-6f3b-4c6b-90e4-5dff011b9673'),('980e4f7d-1207-4a03-b8c4-6e8613a3c6fc','Vitamin C','VITC','%',8,'fed3dedf-43b3-4de5-9433-6028e601bcf1'),('98100e23-9677-43eb-88d0-e42cafb8832e','Folate equivalent (total)','FOLDFE','%',37,'f5762675-fe7e-4f23-83da-e8f379b8fef7'),('982a81e2-1295-4274-b531-115c544a88bb','Energy','ENERC_KCAL','%',75,'1d732269-5ba6-4e29-a127-da0a2b6fa54f'),('98451523-3b32-4e69-b626-0d4090296fa4','Thiamin (B1)','THIA','%',114,'a3e3c39d-34f8-42b7-9727-3711233f1bce'),('9859254b-3c1e-4a92-833e-bac952f02682','Carbs','CHOCDF','%',92,'f3248d19-b91e-46da-b3ab-8735aac7c391'),('9873c6d3-395b-48e6-8c92-ea0571b16114','Potassium','K','%',47,'35a89094-78da-4931-96cc-d5cbf0f5d6fb'),('98c00f63-bc94-4184-9b2d-2f0ed8966855','Fat','FAT','%',80,'ba62229e-0ab7-4b07-b4e8-de3b7d876f3b'),('98e86db8-ed9a-4c8c-a839-f58db05696d4','Carbs','CHOCDF','%',25,'35a89094-78da-4931-96cc-d5cbf0f5d6fb'),('98fb25b6-3aad-4513-9062-cac795e3aeb3','Riboflavin (B2)','RIBF','%',36,'f5762675-fe7e-4f23-83da-e8f379b8fef7'),('9938de7c-30b2-47db-9423-8e2557770a0a','Potassium','K','%',45,'a3b6891b-fad3-4c7a-9240-cbd0cb2fb132'),('997d6405-51f3-4b91-ba0d-47bf2eea9ad5','Riboflavin (B2)','RIBF','%',2,'3cd3f061-f3bc-4042-84c6-bb5f13722996'),('997f6fda-254c-467e-948c-84f4b04f9398','Vitamin B6','VITB6A','%',157,'35a89094-78da-4931-96cc-d5cbf0f5d6fb'),('999c3478-9b9b-4859-a541-f2e90bb3ec87','Vitamin B6','VITB6A','%',22,'b6807a17-f27c-42aa-a722-930084f8b211'),('9a48733e-ee80-45cd-9f7b-18d64712a65f','Energy','ENERC_KCAL','%',30,'f852a4dc-e20b-4a41-acd6-789db0813143'),('9a49f3e3-6f1b-4b43-ac7e-97bef71c0539','Fat','FAT','%',314,'a3e3c39d-34f8-42b7-9727-3711233f1bce'),('9a4b85a4-27eb-4106-96a7-960d1acf052d','Energy','ENERC_KCAL','%',76,'35a89094-78da-4931-96cc-d5cbf0f5d6fb'),('9a635b6f-7ad8-438f-b8f7-e9d1a67ee154','Vitamin E','TOCPHA','%',122,'fd273271-21a1-43b1-b0bb-4e8c22c19b21'),('9b0998a5-4d6a-4b1c-997d-8712d10a749d','Saturated','FASAT','%',45,'3cd3f061-f3bc-4042-84c6-bb5f13722996'),('9b6b1966-d26a-45cc-84a5-bf2461d938b0','Potassium','K','%',29,'dcfd256e-b215-4d56-9502-9fd095113a11'),('9b7ceb58-7f50-4036-b381-8bbe1c961eba','Vitamin C','VITC','%',1244,'1ea1dea2-4aa0-4f76-9f5b-eb832e515554'),('9ba11ee1-89c2-4fb4-b9f2-6555e2c0e04c','Carbs','CHOCDF','%',42,'25c855c1-a417-4c89-8683-1485925a9870'),('9ba83a8d-3d8b-4844-ae55-4f498f9525b4','Folate equivalent (total)','FOLDFE','%',57,'b4191208-a0a1-4ea3-a1ce-e6cdeca0af94'),('9baf573f-b37f-4a0e-995d-44bcabef6497','Vitamin B12','VITB12','%',158,'1d732269-5ba6-4e29-a127-da0a2b6fa54f'),('9bdf925a-e09e-4b31-b4d4-f45207bc82be','Vitamin A','VITA_RAE','%',14,'dcfd256e-b215-4d56-9502-9fd095113a11'),('9bdfe62d-98f2-4ded-b7bd-8cfbdc210cc3','Phosphorus','P','%',179,'2e0c1573-6f3b-4c6b-90e4-5dff011b9673'),('9c2dd277-b8fe-49ff-ac28-9a5b3d70a9b2','Energy','ENERC_KCAL','%',21,'87c7f114-0945-4706-b90f-76de7818c35b'),('9c391654-8b76-44bf-95bc-803d3237e8e0','Energy','ENERC_KCAL','%',79,'dd24945a-27fb-47d8-994f-7470d8aaf38a'),('9c3e93c2-2c37-4017-9455-1e7c209d330b','Calcium','CA','%',68,'fde67312-80de-43bd-8c1a-196393822bfc'),('9c57fbea-90c3-49c8-aa4d-9bcfa75ac980','Phosphorus','P','%',235,'fde67312-80de-43bd-8c1a-196393822bfc'),('9c5d0512-e387-41e6-87fa-4c30faf88508','Zinc','ZN','%',21,'f5762675-fe7e-4f23-83da-e8f379b8fef7'),('9d0bfda8-c982-4286-b0dd-d1374dff17ca','Riboflavin (B2)','RIBF','%',29,'666a0b5b-90a1-427b-940e-9316d3b67ef8'),('9d8925d8-cf7b-4b1d-b10c-e5cc9925982f','Vitamin K','VITK1','%',12,'97a5aba6-9d39-47da-b4a9-9e75d92d7e01'),('9dea2ada-bcbd-4ef0-a57f-cbb6a012b19e','Vitamin B12','VITB12','%',86,'1ea1dea2-4aa0-4f76-9f5b-eb832e515554'),('9e9d73e0-418c-4b0b-8b70-c471d28015f4','Carbs','CHOCDF','%',86,'4ddb632f-e9f1-4eed-a3bc-dc0984887e63'),('9ee46991-3938-4058-a69c-c4dfe85e4c50','Potassium','K','%',14,'b4191208-a0a1-4ea3-a1ce-e6cdeca0af94'),('9f7fae36-829b-4c21-8340-8c4afe4a7a73','Carbs','CHOCDF','%',197,'fed3dedf-43b3-4de5-9433-6028e601bcf1'),('9fb9f380-4aca-4d9f-8b15-cf7fab420a4f','Vitamin B12','VITB12','%',67,'a3e3c39d-34f8-42b7-9727-3711233f1bce'),('a037b235-f0f1-47ea-a171-c1d1ed35e32d','Protein','PROCNT','%',21,'f852a4dc-e20b-4a41-acd6-789db0813143'),('a046e92c-2bf7-43f9-ab3e-c9e6e11fb53f','Saturated','FASAT','%',58,'15b901f9-3232-4f6e-9664-a243c932fe32'),('a06068bd-16c0-42c0-9840-4546c8fcd9f3','Fiber','FIBTG','%',52,'dd51b859-f756-4e11-8be5-f6209bb068e8'),('a092578b-aad2-4dce-b221-b06f8ac2f584','Folate equivalent (total)','FOLDFE','%',255,'1ea1dea2-4aa0-4f76-9f5b-eb832e515554'),('a0e73747-1b69-4830-ac66-9de499030c09','Vitamin B6','VITB6A','%',54,'666a0b5b-90a1-427b-940e-9316d3b67ef8'),('a0f47993-010c-4037-aa8d-bcfa7f886bd9','Iron','FE','%',25,'97a5aba6-9d39-47da-b4a9-9e75d92d7e01'),('a1143318-e246-434d-b6f9-204c8524d2a6','Vitamin K','VITK1','%',24,'87c7f114-0945-4706-b90f-76de7818c35b'),('a11cc58c-2a9e-40ff-8354-1c32badcb04a','Zinc','ZN','%',181,'35a89094-78da-4931-96cc-d5cbf0f5d6fb'),('a13770a0-32a9-4e73-bc03-9dd3373f90d9','Thiamin (B1)','THIA','%',9,'3107980b-9142-415e-9b29-b1ffe0e24119'),('a1909e8b-e391-4d05-8f3b-29606ac67606','Vitamin E','TOCPHA','%',3,'15b901f9-3232-4f6e-9664-a243c932fe32'),('a1d47408-c4bd-4f14-8789-f121740de1c7','Vitamin E','TOCPHA','%',38,'fed3dedf-43b3-4de5-9433-6028e601bcf1'),('a1eeae1e-5061-4716-9483-6e98a8049302','Riboflavin (B2)','RIBF','%',20,'97a5aba6-9d39-47da-b4a9-9e75d92d7e01'),('a22053fc-af20-4cbd-a72c-d3c3adc2a409','Fat','FAT','%',217,'fd273271-21a1-43b1-b0bb-4e8c22c19b21'),('a2238dc1-2197-4f0b-ad38-813321866492','Sodium','NA','%',127,'d1466bc9-050b-425e-ad8e-af0675f32354'),('a29024e8-fa7c-437c-b61f-23fdc976b255','Folate equivalent (total)','FOLDFE','%',156,'1be483a2-eafd-4db8-bc19-f45b9efb8a3c'),('a2f9089e-5e73-4e43-b95b-82e9ca70c92a','Zinc','ZN','%',144,'fed3dedf-43b3-4de5-9433-6028e601bcf1'),('a3346341-88ad-4657-b1a5-844ccae3aa01','Iron','FE','%',48,'dd24945a-27fb-47d8-994f-7470d8aaf38a'),('a3693d5b-617b-425f-ac94-ec48eb601490','Folate equivalent (total)','FOLDFE','%',223,'85cb832a-a110-46ea-a7db-ccfcfbc883ab'),('a382d308-8245-4c90-80df-27424790d4c3','Riboflavin (B2)','RIBF','%',56,'6570af5a-e811-45b8-a533-c4f06438e1ff'),('a3b93110-a85e-4858-b997-f1704fa24391','Cholesterol','CHOLE','%',32,'dcfd256e-b215-4d56-9502-9fd095113a11'),('a443682b-7834-46c9-9954-3549f73d73db','Magnesium','MG','%',75,'2e0c1573-6f3b-4c6b-90e4-5dff011b9673'),('a4ab20a3-be78-4cde-916e-871174113942','Niacin (B3)','NIA','%',38,'4ddb632f-e9f1-4eed-a3bc-dc0984887e63'),('a5100c47-ce94-42ae-963c-b6a88c5e7134','Vitamin A','VITA_RAE','%',5,'fcd030aa-35d1-4f31-95d6-f2bb0bd7c902'),('a52a529b-a0b1-47fe-80f2-b97b5d63e3ef','Calcium','CA','%',116,'6c629135-2f44-49dd-bb25-0141b773a34e'),('a576553a-bb89-4ae1-a569-36c54b2805d5','Cholesterol','CHOLE','%',4,'666a0b5b-90a1-427b-940e-9316d3b67ef8'),('a5a98b40-82f0-4199-b0a5-a78241c05842','Sodium','NA','%',8,'87c7f114-0945-4706-b90f-76de7818c35b'),('a5bb3851-dd76-4799-b64f-1c028d078c29','Carbs','CHOCDF','%',134,'893397cd-a91f-4f09-a179-7376cef82601'),('a636a0bf-9a4c-4959-aa6e-d12be6f6ef7a','Iron','FE','%',36,'fd273271-21a1-43b1-b0bb-4e8c22c19b21'),('a63714e1-93f3-4569-abe5-50b038fe55a8','Niacin (B3)','NIA','%',4,'15b901f9-3232-4f6e-9664-a243c932fe32'),('a648b0ff-b119-4a3c-a60e-db87624e91ba','Zinc','ZN','%',29,'a3e3c39d-34f8-42b7-9727-3711233f1bce'),('a6d71b70-c8ff-495b-ae11-65a95ec263ed','Vitamin B6','VITB6A','%',11,'ba62229e-0ab7-4b07-b4e8-de3b7d876f3b'),('a6d9be82-ec26-4ab0-9fe6-5fc4063c51ef','Magnesium','MG','%',3,'3cd3f061-f3bc-4042-84c6-bb5f13722996'),('a72aa7e5-918e-4b4b-8a7e-ef623d65c104','Sodium','NA','%',130,'a3b6891b-fad3-4c7a-9240-cbd0cb2fb132'),('a74b94f5-121d-4c7a-b55c-46c2eb2ae48e','Protein','PROCNT','%',80,'1be483a2-eafd-4db8-bc19-f45b9efb8a3c'),('a79ac627-9d9e-4a74-82e5-b89ca659e749','Potassium','K','%',27,'30386c99-cc37-49c8-8110-7eabf566410c'),('a866d908-169d-4b29-96fb-8df7b6625289','Cholesterol','CHOLE','%',124,'e60e7c73-32ac-4170-916e-6a8a0733070c'),('a8aff670-10d0-4b25-a952-be6218c69dcc','Energy','ENERC_KCAL','%',267,'d1466bc9-050b-425e-ad8e-af0675f32354'),('a8cd436f-576d-4067-9b6d-b9a34170150a','Vitamin D','VITD','%',0,'f3248d19-b91e-46da-b3ab-8735aac7c391'),('a9140657-56d4-4e38-b9a6-05ccc62c7503','Vitamin A','VITA_RAE','%',18,'15b901f9-3232-4f6e-9664-a243c932fe32'),('a971eae5-7924-434b-bb08-1cc792ecddd2','Fiber','FIBTG','%',565,'ce7c42d8-f557-42e1-8e53-d9925bcafd3b'),('a99a0d6e-91ef-46b8-be22-c3580792b561','Energy','ENERC_KCAL','%',124,'893397cd-a91f-4f09-a179-7376cef82601'),('a9ea875d-b6a9-4c6a-bddf-a980c7192340','Sodium','NA','%',64,'2e0c1573-6f3b-4c6b-90e4-5dff011b9673'),('a9ff237d-2218-4299-aad6-19846a4ef94c','Vitamin E','TOCPHA','%',207,'2e0c1573-6f3b-4c6b-90e4-5dff011b9673'),('aa3c2320-67b6-40ad-8e67-21cae14a783c','Sodium','NA','%',44,'fd273271-21a1-43b1-b0bb-4e8c22c19b21'),('aa3ea5a2-499a-4027-951a-9b9c1f224b1e','Sodium','NA','%',62,'3107980b-9142-415e-9b29-b1ffe0e24119'),('ab0ab71e-1192-49b7-9efb-90194ad344c6','Folate equivalent (total)','FOLDFE','%',12,'97a5aba6-9d39-47da-b4a9-9e75d92d7e01'),('ab4989bf-45dc-4616-9c62-9719cc97443c','Iron','FE','%',31,'4ddb632f-e9f1-4eed-a3bc-dc0984887e63'),('abe18c62-0e12-4a55-87d8-19a6aa819c18','Sodium','NA','%',55,'666a0b5b-90a1-427b-940e-9316d3b67ef8'),('ad35464c-6008-435b-a5f6-dbc940e8775d','Vitamin B6','VITB6A','%',17,'87c7f114-0945-4706-b90f-76de7818c35b'),('ada26144-43e5-40cf-a6f0-06cb496e7e29','Saturated','FASAT','%',261,'f5762675-fe7e-4f23-83da-e8f379b8fef7'),('ae4ae484-2d43-44b9-98ff-8a5e2b7d85c1','Saturated','FASAT','%',302,'1be483a2-eafd-4db8-bc19-f45b9efb8a3c'),('ae6fc4dd-7ec1-4e70-8a31-4bed94872a32','Niacin (B3)','NIA','%',154,'d1466bc9-050b-425e-ad8e-af0675f32354'),('af1cce98-682a-42ee-990b-c3448432b313','Riboflavin (B2)','RIBF','%',119,'ba62229e-0ab7-4b07-b4e8-de3b7d876f3b'),('af21770e-2e70-43f1-97fc-e2c523d600e2','Vitamin C','VITC','%',184,'6570af5a-e811-45b8-a533-c4f06438e1ff'),('af26b42f-bc82-42df-812d-5480e2b7b826','Vitamin D','VITD','%',30,'3107980b-9142-415e-9b29-b1ffe0e24119'),('af3ee79e-0585-42c6-89ca-d309d42c4400','Cholesterol','CHOLE','%',32,'b6807a17-f27c-42aa-a722-930084f8b211'),('af7d4aff-754f-4812-8d46-1d1684a35895','Riboflavin (B2)','RIBF','%',83,'5bab4042-9684-4fae-ad3b-5f5de9350580'),('b05335c4-19aa-40f1-8272-65d5881128d0','Fat','FAT','%',90,'fed3dedf-43b3-4de5-9433-6028e601bcf1'),('b1069195-8f68-4aa6-abd3-ae9251f3c4cf','Vitamin A','VITA_RAE','%',0,'ba62229e-0ab7-4b07-b4e8-de3b7d876f3b'),('b10f94c2-4e80-4b61-99f1-d12712184a9c','Vitamin E','TOCPHA','%',42,'1be483a2-eafd-4db8-bc19-f45b9efb8a3c'),('b1531703-bb08-4e3b-9d54-c86901a9e417','Sodium','NA','%',105,'a3e3c39d-34f8-42b7-9727-3711233f1bce'),('b18b1722-a26b-453d-b201-4850b43f1148','Thiamin (B1)','THIA','%',19,'fcd030aa-35d1-4f31-95d6-f2bb0bd7c902'),('b1c289bc-405e-4067-a4b9-b30cb1f9625a','Riboflavin (B2)','RIBF','%',49,'f852a4dc-e20b-4a41-acd6-789db0813143'),('b23dae22-577e-4680-8e49-060f5c1cb06a','Vitamin B6','VITB6A','%',11,'15b901f9-3232-4f6e-9664-a243c932fe32'),('b2675206-ec02-457e-bb14-ca898753b72b','Iron','FE','%',172,'d1466bc9-050b-425e-ad8e-af0675f32354'),('b2799f8f-e31d-42dc-81e4-2b799ac1c215','Fat','FAT','%',83,'893397cd-a91f-4f09-a179-7376cef82601'),('b382a6c6-632b-41d3-8c8c-b15e17e6bc59','Protein','PROCNT','%',225,'fd273271-21a1-43b1-b0bb-4e8c22c19b21'),('b3db134e-46e8-4617-88a7-7676b2d1e703','Vitamin D','VITD','%',13,'e60e7c73-32ac-4170-916e-6a8a0733070c'),('b42584f8-cce3-4d15-a9c3-25a6408069ab','Vitamin D','VITD','%',3,'35a89094-78da-4931-96cc-d5cbf0f5d6fb'),('b4414d5a-1d9d-41d0-bd89-c8f708b488d0','Vitamin B12','VITB12','%',140,'6c629135-2f44-49dd-bb25-0141b773a34e'),('b581d58f-da07-4263-a986-59542d5a0896','Vitamin B6','VITB6A','%',14,'30386c99-cc37-49c8-8110-7eabf566410c'),('b5963470-ef7a-49ad-87e7-a713efbf2236','Fat','FAT','%',346,'e89aaa1b-efd1-444b-a26d-76f2c8a70e12'),('b59ada5b-12f8-4946-a940-d48c41f2f5a6','Vitamin A','VITA_RAE','%',37,'b4191208-a0a1-4ea3-a1ce-e6cdeca0af94'),('b5d554fc-b81b-4fa3-81ae-610e6427b8a8','Vitamin E','TOCPHA','%',1,'30386c99-cc37-49c8-8110-7eabf566410c'),('b68140f0-3f24-4f27-a876-22a9807500da','Vitamin E','TOCPHA','%',78,'a3b6891b-fad3-4c7a-9240-cbd0cb2fb132'),('b6e201fd-93f4-4185-b827-5fbf285616fd','Folate equivalent (total)','FOLDFE','%',19,'fcd030aa-35d1-4f31-95d6-f2bb0bd7c902'),('b6e95029-08dd-4e55-8f57-f3d051d53a0e','Fat','FAT','%',84,'f3248d19-b91e-46da-b3ab-8735aac7c391'),('b77572bb-2a6b-4ae5-853f-ed601ca2d874','Potassium','K','%',105,'5bab4042-9684-4fae-ad3b-5f5de9350580'),('b7f44b8e-35d8-4e72-9ba6-828c77946beb','Saturated','FASAT','%',36,'87c7f114-0945-4706-b90f-76de7818c35b'),('b80d30e9-ccc8-4763-96a0-eb8f633d435e','Phosphorus','P','%',223,'dd51b859-f756-4e11-8be5-f6209bb068e8'),('b82f8396-a380-41ba-8dc8-6d952423946b','Cholesterol','CHOLE','%',168,'dd51b859-f756-4e11-8be5-f6209bb068e8'),('b8ad8f97-99d0-49ce-9c02-5ef74974af9e','Energy','ENERC_KCAL','%',90,'6c629135-2f44-49dd-bb25-0141b773a34e'),('b915ad24-a1de-484c-9238-124d66b658c8','Energy','ENERC_KCAL','%',177,'fed3dedf-43b3-4de5-9433-6028e601bcf1'),('b94daee5-3b5a-404e-beab-1f0fef2a1402','Magnesium','MG','%',96,'893397cd-a91f-4f09-a179-7376cef82601'),('b98b922f-95dd-43e7-b16f-bf69f4d8abf2','Vitamin D','VITD','%',13,'1ea1dea2-4aa0-4f76-9f5b-eb832e515554'),('b9a7944a-f3af-4690-b447-5db236cbf390','Fiber','FIBTG','%',32,'fd273271-21a1-43b1-b0bb-4e8c22c19b21'),('ba619b24-8a75-40f1-8b50-f1aa18023194','Riboflavin (B2)','RIBF','%',47,'b6807a17-f27c-42aa-a722-930084f8b211'),('bb005d7b-0002-4869-97cb-9af869133ec7','Saturated','FASAT','%',12,'fcd030aa-35d1-4f31-95d6-f2bb0bd7c902'),('bb0b87ee-0a5f-4799-8e63-b6ed9ab97d06','Protein','PROCNT','%',45,'5bab4042-9684-4fae-ad3b-5f5de9350580'),('bb114e79-3ff9-4a36-810d-f712c4e8ca9c','Phosphorus','P','%',57,'87c7f114-0945-4706-b90f-76de7818c35b'),('bb611425-8332-41c1-8fc9-356ef78d1c17','Vitamin B12','VITB12','%',34,'f5762675-fe7e-4f23-83da-e8f379b8fef7'),('bba5b2d9-1cbd-4e6a-ac0f-e14fce129753','Magnesium','MG','%',55,'97a5aba6-9d39-47da-b4a9-9e75d92d7e01'),('bc05ed06-2b56-48de-a7d7-6baed37322ea','Vitamin D','VITD','%',0,'ba62229e-0ab7-4b07-b4e8-de3b7d876f3b'),('bd32ed37-d95f-4fdb-8090-6e9737d6d7d5','Cholesterol','CHOLE','%',54,'1d732269-5ba6-4e29-a127-da0a2b6fa54f'),('bd8926d1-5866-45f8-b676-d5ae7d3e16bd','Fiber','FIBTG','%',19,'35a89094-78da-4931-96cc-d5cbf0f5d6fb'),('bdd96be7-1c07-4d94-95c2-5ff94b5a565f','Carbs','CHOCDF','%',29,'6570af5a-e811-45b8-a533-c4f06438e1ff'),('bdef5935-1b82-4827-83f1-d2c177ee45c9','Carbs','CHOCDF','%',20,'30386c99-cc37-49c8-8110-7eabf566410c'),('be5e7b1e-300c-4409-93be-18c1c89ee132','Thiamin (B1)','THIA','%',142,'1be483a2-eafd-4db8-bc19-f45b9efb8a3c'),('be7b8971-7f2f-418a-9623-a39603ff8f99','Carbs','CHOCDF','%',168,'e60e7c73-32ac-4170-916e-6a8a0733070c'),('bee881fe-7e5f-4fa6-8818-8f14c4dc15b6','Vitamin C','VITC','%',725,'5bab4042-9684-4fae-ad3b-5f5de9350580'),('bf1036fd-78b2-4618-b112-c4f7a5ad8dec','Fat','FAT','%',30,'15b901f9-3232-4f6e-9664-a243c932fe32'),('bf13ff03-a5ec-44c8-abb3-fc4652323acd','Zinc','ZN','%',98,'d1466bc9-050b-425e-ad8e-af0675f32354'),('bf20248a-0eed-40cb-b77a-311e505932a2','Vitamin C','VITC','%',214,'e60e7c73-32ac-4170-916e-6a8a0733070c'),('bf673ab8-2995-43c8-88d2-62511c08d54e','Vitamin D','VITD','%',0,'ce7c42d8-f557-42e1-8e53-d9925bcafd3b'),('bfe64c8c-d9d9-43cc-b278-4cab0351a37e','Magnesium','MG','%',109,'1ea1dea2-4aa0-4f76-9f5b-eb832e515554'),('bfeb8e26-2825-4dc4-94f7-285760b5f7d8','Vitamin E','TOCPHA','%',75,'e60e7c73-32ac-4170-916e-6a8a0733070c'),('c09492c8-2c41-461a-8248-da0d6f50c7aa','Riboflavin (B2)','RIBF','%',88,'e60e7c73-32ac-4170-916e-6a8a0733070c'),('c0ec66ac-9530-4308-9863-6a3eb1d0103d','Protein','PROCNT','%',108,'2e0c1573-6f3b-4c6b-90e4-5dff011b9673'),('c1433da5-df80-4dea-96ec-aa7a430554b7','Phosphorus','P','%',33,'25c855c1-a417-4c89-8683-1485925a9870'),('c1cdac70-d7a2-4851-83bd-54a82fffc7f0','Protein','PROCNT','%',358,'ce7c42d8-f557-42e1-8e53-d9925bcafd3b'),('c1f817a4-5307-43a7-b794-3e092a3b3e3f','Vitamin E','TOCPHA','%',1,'3cd3f061-f3bc-4042-84c6-bb5f13722996'),('c24796d9-9958-4de2-b228-687367a2f483','Folate equivalent (total)','FOLDFE','%',16,'b6807a17-f27c-42aa-a722-930084f8b211'),('c2931c61-f211-4663-82ef-f94f0479ff49','Vitamin B6','VITB6A','%',45,'4ddb632f-e9f1-4eed-a3bc-dc0984887e63'),('c2b34227-5569-448d-86bc-8907e5a688e6','Calcium','CA','%',24,'25c855c1-a417-4c89-8683-1485925a9870'),('c2de8cc7-8298-4619-a3e0-5efbc88bf480','Phosphorus','P','%',197,'d1466bc9-050b-425e-ad8e-af0675f32354'),('c3ac4b1a-e36a-48ad-ac52-966042a5e6ff','Riboflavin (B2)','RIBF','%',192,'d1466bc9-050b-425e-ad8e-af0675f32354'),('c3bc8be2-4a88-4814-85c7-5f38a98d2349','Magnesium','MG','%',13,'dd24945a-27fb-47d8-994f-7470d8aaf38a'),('c4271aa8-02f7-4269-874d-a2eb9ef1b3a0','Vitamin D','VITD','%',0,'3cd3f061-f3bc-4042-84c6-bb5f13722996'),('c4bad058-ffd2-4fb5-be4e-dcdd1fcf33ad','Folate equivalent (total)','FOLDFE','%',34,'f852a4dc-e20b-4a41-acd6-789db0813143'),('c570c91a-67d6-4184-9795-d74f853560c4','Niacin (B3)','NIA','%',30,'3107980b-9142-415e-9b29-b1ffe0e24119'),('c5af4784-18e8-4056-8ee6-4e15ee9c985d','Vitamin K','VITK1','%',1,'ba62229e-0ab7-4b07-b4e8-de3b7d876f3b'),('c6071fc1-72c6-4cfe-be79-1942b26d2493','Fiber','FIBTG','%',70,'fcd030aa-35d1-4f31-95d6-f2bb0bd7c902'),('c651ac57-29f1-4482-adfc-c6c441807b83','Saturated','FASAT','%',238,'85cb832a-a110-46ea-a7db-ccfcfbc883ab'),('c6593bc0-7c36-487b-a3a6-ef6d922b2588','Vitamin A','VITA_RAE','%',17,'f5762675-fe7e-4f23-83da-e8f379b8fef7'),('c6ba5749-9985-4c34-a8c4-566721f50082','Vitamin B6','VITB6A','%',12,'1be483a2-eafd-4db8-bc19-f45b9efb8a3c'),('c6f8d4fc-c733-4eeb-803f-cd57e276b6ae','Vitamin K','VITK1','%',38,'fcd030aa-35d1-4f31-95d6-f2bb0bd7c902'),('c7c78bf9-b3f0-4e16-9aa9-47768cf514bc','Iron','FE','%',23,'b6807a17-f27c-42aa-a722-930084f8b211'),('c7f5c322-73a5-4a2f-8a7f-1756ca49f73c','Iron','FE','%',17,'25c855c1-a417-4c89-8683-1485925a9870'),('c8174657-64df-48c2-99ee-cda0f23b0a57','Vitamin E','TOCPHA','%',96,'85cb832a-a110-46ea-a7db-ccfcfbc883ab'),('c84a60b8-c4a2-40c0-8ebe-19f2d4b29833','Magnesium','MG','%',23,'a3e3c39d-34f8-42b7-9727-3711233f1bce'),('c8d86808-03e1-4ccb-811a-83c2e6012ba2','Phosphorus','P','%',92,'f3248d19-b91e-46da-b3ab-8735aac7c391'),('c8e239d8-6051-483b-ba11-03c3cc633e70','Thiamin (B1)','THIA','%',40,'6c629135-2f44-49dd-bb25-0141b773a34e'),('ca030009-dfec-4a67-b337-96790cf3faa0','Energy','ENERC_KCAL','%',106,'5bab4042-9684-4fae-ad3b-5f5de9350580'),('cab97a0a-2db7-4b35-a1c0-84979df1215d','Niacin (B3)','NIA','%',29,'b6807a17-f27c-42aa-a722-930084f8b211'),('cad0e300-b539-4efc-b67f-91d9059c81f0','Cholesterol','CHOLE','%',248,'3107980b-9142-415e-9b29-b1ffe0e24119'),('cb775ba0-aaf5-473f-8954-7663d506cdb8','Carbs','CHOCDF','%',22,'87c7f114-0945-4706-b90f-76de7818c35b'),('cc014e4a-5e59-4bc5-81dd-0de4848925fa','Vitamin C','VITC','%',17,'b6807a17-f27c-42aa-a722-930084f8b211'),('cc88177f-30f9-44e8-acda-216e2718e8a2','Vitamin D','VITD','%',19,'85cb832a-a110-46ea-a7db-ccfcfbc883ab'),('cc909996-8bd4-4c26-8cb9-5dfd0a065ffc','Saturated','FASAT','%',35,'ba62229e-0ab7-4b07-b4e8-de3b7d876f3b'),('cd3e3f7e-ac58-459d-877d-ef2d4a12f4bb','Saturated','FASAT','%',83,'fed3dedf-43b3-4de5-9433-6028e601bcf1'),('cd908e6b-79bf-4e69-a41c-d467bf24b05d','Calcium','CA','%',73,'dd24945a-27fb-47d8-994f-7470d8aaf38a'),('cdcec10a-1161-4029-bac7-93b02e922f7a','Protein','PROCNT','%',76,'a3b6891b-fad3-4c7a-9240-cbd0cb2fb132'),('ce0ffa28-913b-40b9-86c8-8ec0c355b0bb','Calcium','CA','%',90,'6570af5a-e811-45b8-a533-c4f06438e1ff'),('ce30d2b1-58a0-483a-a558-80c703f76337','Calcium','CA','%',24,'e60e7c73-32ac-4170-916e-6a8a0733070c'),('ce5ba34c-1042-4807-b061-325bea2aa516','Iron','FE','%',60,'e60e7c73-32ac-4170-916e-6a8a0733070c'),('cede350b-7bba-4023-a4cc-d0d579e66a1a','Vitamin A','VITA_RAE','%',46,'1d732269-5ba6-4e29-a127-da0a2b6fa54f'),('cf0ef7b4-c6ec-48cc-81db-416a3782c2e9','Zinc','ZN','%',114,'85cb832a-a110-46ea-a7db-ccfcfbc883ab'),('cf4107c4-b918-4e4e-924b-a69172627537','Zinc','ZN','%',22,'87c7f114-0945-4706-b90f-76de7818c35b'),('cf456d05-22c7-4f20-8eac-0faa20d99bb6','Zinc','ZN','%',76,'dd51b859-f756-4e11-8be5-f6209bb068e8'),('cf5814d4-9a28-46e9-97c2-73095ecbeef2','Vitamin C','VITC','%',97,'85cb832a-a110-46ea-a7db-ccfcfbc883ab'),('cf9bf9ae-1cbc-4a8d-aac3-e07356deb695','Phosphorus','P','%',78,'3107980b-9142-415e-9b29-b1ffe0e24119'),('cfa2e1f8-a32c-4505-893c-03782e313215','Iron','FE','%',79,'30386c99-cc37-49c8-8110-7eabf566410c'),('cfb121cf-d3bc-4eb7-b562-3e101a30d29f','Potassium','K','%',15,'87c7f114-0945-4706-b90f-76de7818c35b'),('cfd40a4f-0af3-46df-b86a-0778addc2fee','Vitamin B6','VITB6A','%',33,'b4191208-a0a1-4ea3-a1ce-e6cdeca0af94'),('d11405d0-00b1-4d59-82a9-52fafb173123','Potassium','K','%',49,'f852a4dc-e20b-4a41-acd6-789db0813143'),('d1b08d54-6c27-4d62-9522-95601e4f2e98','Folate equivalent (total)','FOLDFE','%',110,'a3b6891b-fad3-4c7a-9240-cbd0cb2fb132'),('d1c00126-5355-4c02-9d1d-395a784f2540','Vitamin A','VITA_RAE','%',114,'e60e7c73-32ac-4170-916e-6a8a0733070c'),('d21664b1-0627-488b-92b3-86bbed0db41c','Vitamin K','VITK1','%',54,'666a0b5b-90a1-427b-940e-9316d3b67ef8'),('d292ed00-3296-49a8-8537-0fd5d9c010f3','Niacin (B3)','NIA','%',93,'e60e7c73-32ac-4170-916e-6a8a0733070c'),('d29ef9d4-5bd9-4864-9196-f385aa614148','Riboflavin (B2)','RIBF','%',50,'2e0c1573-6f3b-4c6b-90e4-5dff011b9673'),('d2b32a0d-0aa9-4a06-897b-d4a4ebd08bdb','Zinc','ZN','%',141,'1ea1dea2-4aa0-4f76-9f5b-eb832e515554'),('d3015223-f291-41c7-b35d-cbdbd9a146ee','Calcium','CA','%',77,'a3b6891b-fad3-4c7a-9240-cbd0cb2fb132'),('d3098fc7-d807-49da-a727-5784a159807d','Iron','FE','%',33,'dd51b859-f756-4e11-8be5-f6209bb068e8'),('d31956d5-133a-4032-b3ec-acd54565f3a6','Energy','ENERC_KCAL','%',34,'fcd030aa-35d1-4f31-95d6-f2bb0bd7c902'),('d35b8a86-dbd6-4a95-b55a-f4653f5eccd9','Vitamin D','VITD','%',0,'6570af5a-e811-45b8-a533-c4f06438e1ff'),('d37150c0-4a45-4e04-b7c9-920f9c28f062','Calcium','CA','%',141,'4ddb632f-e9f1-4eed-a3bc-dc0984887e63'),('d3f2a2fd-9aed-4130-b032-0f332459ba36','Potassium','K','%',44,'1d732269-5ba6-4e29-a127-da0a2b6fa54f'),('d40729a9-6547-4352-a873-ce7749882996','Vitamin K','VITK1','%',9,'b4191208-a0a1-4ea3-a1ce-e6cdeca0af94'),('d40c9eb9-f879-410e-86d4-f9a866e48642','Saturated','FASAT','%',31,'3107980b-9142-415e-9b29-b1ffe0e24119'),('d47eadfa-9ce7-4050-9c94-e2a9dce328ec','Protein','PROCNT','%',289,'e89aaa1b-efd1-444b-a26d-76f2c8a70e12'),('d4ff224a-125b-4097-80b9-e305d3699b2c','Niacin (B3)','NIA','%',79,'1be483a2-eafd-4db8-bc19-f45b9efb8a3c'),('d5923e41-79ad-4e9a-8422-ad5651b617da','Energy','ENERC_KCAL','%',119,'1ea1dea2-4aa0-4f76-9f5b-eb832e515554'),('d614384f-a5d8-4465-8ca7-424c4936cdd5','Thiamin (B1)','THIA','%',35,'dd51b859-f756-4e11-8be5-f6209bb068e8'),('d6372200-acd7-4c61-8718-f9ac31836411','Vitamin E','TOCPHA','%',50,'a3e3c39d-34f8-42b7-9727-3711233f1bce'),('d67643fb-6147-40f9-a3ea-9302e5ae4fd9','Vitamin K','VITK1','%',4,'3cd3f061-f3bc-4042-84c6-bb5f13722996'),('d6d39546-cb78-4beb-94a7-f426a619d884','Magnesium','MG','%',106,'6c629135-2f44-49dd-bb25-0141b773a34e'),('d74a7924-6817-4dc4-87ed-90b15dec8046','Vitamin B12','VITB12','%',0,'30386c99-cc37-49c8-8110-7eabf566410c'),('d7790622-be91-4882-8a98-960d3b4b2167','Vitamin C','VITC','%',3,'30386c99-cc37-49c8-8110-7eabf566410c'),('d7a0aa1c-0df3-45e5-a6b9-72a64e547728','Iron','FE','%',18,'dcfd256e-b215-4d56-9502-9fd095113a11'),('d8117213-8f8d-4185-aa9d-f556cebabe1a','Vitamin K','VITK1','%',284,'a3b6891b-fad3-4c7a-9240-cbd0cb2fb132'),('d8177ce6-6c05-4742-acbe-083eb5295f39','Carbs','CHOCDF','%',72,'1ea1dea2-4aa0-4f76-9f5b-eb832e515554'),('d857184d-ebf8-46ce-bf3c-943e4b0c65dd','Vitamin B12','VITB12','%',60,'4ddb632f-e9f1-4eed-a3bc-dc0984887e63'),('d8602534-f107-44b7-ad47-ff63d3fb1714','Vitamin E','TOCPHA','%',12,'dcfd256e-b215-4d56-9502-9fd095113a11'),('d92998a0-d151-4e50-b925-6aff913d9eb0','Riboflavin (B2)','RIBF','%',259,'ce7c42d8-f557-42e1-8e53-d9925bcafd3b'),('d93463c5-f21f-4e0f-b840-dbcc227a03b3','Iron','FE','%',23,'3107980b-9142-415e-9b29-b1ffe0e24119'),('d9572d3e-ae0a-4ee9-93ab-a527c5ab3ad8','Thiamin (B1)','THIA','%',8,'30386c99-cc37-49c8-8110-7eabf566410c'),('d966c4f5-2396-4814-bef5-f942ef3019b1','Sodium','NA','%',182,'893397cd-a91f-4f09-a179-7376cef82601'),('d9d4ff06-5479-4895-aa46-13ea6781cac2','Phosphorus','P','%',205,'4ddb632f-e9f1-4eed-a3bc-dc0984887e63'),('da5ccb76-d913-4399-9b64-d8fe191ad8f8','Vitamin A','VITA_RAE','%',89,'1be483a2-eafd-4db8-bc19-f45b9efb8a3c'),('dab2862d-d6d5-445b-aab7-8562a360e335','Riboflavin (B2)','RIBF','%',28,'fcd030aa-35d1-4f31-95d6-f2bb0bd7c902'),('dad57634-d056-4206-94f2-513b01116e1a','Carbs','CHOCDF','%',158,'a3e3c39d-34f8-42b7-9727-3711233f1bce'),('db20a733-479f-4ca8-8033-446f4a314be5','Iron','FE','%',60,'1be483a2-eafd-4db8-bc19-f45b9efb8a3c'),('db22a6be-e131-4636-88d6-e11e9804eacc','Riboflavin (B2)','RIBF','%',208,'85cb832a-a110-46ea-a7db-ccfcfbc883ab'),('db7d37d2-da68-4401-9024-d88e1336b1ed','Vitamin A','VITA_RAE','%',4,'666a0b5b-90a1-427b-940e-9316d3b67ef8'),('dba173f0-82cb-4d20-803b-d35458ce1751','Vitamin A','VITA_RAE','%',9,'fd273271-21a1-43b1-b0bb-4e8c22c19b21'),('dcc5f83d-6baa-4b9d-a909-7792d8c077a6','Folate equivalent (total)','FOLDFE','%',516,'fed3dedf-43b3-4de5-9433-6028e601bcf1'),('dce87eb0-8987-4dd7-a8e2-38682b8f995d','Iron','FE','%',4,'3cd3f061-f3bc-4042-84c6-bb5f13722996'),('dd3b9bc4-bead-484e-a67d-9252bfe9e446','Energy','ENERC_KCAL','%',25,'97a5aba6-9d39-47da-b4a9-9e75d92d7e01'),('dd71050d-62db-4e3a-b579-fa2e8a750988','Sodium','NA','%',98,'6570af5a-e811-45b8-a533-c4f06438e1ff'),('dd79343d-4d9b-4c3f-b654-835f0b6656d1','Vitamin E','TOCPHA','%',6,'b6807a17-f27c-42aa-a722-930084f8b211'),('dd8bf8bf-d387-4d9f-8084-0099ab56c61e','Folate equivalent (total)','FOLDFE','%',18,'4ddb632f-e9f1-4eed-a3bc-dc0984887e63'),('dd8d0ebd-3b11-4323-b5ff-b8548b118508','Vitamin K','VITK1','%',270,'fde67312-80de-43bd-8c1a-196393822bfc'),('dd9cec7d-9825-484c-9fb0-8d683f989d7a','Vitamin B12','VITB12','%',0,'666a0b5b-90a1-427b-940e-9316d3b67ef8'),('ddc2a873-edc4-4043-a2f2-0a5e4af61819','Potassium','K','%',14,'1be483a2-eafd-4db8-bc19-f45b9efb8a3c'),('ddd6c63d-b6a7-4cb8-ba7e-7a41fae67c20','Sodium','NA','%',22,'30386c99-cc37-49c8-8110-7eabf566410c'),('de278a97-8c31-4f01-910c-9007b4d81791','Vitamin B12','VITB12','%',75,'87c7f114-0945-4706-b90f-76de7818c35b'),('de28f2af-6921-44a2-95cb-2c588c59a44e','Vitamin A','VITA_RAE','%',40,'dd24945a-27fb-47d8-994f-7470d8aaf38a'),('de84c4b3-dad4-4e74-8225-5c14a689fe08','Vitamin B12','VITB12','%',0,'ce7c42d8-f557-42e1-8e53-d9925bcafd3b'),('dea0f6b4-90d0-4e7c-98d6-522edcac00a8','Sodium','NA','%',46,'b4191208-a0a1-4ea3-a1ce-e6cdeca0af94'),('df2264e8-e48f-4c07-ac8b-414f1a1b3dfe','Carbs','CHOCDF','%',50,'fcd030aa-35d1-4f31-95d6-f2bb0bd7c902'),('dfb26f99-89d3-4865-9c33-a2f466a88333','Vitamin B6','VITB6A','%',115,'f852a4dc-e20b-4a41-acd6-789db0813143'),('dfb9fc42-cad2-4a62-b634-05ee4f783d57','Calcium','CA','%',50,'87c7f114-0945-4706-b90f-76de7818c35b'),('dff30384-6905-4e3e-b1a4-1ee404965f5c','Zinc','ZN','%',94,'e60e7c73-32ac-4170-916e-6a8a0733070c'),('dffb7d43-8bb8-4ac0-9244-124073a22526','Vitamin B12','VITB12','%',37,'d1466bc9-050b-425e-ad8e-af0675f32354'),('e001185a-7a86-4388-a487-02be50f538bf','Vitamin B6','VITB6A','%',34,'fcd030aa-35d1-4f31-95d6-f2bb0bd7c902'),('e0d2dc7d-9ffa-4aad-9c76-b84598c7a4be','Saturated','FASAT','%',351,'30386c99-cc37-49c8-8110-7eabf566410c'),('e0ec50c5-de15-45a5-95a6-4119a65553f6','Calcium','CA','%',8,'3cd3f061-f3bc-4042-84c6-bb5f13722996'),('e1150c8b-781a-45a6-8865-739ea9e32b77','Saturated','FASAT','%',39,'f3248d19-b91e-46da-b3ab-8735aac7c391'),('e1180184-d2c3-4083-bc73-ab21ac3c1c48','Carbs','CHOCDF','%',80,'6c629135-2f44-49dd-bb25-0141b773a34e'),('e13752f7-6bf9-4280-8e11-a1e3a8a7bdb4','Vitamin B12','VITB12','%',0,'893397cd-a91f-4f09-a179-7376cef82601'),('e145755d-6a51-4d4c-8e35-2c3f041ce68c','Vitamin E','TOCPHA','%',12,'b4191208-a0a1-4ea3-a1ce-e6cdeca0af94'),('e14a7fe5-e370-423f-b350-f009a99fce39','Vitamin B6','VITB6A','%',53,'3107980b-9142-415e-9b29-b1ffe0e24119'),('e161a0ae-fe91-4ac6-864c-620f78d5d8c0','Vitamin D','VITD','%',0,'fcd030aa-35d1-4f31-95d6-f2bb0bd7c902'),('e1d0de21-40e1-473a-8c4b-14fd0c45a930','Vitamin E','TOCPHA','%',14,'3107980b-9142-415e-9b29-b1ffe0e24119'),('e1fa593c-5a11-4094-ac9b-0d80ae095121','Vitamin B12','VITB12','%',284,'85cb832a-a110-46ea-a7db-ccfcfbc883ab'),('e24968df-1246-4488-b7b3-048e8ab44d69','Energy','ENERC_KCAL','%',45,'30386c99-cc37-49c8-8110-7eabf566410c'),('e2498d66-f9c1-4afd-88a4-49dd75c0d1a9','Fiber','FIBTG','%',164,'f3248d19-b91e-46da-b3ab-8735aac7c391'),('e29292a5-7c73-4988-b749-de7ebd1db150','Energy','ENERC_KCAL','%',17,'3107980b-9142-415e-9b29-b1ffe0e24119'),('e29b27fd-5ba4-46f4-81ab-1d7b972e94d1','Vitamin B6','VITB6A','%',94,'6570af5a-e811-45b8-a533-c4f06438e1ff'),('e29d39b2-80d2-4601-8547-51b994fce7ef','Vitamin K','VITK1','%',1,'3107980b-9142-415e-9b29-b1ffe0e24119'),('e29e112f-b78f-4b97-96b1-3445dee4172a','Saturated','FASAT','%',173,'a3b6891b-fad3-4c7a-9240-cbd0cb2fb132'),('e311554f-cf8e-435f-ae87-f3a6231bf2df','Zinc','ZN','%',12,'25c855c1-a417-4c89-8683-1485925a9870'),('e32e0e37-b1ff-4d4c-8539-51cf5bf329c8','Folate equivalent (total)','FOLDFE','%',17,'6c629135-2f44-49dd-bb25-0141b773a34e'),('e3e43817-ef0c-4fa2-bea1-30487a352627','Vitamin A','VITA_RAE','%',134,'6570af5a-e811-45b8-a533-c4f06438e1ff'),('e3f6e034-0edd-44b9-9969-d5a8a0455f50','Vitamin A','VITA_RAE','%',43,'6c629135-2f44-49dd-bb25-0141b773a34e'),('e4176b7e-2324-43ba-b4fa-c6a06d3e3623','Vitamin K','VITK1','%',15,'dd51b859-f756-4e11-8be5-f6209bb068e8'),('e422dec6-8c86-43f5-9673-9525ce4a652a','Niacin (B3)','NIA','%',39,'dd51b859-f756-4e11-8be5-f6209bb068e8'),('e495437f-b9af-4819-a96f-4afaa3145635','Saturated','FASAT','%',99,'fd273271-21a1-43b1-b0bb-4e8c22c19b21'),('e4ef8376-7a08-4c56-a919-501523949a05','Protein','PROCNT','%',40,'f5762675-fe7e-4f23-83da-e8f379b8fef7'),('e5897ed4-94c5-4739-bde4-e0a1b7455228','Energy','ENERC_KCAL','%',26,'25c855c1-a417-4c89-8683-1485925a9870'),('e5a1c455-d367-4294-a9a7-898a826429c3','Vitamin B12','VITB12','%',0,'97a5aba6-9d39-47da-b4a9-9e75d92d7e01'),('e5cd1403-f182-4797-8c17-3a1765a6e96e','Vitamin B6','VITB6A','%',21,'f5762675-fe7e-4f23-83da-e8f379b8fef7'),('e5dc842b-199b-4702-916a-88bc1103cbc0','Vitamin K','VITK1','%',2,'15b901f9-3232-4f6e-9664-a243c932fe32'),('e65c13c8-99a8-4ac0-8bc0-bd13a279ad84','Vitamin B6','VITB6A','%',55,'97a5aba6-9d39-47da-b4a9-9e75d92d7e01'),('e68902b1-8e97-4651-baea-c96827c0b4d5','Folate equivalent (total)','FOLDFE','%',5,'15b901f9-3232-4f6e-9664-a243c932fe32'),('e6cc1593-8c41-4ef8-a653-30f9f513b476','Fiber','FIBTG','%',29,'b4191208-a0a1-4ea3-a1ce-e6cdeca0af94'),('e70edb81-d1ad-401d-8168-84b2af0f0e77','Vitamin E','TOCPHA','%',84,'1ea1dea2-4aa0-4f76-9f5b-eb832e515554'),('e74782ef-1d95-4129-9427-e57b8adaed0c','Iron','FE','%',64,'a3e3c39d-34f8-42b7-9727-3711233f1bce'),('e7f6fb58-51c0-4fca-bc15-7fe1ff191c06','Fat','FAT','%',30,'3107980b-9142-415e-9b29-b1ffe0e24119'),('e81c8069-b562-447c-a494-0915c2419c00','Sodium','NA','%',11,'15b901f9-3232-4f6e-9664-a243c932fe32'),('e87259fa-e806-4e35-b051-e85e662f3adf','Folate equivalent (total)','FOLDFE','%',28,'3107980b-9142-415e-9b29-b1ffe0e24119'),('e950e233-80e2-4d4e-a8e9-ca36c0885e6f','Vitamin A','VITA_RAE','%',180,'85cb832a-a110-46ea-a7db-ccfcfbc883ab'),('e96c7765-43d4-4b36-9dac-bcd8ce880316','Vitamin D','VITD','%',5,'fde67312-80de-43bd-8c1a-196393822bfc'),('e9a4a253-bcd9-4ba2-93ef-dd13af67f6f1','Cholesterol','CHOLE','%',15,'87c7f114-0945-4706-b90f-76de7818c35b'),('e9c9e805-85ba-454f-9a41-5030494e0015','Vitamin A','VITA_RAE','%',36,'3107980b-9142-415e-9b29-b1ffe0e24119'),('e9f00ae0-7a8e-4a83-a38d-b1c37b513886','Iron','FE','%',47,'a3b6891b-fad3-4c7a-9240-cbd0cb2fb132'),('ea058286-d022-49d5-b681-0b17c34d5c25','Vitamin B6','VITB6A','%',74,'25c855c1-a417-4c89-8683-1485925a9870'),('ea0cb7dd-2db3-496d-8e70-155249dff79a','Fat','FAT','%',142,'35a89094-78da-4931-96cc-d5cbf0f5d6fb'),('ea3f5366-0ee2-405d-af40-8bab736101ee','Vitamin A','VITA_RAE','%',36,'25c855c1-a417-4c89-8683-1485925a9870'),('ea53d7fc-e8c5-4e4d-8390-ae024315feb3','Energy','ENERC_KCAL','%',148,'e60e7c73-32ac-4170-916e-6a8a0733070c'),('ea6140d7-4003-48b3-b643-5f76946f0d7a','Niacin (B3)','NIA','%',150,'893397cd-a91f-4f09-a179-7376cef82601'),('ea766d62-11b3-4224-884a-59106d40f1c6','Vitamin K','VITK1','%',3,'dd24945a-27fb-47d8-994f-7470d8aaf38a'),('eaf87c52-31da-4059-b39e-9167eed099fe','Thiamin (B1)','THIA','%',40,'35a89094-78da-4931-96cc-d5cbf0f5d6fb'),('eafb8a31-c4ad-41c7-9d8e-61df0cdc70df','Thiamin (B1)','THIA','%',26,'b6807a17-f27c-42aa-a722-930084f8b211'),('eb4d8579-e5fb-4e81-b680-65dc9ba544f0','Vitamin B12','VITB12','%',0,'f3248d19-b91e-46da-b3ab-8735aac7c391'),('eb6606f2-2978-4880-b7d4-aae93203ffd6','Saturated','FASAT','%',295,'e89aaa1b-efd1-444b-a26d-76f2c8a70e12'),('eb967107-b127-47e3-9374-0d41edddd150','Thiamin (B1)','THIA','%',36,'666a0b5b-90a1-427b-940e-9316d3b67ef8'),('eb99cb4d-4948-4c5a-b9f4-0fa2cff63b24','Folate equivalent (total)','FOLDFE','%',72,'25c855c1-a417-4c89-8683-1485925a9870'),('ebda16e0-3153-4d2b-8e0d-2b8be2d6f17d','Carbs','CHOCDF','%',150,'fde67312-80de-43bd-8c1a-196393822bfc'),('ec392345-3db4-4c95-accf-35fedc94a22a','Vitamin C','VITC','%',0,'d1466bc9-050b-425e-ad8e-af0675f32354'),('ec4454d5-115a-42e2-91cb-dfd771939e46','Vitamin E','TOCPHA','%',120,'d1466bc9-050b-425e-ad8e-af0675f32354'),('ec4a4f24-7575-47a2-8706-f7fe61fb9194','Calcium','CA','%',84,'fed3dedf-43b3-4de5-9433-6028e601bcf1'),('ec5c2024-d936-4f60-93c9-8952e0f8651a','Energy','ENERC_KCAL','%',157,'fde67312-80de-43bd-8c1a-196393822bfc'),('eca8b0c8-1363-4e9c-b3ba-b3d95d3e9b7b','Fat','FAT','%',236,'a3b6891b-fad3-4c7a-9240-cbd0cb2fb132'),('ece8f95f-741b-4a07-953d-de12aa79d557','Potassium','K','%',15,'b6807a17-f27c-42aa-a722-930084f8b211'),('ed0521d6-264f-48b4-a5ec-b47b084fd816','Vitamin A','VITA_RAE','%',172,'dd51b859-f756-4e11-8be5-f6209bb068e8'),('ed0d76a6-dd21-407c-8847-d04f583af0ff','Calcium','CA','%',26,'666a0b5b-90a1-427b-940e-9316d3b67ef8'),('ed8376e6-1928-4ef6-8faa-c41d0b18dbd4','Iron','FE','%',77,'35a89094-78da-4931-96cc-d5cbf0f5d6fb'),('ed8c3242-e25a-4fed-b22e-473d9f74a16c','Niacin (B3)','NIA','%',16,'666a0b5b-90a1-427b-940e-9316d3b67ef8'),('ee1d0bc7-a23c-4238-bce8-e0c3da767300','Calcium','CA','%',40,'5bab4042-9684-4fae-ad3b-5f5de9350580'),('ee2171bb-fde1-42de-8699-172b01a62de0','Saturated','FASAT','%',521,'dd51b859-f756-4e11-8be5-f6209bb068e8'),('ee44670f-93f2-4958-a458-88f5de2ee147','Folate equivalent (total)','FOLDFE','%',71,'e60e7c73-32ac-4170-916e-6a8a0733070c'),('ee5f3c4d-4f28-441d-8fbe-cb8175603942','Vitamin B12','VITB12','%',37,'e60e7c73-32ac-4170-916e-6a8a0733070c'),('ef02913e-a50b-42be-94b7-9183b3d2dcf9','Fat','FAT','%',67,'f852a4dc-e20b-4a41-acd6-789db0813143'),('effab236-940a-4eef-b6ac-c98457c68c37','Magnesium','MG','%',19,'1be483a2-eafd-4db8-bc19-f45b9efb8a3c'),('f0300c23-b32d-4651-8b6f-76fda764675c','Vitamin K','VITK1','%',1056,'1ea1dea2-4aa0-4f76-9f5b-eb832e515554'),('f091d2dc-54a6-42f2-be35-db467395330a','Potassium','K','%',58,'25c855c1-a417-4c89-8683-1485925a9870'),('f114734f-22d5-4da9-b3ad-47a007197a37','Cholesterol','CHOLE','%',71,'fde67312-80de-43bd-8c1a-196393822bfc'),('f11dc93b-4c5e-41ed-87ec-e8630f474d2c','Vitamin K','VITK1','%',79,'dcfd256e-b215-4d56-9502-9fd095113a11'),('f11f3fa0-c19a-4b9e-bb44-e2cac16ce94d','Fiber','FIBTG','%',6,'3cd3f061-f3bc-4042-84c6-bb5f13722996'),('f141452f-fa3a-4f1a-8b46-6b8c0f670d35','Folate equivalent (total)','FOLDFE','%',247,'d1466bc9-050b-425e-ad8e-af0675f32354'),('f147a2c5-a49f-4574-8414-f31dc7ccbe06','Cholesterol','CHOLE','%',0,'6570af5a-e811-45b8-a533-c4f06438e1ff'),('f162e273-3f48-434d-aa1d-51ea22b25b5b','Phosphorus','P','%',48,'dcfd256e-b215-4d56-9502-9fd095113a11'),('f18edff7-0dd8-4f33-afd8-44067e57123e','Magnesium','MG','%',17,'15b901f9-3232-4f6e-9664-a243c932fe32'),('f242a892-529f-4c0a-a156-d7ed14318727','Fiber','FIBTG','%',103,'6c629135-2f44-49dd-bb25-0141b773a34e'),('f26b27ef-da72-4078-a2a8-749d183b46ec','Protein','PROCNT','%',69,'6c629135-2f44-49dd-bb25-0141b773a34e'),('f26f65b2-9492-4501-8114-82f29222e01f','Potassium','K','%',35,'fd273271-21a1-43b1-b0bb-4e8c22c19b21'),('f2e4e513-5755-4b21-838e-fc1b7a57495e','Folate equivalent (total)','FOLDFE','%',33,'2e0c1573-6f3b-4c6b-90e4-5dff011b9673'),('f33cccb3-b07c-4718-8bdd-6c2e80764ddf','Vitamin B12','VITB12','%',1330,'fde67312-80de-43bd-8c1a-196393822bfc'),('f358ba67-109e-4125-adde-9d3cc937a0b3','Sodium','NA','%',74,'dcfd256e-b215-4d56-9502-9fd095113a11'),('f38d5586-2386-4444-8121-4ddd4b39a065','Potassium','K','%',26,'ba62229e-0ab7-4b07-b4e8-de3b7d876f3b'),('f393ea44-31db-4805-b346-0f0c94534eb2','Phosphorus','P','%',85,'1d732269-5ba6-4e29-a127-da0a2b6fa54f'),('f3a4703f-01eb-4174-aa2b-cb58017342c3','Vitamin C','VITC','%',35,'dd51b859-f756-4e11-8be5-f6209bb068e8'),('f3e46dcd-865c-4f8a-af5d-180de5d1bda0','Sodium','NA','%',170,'fde67312-80de-43bd-8c1a-196393822bfc'),('f416ed91-2d5d-4fa1-b890-132c08ea1a8b','Potassium','K','%',259,'ce7c42d8-f557-42e1-8e53-d9925bcafd3b'),('f498ccf7-e873-46ee-a79f-305e06c559c3','Vitamin D','VITD','%',25,'dd24945a-27fb-47d8-994f-7470d8aaf38a'),('f4b0bb14-09b7-4e80-891f-6fdc090a4827','Carbs','CHOCDF','%',17,'f852a4dc-e20b-4a41-acd6-789db0813143'),('f4e5a437-88cd-486f-b84b-fe8d5e3a6961','Calcium','CA','%',70,'15b901f9-3232-4f6e-9664-a243c932fe32'),('f4f055d7-fa80-4bca-9e7e-fd0094a87484','Potassium','K','%',19,'4ddb632f-e9f1-4eed-a3bc-dc0984887e63'),('f500ef5c-2c7d-4a0a-8838-0b314795d6ee','Vitamin B12','VITB12','%',2,'ba62229e-0ab7-4b07-b4e8-de3b7d876f3b'),('f5373786-8cba-45f1-8867-08b918fb1b86','Vitamin K','VITK1','%',359,'85cb832a-a110-46ea-a7db-ccfcfbc883ab'),('f55f50c3-7209-4423-beec-3aaabd11e5f6','Calcium','CA','%',52,'b6807a17-f27c-42aa-a722-930084f8b211'),('f592213b-d35b-4409-a153-cb61b95b5f9d','Saturated','FASAT','%',8,'25c855c1-a417-4c89-8683-1485925a9870'),('f5cd6e81-e975-4a07-a74c-cda4d0504198','Iron','FE','%',308,'ce7c42d8-f557-42e1-8e53-d9925bcafd3b'),('f5e275be-0af0-4d8d-a8c5-39fb54e304a9','Magnesium','MG','%',14,'87c7f114-0945-4706-b90f-76de7818c35b'),('f5f029b1-25b3-483e-bac5-38b66a12073a','Cholesterol','CHOLE','%',126,'f5762675-fe7e-4f23-83da-e8f379b8fef7'),('f6942bad-55a9-4950-ab37-f766bb6d30f1','Fat','FAT','%',88,'b6807a17-f27c-42aa-a722-930084f8b211'),('f6c8416f-5f9e-4c74-b3e6-a0a282db3b69','Protein','PROCNT','%',61,'dd24945a-27fb-47d8-994f-7470d8aaf38a'),('f6f64cbb-0681-447a-bab1-bcec94399334','Fat','FAT','%',6,'25c855c1-a417-4c89-8683-1485925a9870'),('f6fac482-28e5-48a9-ac71-ebc7167f1f6e','Vitamin C','VITC','%',18,'87c7f114-0945-4706-b90f-76de7818c35b'),('f720d1c1-2087-4811-a0a1-ed4b3313aac6','Carbs','CHOCDF','%',82,'5bab4042-9684-4fae-ad3b-5f5de9350580'),('f735d190-12a1-4478-8a8e-dab4e163075d','Zinc','ZN','%',45,'a3b6891b-fad3-4c7a-9240-cbd0cb2fb132'),('f7806758-5a6e-4c43-ab1d-f20973d904d9','Vitamin D','VITD','%',1,'dcfd256e-b215-4d56-9502-9fd095113a11'),('f83dd99d-1a76-4c7c-b733-540207ab8e31','Magnesium','MG','%',75,'fd273271-21a1-43b1-b0bb-4e8c22c19b21'),('f863ee31-5821-4f66-ac07-811c2dc80d55','Vitamin D','VITD','%',0,'666a0b5b-90a1-427b-940e-9316d3b67ef8'),('f88c9f4c-4e1f-4c67-98fe-1e7afa928e04','Carbs','CHOCDF','%',31,'b4191208-a0a1-4ea3-a1ce-e6cdeca0af94'),('f8cdf8ad-e962-43b9-8d75-3409560a7d0d','Riboflavin (B2)','RIBF','%',63,'dd51b859-f756-4e11-8be5-f6209bb068e8'),('f8efed86-0e8b-488f-8a9b-8c324a3559e4','Phosphorus','P','%',69,'5bab4042-9684-4fae-ad3b-5f5de9350580'),('f93adb44-6cc5-4062-8682-638ee7729033','Folate equivalent (total)','FOLDFE','%',11,'dcfd256e-b215-4d56-9502-9fd095113a11'),('f97d2edc-4c5d-4f3b-8543-e410dcc09872','Zinc','ZN','%',13,'fcd030aa-35d1-4f31-95d6-f2bb0bd7c902'),('f97ec032-601f-434c-8f25-9284909fd250','Vitamin K','VITK1','%',632,'2e0c1573-6f3b-4c6b-90e4-5dff011b9673'),('f9ad821f-9477-4888-8139-ceef79246cb3','Magnesium','MG','%',75,'6570af5a-e811-45b8-a533-c4f06438e1ff'),('f9cd5c36-085e-4785-8ef9-5e784c379c58','Sodium','NA','%',62,'ba62229e-0ab7-4b07-b4e8-de3b7d876f3b'),('f9e1d43d-d344-4d8d-ab86-338aa63a3a23','Protein','PROCNT','%',52,'6570af5a-e811-45b8-a533-c4f06438e1ff'),('f9f35d41-6485-4d76-af47-b2970212e27e','Thiamin (B1)','THIA','%',2,'3cd3f061-f3bc-4042-84c6-bb5f13722996'),('f9f69672-e49f-4e8b-8835-a10dffbbcd1b','Vitamin C','VITC','%',0,'3107980b-9142-415e-9b29-b1ffe0e24119'),('fa4a36df-ded8-4148-a66b-b183fece2763','Vitamin E','TOCPHA','%',121,'fde67312-80de-43bd-8c1a-196393822bfc'),('fa70931a-cc77-4a44-a985-2e0909cc29f6','Calcium','CA','%',77,'1be483a2-eafd-4db8-bc19-f45b9efb8a3c'),('fab8761c-d9c2-4bf9-aab8-655fcbe99812','Zinc','ZN','%',79,'2e0c1573-6f3b-4c6b-90e4-5dff011b9673'),('fb05361e-8aed-4d69-af5f-3ebe4a410c1e','Vitamin C','VITC','%',97,'1d732269-5ba6-4e29-a127-da0a2b6fa54f'),('fb05d940-0976-44cf-a610-69fa59be2ed0','Saturated','FASAT','%',74,'b4191208-a0a1-4ea3-a1ce-e6cdeca0af94'),('fb81efb9-af61-4d24-91e7-8a68f613dacb','Folate equivalent (total)','FOLDFE','%',21,'35a89094-78da-4931-96cc-d5cbf0f5d6fb'),('fb85c871-2f4f-4f92-b804-0c04b273abd8','Vitamin B12','VITB12','%',27,'1be483a2-eafd-4db8-bc19-f45b9efb8a3c'),('fbd4332f-5a4c-4c86-94d3-ed37f29f86da','Vitamin E','TOCPHA','%',72,'1d732269-5ba6-4e29-a127-da0a2b6fa54f'),('fca6338e-70a4-4af9-950b-84537d88e47a','Thiamin (B1)','THIA','%',16,'87c7f114-0945-4706-b90f-76de7818c35b'),('fcde87b0-868d-455f-a122-c074eed098c7','Vitamin D','VITD','%',17,'1d732269-5ba6-4e29-a127-da0a2b6fa54f'),('fcf5e26f-4471-43c0-82eb-490d17d1e311','Phosphorus','P','%',137,'6c629135-2f44-49dd-bb25-0141b773a34e'),('fd1d9960-5fec-4866-bb2c-893b93d07d5b','Vitamin B6','VITB6A','%',325,'e89aaa1b-efd1-444b-a26d-76f2c8a70e12'),('fd2055c1-e5f2-4881-9383-6318aada2b8e','Energy','ENERC_KCAL','%',147,'dd51b859-f756-4e11-8be5-f6209bb068e8'),('fd49ee1e-7116-4649-92c9-55f51e821c52','Sodium','NA','%',372,'ce7c42d8-f557-42e1-8e53-d9925bcafd3b'),('fd50bd1f-1ccf-4ba1-942f-122557e6cc4a','Riboflavin (B2)','RIBF','%',57,'a3b6891b-fad3-4c7a-9240-cbd0cb2fb132'),('fd68a421-4057-4371-8386-861147ba69f8','Potassium','K','%',24,'dd51b859-f756-4e11-8be5-f6209bb068e8'),('fd795cc9-303b-4a5e-a273-8eab5807f3bf','Zinc','ZN','%',72,'4ddb632f-e9f1-4eed-a3bc-dc0984887e63'),('fd971637-4ed1-4032-8bfc-86e7464ef631','Cholesterol','CHOLE','%',374,'fed3dedf-43b3-4de5-9433-6028e601bcf1'),('fda252cf-a4b6-4905-8cfc-13f7a05b4026','Carbs','CHOCDF','%',149,'ba62229e-0ab7-4b07-b4e8-de3b7d876f3b'),('fdc809e5-28dd-47a8-b629-eca172915d56','Cholesterol','CHOLE','%',5,'893397cd-a91f-4f09-a179-7376cef82601'),('fe97b7e5-e9dc-4422-9d83-77458410399b','Calcium','CA','%',34,'a3e3c39d-34f8-42b7-9727-3711233f1bce'),('fea20796-da22-4d25-a649-364e42874648','Zinc','ZN','%',208,'e89aaa1b-efd1-444b-a26d-76f2c8a70e12'),('fea88008-6546-4bba-943e-929f84e70924','Riboflavin (B2)','RIBF','%',137,'1be483a2-eafd-4db8-bc19-f45b9efb8a3c'),('feaeb516-22d2-43c2-8cf6-91a3b390e63f','Cholesterol','CHOLE','%',140,'b4191208-a0a1-4ea3-a1ce-e6cdeca0af94'),('feb22b97-c307-4245-97b2-01bf370f9f47','Vitamin A','VITA_RAE','%',17,'e89aaa1b-efd1-444b-a26d-76f2c8a70e12'),('ff127bd4-e953-4803-987f-fe1705f51d8f','Phosphorus','P','%',194,'e89aaa1b-efd1-444b-a26d-76f2c8a70e12'),('ff419360-934e-4ea5-b5dc-beb3d8531c31','Fiber','FIBTG','%',220,'5bab4042-9684-4fae-ad3b-5f5de9350580'),('ffc6b1e0-a369-4d0e-95f5-e8bdacc8a9b7','Vitamin C','VITC','%',33,'2e0c1573-6f3b-4c6b-90e4-5dff011b9673'),('ffc8a397-c3da-4d66-aab3-34da98d381ad','Fiber','FIBTG','%',86,'ba62229e-0ab7-4b07-b4e8-de3b7d876f3b'),('ffea86f3-039e-4ebe-a176-6cba394cf126','Calcium','CA','%',22,'35a89094-78da-4931-96cc-d5cbf0f5d6fb');
/*!40000 ALTER TABLE `recipe_total_daily` ENABLE KEYS */;
UNLOCK TABLES;

--
-- Table structure for table `recipe_total_nutrition`
--

DROP TABLE IF EXISTS `recipe_total_nutrition`;
/*!40101 SET @saved_cs_client     = @@character_set_client */;
/*!50503 SET character_set_client = utf8mb4 */;
CREATE TABLE `recipe_total_nutrition` (
  `id` varchar(36) NOT NULL,
  `label` varchar(255) NOT NULL,
  `quantity` int NOT NULL,
  `unit` varchar(255) NOT NULL,
  `code` varchar(255) NOT NULL,
  `recipeId` varchar(36) DEFAULT NULL,
  PRIMARY KEY (`id`),
  KEY `FK_46976ae35e71554ae3beea13c4b` (`recipeId`),
  CONSTRAINT `FK_46976ae35e71554ae3beea13c4b` FOREIGN KEY (`recipeId`) REFERENCES `recipes` (`id`) ON DELETE CASCADE ON UPDATE CASCADE
) ENGINE=InnoDB DEFAULT CHARSET=utf8mb4 COLLATE=utf8mb4_0900_ai_ci;
/*!40101 SET character_set_client = @saved_cs_client */;

--
-- Dumping data for table `recipe_total_nutrition`
--

LOCK TABLES `recipe_total_nutrition` WRITE;
/*!40000 ALTER TABLE `recipe_total_nutrition` DISABLE KEYS */;
INSERT INTO `recipe_total_nutrition` VALUES ('004d9a4d-8d74-42d5-9dc2-96cab64c4529','Fatty acids, total trans',5,'g','FATRN','35a89094-78da-4931-96cc-d5cbf0f5d6fb'),('00751eeb-0bbb-4169-8fdd-eaea32b3a0ab','Fatty acids, total monounsaturated',34,'g','FAMS','893397cd-a91f-4f09-a179-7376cef82601'),('00806d5f-5df8-4682-a706-22b3eed9e7f0','Sugars, total',33,'g','SUGAR','f852a4dc-e20b-4a41-acd6-789db0813143'),('00808593-6c49-4f7d-b511-5e348ca077eb','Vitamin D (D2 + D3)',4,'µg','VITD','dd24945a-27fb-47d8-994f-7470d8aaf38a'),('00c2de1b-5671-49ee-9a19-2344cc19df08','Vitamin C, total ascorbic acid',652,'mg','VITC','5bab4042-9684-4fae-ad3b-5f5de9350580'),('00f11611-1247-497f-be8b-d37b21c6cde3','Niacin',1,'mg','NIA','15b901f9-3232-4f6e-9664-a243c932fe32'),('0109441f-c43e-4440-903e-5f87b166fb70','Total lipid (fat)',43,'g','FAT','f852a4dc-e20b-4a41-acd6-789db0813143'),('010bc71d-a5e9-4b8c-8384-45fff5a948d5','Vitamin C, total ascorbic acid',226,'mg','VITC','fde67312-80de-43bd-8c1a-196393822bfc'),('013410f6-b5f8-49b0-b44e-1eb84f97b0aa','Vitamin E (alpha-tocopherol)',2,'mg','TOCPHA','dd24945a-27fb-47d8-994f-7470d8aaf38a'),('01e88084-554c-4aae-bb85-afc857f56e60','Sodium, Na',712,'mg','NA','3cd3f061-f3bc-4042-84c6-bb5f13722996'),('023c8c54-cfa5-4a92-9e52-de6e947833ea','Phosphorus, P',1130,'mg','P','35a89094-78da-4931-96cc-d5cbf0f5d6fb'),('02600190-170c-46d8-a3b0-0182369bbff2','Vitamin A, RAE',1206,'µg','VITA_RAE','6570af5a-e811-45b8-a533-c4f06438e1ff'),('026cbca7-63d4-48a3-bf2d-d8a18e9434e8','Vitamin B-6',1,'mg','VITB6A','dcfd256e-b215-4d56-9502-9fd095113a11'),('028b45d8-0933-400b-9a90-9bc557e8c276','Calcium, Ca',224,'mg','CA','35a89094-78da-4931-96cc-d5cbf0f5d6fb'),('02e70b50-a38f-42cb-8021-5e2e3022771c','Fatty acids, total polyunsaturated',5,'g','FAPU','b4191208-a0a1-4ea3-a1ce-e6cdeca0af94'),('02f5deaf-15f1-4c75-9214-988a7addd775','Vitamin C, total ascorbic acid',32,'mg','VITC','dd51b859-f756-4e11-8be5-f6209bb068e8'),('0391d50a-64b9-45c5-bfed-98f451c044f7','Carbohydrate, by difference',275,'g','CHOCDF','f3248d19-b91e-46da-b3ab-8735aac7c391'),('03c92814-26f2-4e6e-9c96-221f3374fd62','Thiamin',0,'mg','THIA','f5762675-fe7e-4f23-83da-e8f379b8fef7'),('04d47c34-dd9a-4447-903b-1804bb020ac5','Thiamin',0,'mg','THIA','b6807a17-f27c-42aa-a722-930084f8b211'),('04d59754-c1c9-42c1-901b-0ff784b01ff8','Niacin',6,'mg','NIA','f5762675-fe7e-4f23-83da-e8f379b8fef7'),('050dd393-76af-439a-b21a-34198aaac5d0','Magnesium, Mg',109,'mg','MG','e89aaa1b-efd1-444b-a26d-76f2c8a70e12'),('05608594-02d3-48fb-976a-f037e8e9482d','Vitamin E (alpha-tocopherol)',18,'mg','TOCPHA','fd273271-21a1-43b1-b0bb-4e8c22c19b21'),('056f541f-9d48-4e92-b986-a84feeb5a753','Fatty acids, total trans',0,'g','FATRN','87c7f114-0945-4706-b90f-76de7818c35b'),('05e2e7f5-8b0d-4c2b-9d92-e9b77f6548ee','Protein',179,'g','PROCNT','ce7c42d8-f557-42e1-8e53-d9925bcafd3b'),('05f77a0e-d987-47f8-be86-8efb68db9bf4','Energy',2637,'kcal','ENERC_KCAL','e89aaa1b-efd1-444b-a26d-76f2c8a70e12'),('062809c9-4143-44fd-8b58-a74382390b42','Vitamin D (D2 + D3)',1,'µg','VITD','4ddb632f-e9f1-4eed-a3bc-dc0984887e63'),('06576595-fe65-4a08-9b67-1d50fd45bbf5','Total lipid (fat)',52,'g','FAT','ba62229e-0ab7-4b07-b4e8-de3b7d876f3b'),('0692630c-59ba-4fd0-a603-ace6728022db','Potassium, K',706,'mg','K','b6807a17-f27c-42aa-a722-930084f8b211'),('06a15743-138a-4dc7-ab85-02f6e23b48fa','Folate, DFE',77,'µg','FOLDFE','fcd030aa-35d1-4f31-95d6-f2bb0bd7c902'),('070276fc-3f23-4eb9-89cc-c097805c6012','Vitamin B-6',0,'mg','VITB6A','dd24945a-27fb-47d8-994f-7470d8aaf38a'),('07eb9ef3-b747-4649-b425-8a1dfff89cc4','Vitamin D (D2 + D3)',5,'µg','VITD','15b901f9-3232-4f6e-9664-a243c932fe32'),('0854c56e-1c76-41b3-96e3-f9aa5ca0a7e1','Vitamin D (D2 + D3)',2,'µg','VITD','1be483a2-eafd-4db8-bc19-f45b9efb8a3c'),('08686a72-7cc3-487a-be68-ff7d891810e0','Vitamin A, RAE',320,'µg','VITA_RAE','25c855c1-a417-4c89-8683-1485925a9870'),('089a4911-804a-40d4-a478-d21bea2de04d','Niacin',40,'mg','NIA','fd273271-21a1-43b1-b0bb-4e8c22c19b21'),('08d3abec-2344-41ed-8521-f87662a495aa','Folate, DFE',137,'µg','FOLDFE','f852a4dc-e20b-4a41-acd6-789db0813143'),('08fa02a8-9cd0-41ef-8db3-19b57271c83f','Folate, food',285,'µg','FOLFD','6570af5a-e811-45b8-a533-c4f06438e1ff'),('092ca7e6-1d31-4bda-8400-cba84da75f6d','Thiamin',3,'mg','THIA','d1466bc9-050b-425e-ad8e-af0675f32354'),('0941e049-40ae-499e-826e-e4c743aed9fb','Fiber, total dietary',45,'g','FIBTG','1ea1dea2-4aa0-4f76-9f5b-eb832e515554'),('09674b4b-ed2f-4942-aff5-335b35a38380','Vitamin C, total ascorbic acid',0,'mg','VITC','d1466bc9-050b-425e-ad8e-af0675f32354'),('099e24a9-bd6d-4351-9643-f7d543136ee2','Vitamin A, RAE',1617,'µg','VITA_RAE','85cb832a-a110-46ea-a7db-ccfcfbc883ab'),('0a119f5c-99b9-443e-b362-2c8af4362a1b','Sugars, total',25,'g','SUGAR','1d732269-5ba6-4e29-a127-da0a2b6fa54f'),('0a6b6b08-fce8-4a1f-8a75-f100e405291c','Niacin',3,'mg','NIA','666a0b5b-90a1-427b-940e-9316d3b67ef8'),('0a7a6cf6-b4c9-426e-8bfc-c26c0266db55','Vitamin A, RAE',81,'µg','VITA_RAE','fd273271-21a1-43b1-b0bb-4e8c22c19b21'),('0aa67d6b-3b3c-423e-ac87-e3fe250ebff1','Protein',144,'g','PROCNT','e89aaa1b-efd1-444b-a26d-76f2c8a70e12'),('0ac56dfb-3d70-4f56-949b-4f6bdec2fc41','Fatty acids, total polyunsaturated',10,'g','FAPU','ba62229e-0ab7-4b07-b4e8-de3b7d876f3b'),('0ad2d1ca-53f6-4af3-8c35-f6e7206b0427','Vitamin B-6',0,'mg','VITB6A','30386c99-cc37-49c8-8110-7eabf566410c'),('0affaa6c-ec11-405e-9441-f0faaab75ae9','Vitamin E (alpha-tocopherol)',2,'mg','TOCPHA','b4191208-a0a1-4ea3-a1ce-e6cdeca0af94'),('0b131526-3cb7-4ac2-ab14-6f763b3325b0','Folate, food',85,'µg','FOLFD','fd273271-21a1-43b1-b0bb-4e8c22c19b21'),('0b66d2b6-3886-4320-bfa4-17ac5891af5c','Folate, DFE',150,'µg','FOLDFE','f3248d19-b91e-46da-b3ab-8735aac7c391'),('0b89c86a-ff73-4974-bd1e-9f8af47bdd13','Vitamin C, total ascorbic acid',82,'mg','VITC','666a0b5b-90a1-427b-940e-9316d3b67ef8'),('0bacc133-a450-44b9-87b4-98874dd16106','Energy',897,'kcal','ENERC_KCAL','30386c99-cc37-49c8-8110-7eabf566410c'),('0bd1507c-152d-48c7-81be-393662b9ab4f','Energy',2407,'kcal','ENERC_KCAL','1be483a2-eafd-4db8-bc19-f45b9efb8a3c'),('0be742bf-b595-440b-bebc-d97aa66ca007','Sodium, Na',7345,'mg','NA','fed3dedf-43b3-4de5-9433-6028e601bcf1'),('0c7a17a3-d8b6-47fa-8a92-0e19d6f228dc','Vitamin C, total ascorbic acid',0,'mg','VITC','ba62229e-0ab7-4b07-b4e8-de3b7d876f3b'),('0c92b5e3-bf8f-4f81-8efa-f665cbc1d488','Zinc, Zn',4,'mg','ZN','5bab4042-9684-4fae-ad3b-5f5de9350580'),('0c96df85-7362-4db5-a8a7-9a4d7d76b212','Riboflavin',1,'mg','RIBF','15b901f9-3232-4f6e-9664-a243c932fe32'),('0ca8e7e6-bb8b-4441-a033-fd5a4fdfbd26','Protein',38,'g','PROCNT','a3b6891b-fad3-4c7a-9240-cbd0cb2fb132'),('0d02bd58-608d-477d-b6d5-0da5881497c0','Niacin',11,'mg','NIA','a3b6891b-fad3-4c7a-9240-cbd0cb2fb132'),('0d0eeeca-8136-44a3-a993-3bda5ef5b37a','Vitamin A, RAE',0,'µg','VITA_RAE','30386c99-cc37-49c8-8110-7eabf566410c'),('0d67da6a-3cc7-41cd-82da-7d237f3b0899','Folate, food',47,'µg','FOLFD','30386c99-cc37-49c8-8110-7eabf566410c'),('0dc0c2a4-9481-4d85-9834-206f8fb32a59','Folate, DFE',1999,'µg','FOLDFE','893397cd-a91f-4f09-a179-7376cef82601'),('0e184663-5b4e-4b42-a4bd-cd9123bf9324','Folic acid',0,'µg','FOLAC','dd51b859-f756-4e11-8be5-f6209bb068e8'),('0e2a8515-90a9-4a8f-b2f5-11283294aaa7','Riboflavin',0,'mg','RIBF','666a0b5b-90a1-427b-940e-9316d3b67ef8'),('0e5bf79a-b498-429f-a106-28344a231765','Calcium, Ca',1554,'mg','CA','dd51b859-f756-4e11-8be5-f6209bb068e8'),('0e6c9ec5-ee91-45ad-a3c9-844f56d284da','Energy',680,'kcal','ENERC_KCAL','fcd030aa-35d1-4f31-95d6-f2bb0bd7c902'),('0e7592e8-6f8d-4cac-bd97-e2f152318aca','Fatty acids, total polyunsaturated',7,'g','FAPU','1ea1dea2-4aa0-4f76-9f5b-eb832e515554'),('0e8fecdb-a1d3-4929-9cca-ecb04847ea67','Carbohydrate, by difference',258,'g','CHOCDF','85cb832a-a110-46ea-a7db-ccfcfbc883ab'),('0e9f3087-73b6-4c27-a3a0-1ed574b407dd','Total lipid (fat)',57,'g','FAT','b6807a17-f27c-42aa-a722-930084f8b211'),('0eb2d92c-1066-4fff-979d-e62cd49ee737','Vitamin B-6',1,'mg','VITB6A','6570af5a-e811-45b8-a533-c4f06438e1ff'),('0ebeaeec-30fe-42fa-a99f-b54bc95991f9','Vitamin B-12',0,'µg','VITB12','ba62229e-0ab7-4b07-b4e8-de3b7d876f3b'),('0ebfa8e7-460c-46c8-bb8f-da8d0eacce1c','Zinc, Zn',20,'mg','ZN','35a89094-78da-4931-96cc-d5cbf0f5d6fb'),('0ec5e28e-a834-47df-830b-b43278413a53','Thiamin',0,'mg','THIA','fd273271-21a1-43b1-b0bb-4e8c22c19b21'),('0efc710d-c106-4ca6-ad98-e19b5ad8427f','Phosphorus, P',229,'mg','P','25c855c1-a417-4c89-8683-1485925a9870'),('0f0d99d9-9bb9-4648-8537-5a1d7275ed2e','Folate, food',851,'µg','FOLFD','5bab4042-9684-4fae-ad3b-5f5de9350580'),('0f26899f-9d73-47a7-bbd4-95d7c7e7f6a9','Phosphorus, P',598,'mg','P','b4191208-a0a1-4ea3-a1ce-e6cdeca0af94'),('0fbddc89-2b67-47a4-8124-cd08a1717c81','Vitamin B-12',2,'µg','VITB12','fd273271-21a1-43b1-b0bb-4e8c22c19b21'),('0ffa803f-9811-4bf6-bff0-22a963ed6c61','Carbohydrate, by difference',270,'g','CHOCDF','dd51b859-f756-4e11-8be5-f6209bb068e8'),('102a3faa-342b-48f3-b226-9252f9a7120f','Vitamin K (phylloquinone)',9,'µg','VITK1','1be483a2-eafd-4db8-bc19-f45b9efb8a3c'),('1087b034-8e31-4500-930b-76edb760473a','Protein',10,'g','PROCNT','25c855c1-a417-4c89-8683-1485925a9870'),('1112816a-77f2-43b7-9497-ccbfda673c2a','Fatty acids, total trans',0,'g','FATRN','ba62229e-0ab7-4b07-b4e8-de3b7d876f3b'),('1146577e-de0e-4537-9837-c2a23ff06c3c','Vitamin K (phylloquinone)',85,'µg','VITK1','d1466bc9-050b-425e-ad8e-af0675f32354'),('11530183-6b2f-4e1a-8f16-8ee3cb1350fe','Vitamin A, RAE',39,'µg','VITA_RAE','666a0b5b-90a1-427b-940e-9316d3b67ef8'),('116103e1-3765-4cfb-8a88-510b24452db4','Vitamin E (alpha-tocopherol)',14,'mg','TOCPHA','85cb832a-a110-46ea-a7db-ccfcfbc883ab'),('11ace8a1-0708-432e-8a04-e0ac1da56463','Fatty acids, total polyunsaturated',3,'g','FAPU','97a5aba6-9d39-47da-b4a9-9e75d92d7e01'),('120e2a53-3408-42aa-9553-321c56d3ea28','Folate, food',161,'µg','FOLFD','ba62229e-0ab7-4b07-b4e8-de3b7d876f3b'),('126c8d49-37a4-411c-b59f-b410001c57c7','Fatty acids, total monounsaturated',46,'g','FAMS','dd51b859-f756-4e11-8be5-f6209bb068e8'),('12779e12-6567-4571-afe2-5dcc720afbf8','Protein',52,'g','PROCNT','1d732269-5ba6-4e29-a127-da0a2b6fa54f'),('12ed3e7e-4ce7-4c2f-8b18-3d62d9a0c87c','Vitamin B-12',0,'µg','VITB12','25c855c1-a417-4c89-8683-1485925a9870'),('1359fb09-3ef6-4b70-b3e3-674dd3e366e0','Fatty acids, total monounsaturated',33,'g','FAMS','ce7c42d8-f557-42e1-8e53-d9925bcafd3b'),('137492d0-1d7f-4b98-b303-0d1a67375aea','Iron, Fe',9,'mg','FE','6c629135-2f44-49dd-bb25-0141b773a34e'),('138ee8d6-da0c-4397-a2d3-743dbd93cc13','Fatty acids, total monounsaturated',41,'g','FAMS','35a89094-78da-4931-96cc-d5cbf0f5d6fb'),('1443270d-8855-4fcd-89f2-97f45a318034','Folate, DFE',8,'µg','FOLDFE','3cd3f061-f3bc-4042-84c6-bb5f13722996'),('14ed6f8f-9dbf-4e06-976d-ffca80e822f2','Water',699,'g','WATER','fed3dedf-43b3-4de5-9433-6028e601bcf1'),('150e405f-a97e-4f8a-ab29-3ca3c56b51a8','Magnesium, Mg',135,'mg','MG','1d732269-5ba6-4e29-a127-da0a2b6fa54f'),('151aa9cb-0dd4-4655-beaf-093132c95ffe','Cholesterol',342,'mg','CHOLE','1ea1dea2-4aa0-4f76-9f5b-eb832e515554'),('151ddd62-6845-40d3-afd6-17db2cc709ee','Vitamin D (D2 + D3)',0,'µg','VITD','ce7c42d8-f557-42e1-8e53-d9925bcafd3b'),('158da08d-390c-4d09-904b-6ceb2f5d4e74','Phosphorus, P',1381,'mg','P','d1466bc9-050b-425e-ad8e-af0675f32354'),('15980095-2836-4943-8c8b-6628996fe12c','Water',167,'g','WATER','30386c99-cc37-49c8-8110-7eabf566410c'),('15a016e5-0676-4287-9fb2-462638d2055b','Carbohydrate, by difference',16,'g','CHOCDF','fd273271-21a1-43b1-b0bb-4e8c22c19b21'),('15f48fef-d538-4629-b5d1-6112e1cc6ee4','Vitamin K (phylloquinone)',78,'µg','VITK1','f852a4dc-e20b-4a41-acd6-789db0813143'),('16041cee-d5b8-46eb-9def-470b5e011208','Carbohydrate, by difference',68,'g','CHOCDF','15b901f9-3232-4f6e-9664-a243c932fe32'),('161aea25-a476-40b7-b4a7-aee0f1f7d002','Water',362,'g','WATER','a3e3c39d-34f8-42b7-9727-3711233f1bce'),('164fe892-b45e-49ab-b05e-a5113d60f2b7','Protein',31,'g','PROCNT','dd24945a-27fb-47d8-994f-7470d8aaf38a'),('16812d14-8d37-4d24-a74d-1f9013e14f9e','Cholesterol',379,'mg','CHOLE','f5762675-fe7e-4f23-83da-e8f379b8fef7'),('16fa9dfd-7387-47cf-9770-9ab7cf6ef7e0','Energy',2481,'kcal','ENERC_KCAL','893397cd-a91f-4f09-a179-7376cef82601'),('1750e1a0-4e22-45bf-bea7-9112bd84691b','Sugars, total',6,'g','SUGAR','f5762675-fe7e-4f23-83da-e8f379b8fef7'),('176d2f8d-31db-4cbf-b202-52e5358b0c43','Riboflavin',0,'mg','RIBF','dcfd256e-b215-4d56-9502-9fd095113a11'),('177df5db-90e9-44b2-99e1-4c30cf9ffbdc','Folate, DFE',893,'µg','FOLDFE','85cb832a-a110-46ea-a7db-ccfcfbc883ab'),('17829e07-e740-4dae-bc24-82e4540dff05','Sodium, Na',479,'mg','NA','6c629135-2f44-49dd-bb25-0141b773a34e'),('17943dcc-01a2-4e6a-b6f6-51c666c135ba','Vitamin C, total ascorbic acid',29,'mg','VITC','2e0c1573-6f3b-4c6b-90e4-5dff011b9673'),('17d2966a-392a-4b3c-8123-824c101b0ca4','Vitamin B-12',3,'µg','VITB12','fed3dedf-43b3-4de5-9433-6028e601bcf1'),('17eb9c59-4d65-4f39-b5cf-ccce7f817a9e','Cholesterol',504,'mg','CHOLE','dd51b859-f756-4e11-8be5-f6209bb068e8'),('18164549-1a08-4612-a317-2371cae1e568','Iron, Fe',37,'mg','FE','893397cd-a91f-4f09-a179-7376cef82601'),('186b6afa-a762-4719-95c1-25be746b19a4','Iron, Fe',5,'mg','FE','4ddb632f-e9f1-4eed-a3bc-dc0984887e63'),('18ef5b73-2663-47fc-b260-a170141f50e5','Vitamin D (D2 + D3)',0,'µg','VITD','dcfd256e-b215-4d56-9502-9fd095113a11'),('1920fc52-57ca-4309-8e9b-d165e8500f1f','Sugars, added',281,'g','SUGAR.added','ba62229e-0ab7-4b07-b4e8-de3b7d876f3b'),('1921a8d5-3b60-4c40-966c-ca03680b6165','Total lipid (fat)',4,'g','FAT','25c855c1-a417-4c89-8683-1485925a9870'),('1927a434-023c-405a-ab3e-981ecaa92e4c','Potassium, K',671,'mg','K','1be483a2-eafd-4db8-bc19-f45b9efb8a3c'),('1934b841-81c5-4572-844b-f5a38bb8094a','Thiamin',1,'mg','THIA','b4191208-a0a1-4ea3-a1ce-e6cdeca0af94'),('19473606-62d0-49e5-afbc-d3f07e89fae2','Vitamin D (D2 + D3)',2,'µg','VITD','f5762675-fe7e-4f23-83da-e8f379b8fef7'),('19718f44-a387-4cdd-aaeb-0b10187a4e04','Phosphorus, P',1561,'mg','P','dd51b859-f756-4e11-8be5-f6209bb068e8'),('198d27d0-f5c5-4ddd-8484-85a14f62c5bf','Carbohydrate, by difference',259,'g','CHOCDF','4ddb632f-e9f1-4eed-a3bc-dc0984887e63'),('19b2c35a-8b06-4210-a621-bd3c1b5845df','Riboflavin',1,'mg','RIBF','4ddb632f-e9f1-4eed-a3bc-dc0984887e63'),('19c662f1-5eb7-4681-ac26-fa852ce5c640','Iron, Fe',7,'mg','FE','fd273271-21a1-43b1-b0bb-4e8c22c19b21'),('1a307b34-2a5a-4ab0-8ee8-ec5705b20421','Thiamin',0,'mg','THIA','3cd3f061-f3bc-4042-84c6-bb5f13722996'),('1a320949-d800-4cd5-8f51-83dd59f4a52e','Folate, food',150,'µg','FOLFD','f3248d19-b91e-46da-b3ab-8735aac7c391'),('1a62ed15-025f-4916-9856-ca0fa8285a75','Zinc, Zn',16,'mg','ZN','fed3dedf-43b3-4de5-9433-6028e601bcf1'),('1ae48fd4-c111-4f68-a4c4-deece5c57ad0','Vitamin D (D2 + D3)',4,'µg','VITD','3107980b-9142-415e-9b29-b1ffe0e24119'),('1ae6c7bb-6b41-4f33-8756-04618b7ea3bc','Niacin',17,'mg','NIA','1ea1dea2-4aa0-4f76-9f5b-eb832e515554'),('1b179041-868b-4032-99e6-3fdb02e86891','Protein',65,'g','PROCNT','e60e7c73-32ac-4170-916e-6a8a0733070c'),('1b483239-a47f-4c8b-ae72-55c86a41ad5a','Thiamin',1,'mg','THIA','a3b6891b-fad3-4c7a-9240-cbd0cb2fb132'),('1bc83150-2f3a-4989-b307-f7498af85e52','Energy',2949,'kcal','ENERC_KCAL','dd51b859-f756-4e11-8be5-f6209bb068e8'),('1bd2bd9c-6423-43bf-ad20-8c155aca8e2f','Niacin',2,'mg','NIA','97a5aba6-9d39-47da-b4a9-9e75d92d7e01'),('1c701007-a70f-4017-9bc4-c287f4e86820','Fatty acids, total trans',4,'g','FATRN','1ea1dea2-4aa0-4f76-9f5b-eb832e515554'),('1c9443b5-3f97-4922-879d-b74235ce06cc','Folate, food',133,'µg','FOLFD','2e0c1573-6f3b-4c6b-90e4-5dff011b9673'),('1cc73f6c-0f18-449b-bb89-b9f69de96f8c','Phosphorus, P',1255,'mg','P','2e0c1573-6f3b-4c6b-90e4-5dff011b9673'),('1ccfcfcf-f446-4af2-96b2-46d19567965b','Vitamin E (alpha-tocopherol)',0,'mg','TOCPHA','30386c99-cc37-49c8-8110-7eabf566410c'),('1d2aae12-9030-4e7f-bf36-70c52a514379','Vitamin B-6',0,'mg','VITB6A','ba62229e-0ab7-4b07-b4e8-de3b7d876f3b'),('1ddaf412-466e-432b-b8a7-c2ee2394bfbc','Fatty acids, total monounsaturated',137,'g','FAMS','e89aaa1b-efd1-444b-a26d-76f2c8a70e12'),('1de452ee-a908-49aa-bdee-ed96da83d7fd','Total lipid (fat)',20,'g','FAT','3107980b-9142-415e-9b29-b1ffe0e24119'),('1ea483dc-4c39-4e1f-b4aa-3d4b9cacf5b5','Phosphorus, P',1433,'mg','P','4ddb632f-e9f1-4eed-a3bc-dc0984887e63'),('1eaee719-d590-4ec0-9261-ead53197eb53','Fatty acids, total polyunsaturated',4,'g','FAPU','6c629135-2f44-49dd-bb25-0141b773a34e'),('1eec7d23-5bb1-4dd1-9299-098c8b51b7b2','Carbohydrate, by difference',209,'g','CHOCDF','dd24945a-27fb-47d8-994f-7470d8aaf38a'),('1effe7bb-fddc-45a9-b47c-b418bd799ec9','Total lipid (fat)',204,'g','FAT','a3e3c39d-34f8-42b7-9727-3711233f1bce'),('1f040046-9fab-4f05-8553-b6786f67af06','Folic acid',0,'µg','FOLAC','4ddb632f-e9f1-4eed-a3bc-dc0984887e63'),('1f1eca28-cdd4-4542-a4f8-95d1361b29ba','Sodium, Na',1804,'mg','NA','dd51b859-f756-4e11-8be5-f6209bb068e8'),('1f447ebe-6361-4d8d-936a-11fcdbe7c758','Fatty acids, total monounsaturated',32,'g','FAMS','ba62229e-0ab7-4b07-b4e8-de3b7d876f3b'),('206a7640-37b6-48f9-a387-cdbdfddcf322','Zinc, Zn',7,'mg','ZN','6570af5a-e811-45b8-a533-c4f06438e1ff'),('2070105d-3900-4fb9-ad2c-7177ef7e31ad','Total lipid (fat)',169,'g','FAT','dd51b859-f756-4e11-8be5-f6209bb068e8'),('208dbfea-c9b7-4b51-9d38-2dd95568e084','Water',74,'g','WATER','f5762675-fe7e-4f23-83da-e8f379b8fef7'),('20b291cd-b6f9-4ec8-b127-c4de24d7b3af','Energy',512,'kcal','ENERC_KCAL','15b901f9-3232-4f6e-9664-a243c932fe32'),('21358f97-3e18-4762-bfb0-b32d012739fd','Thiamin',0,'mg','THIA','dcfd256e-b215-4d56-9502-9fd095113a11'),('21874f9a-d2f6-4e66-93b7-46c5054a59a3','Fatty acids, total trans',0,'g','FATRN','893397cd-a91f-4f09-a179-7376cef82601'),('22691f40-56a6-43ff-8522-5e35be4ca636','Total lipid (fat)',126,'g','FAT','1d732269-5ba6-4e29-a127-da0a2b6fa54f'),('22800e7e-d502-43fa-a1a5-70030272405a','Calcium, Ca',400,'mg','CA','5bab4042-9684-4fae-ad3b-5f5de9350580'),('22ab74c9-2e6b-42a5-b469-0c941d4552dd','Vitamin A, RAE',7,'µg','VITA_RAE','97a5aba6-9d39-47da-b4a9-9e75d92d7e01'),('22b43d86-ba67-4141-94a2-52282a65fc29','Folate, food',169,'µg','FOLFD','b4191208-a0a1-4ea3-a1ce-e6cdeca0af94'),('22c15fff-c70b-44c3-becf-cda44679e273','Carbohydrate, by difference',215,'g','CHOCDF','1ea1dea2-4aa0-4f76-9f5b-eb832e515554'),('231872fe-51da-45da-ae89-082690d08af0','Folate, food',42,'µg','FOLFD','dcfd256e-b215-4d56-9502-9fd095113a11'),('231b91a9-6416-417b-ab07-c41008c6825f','Protein',18,'g','PROCNT','15b901f9-3232-4f6e-9664-a243c932fe32'),('23a40c27-d796-463a-b9c8-13d98b972f5b','Vitamin E (alpha-tocopherol)',12,'mg','TOCPHA','a3b6891b-fad3-4c7a-9240-cbd0cb2fb132'),('23ae57b2-45d7-4f19-83e6-30949d5ef18f','Vitamin D (D2 + D3)',1,'µg','VITD','a3b6891b-fad3-4c7a-9240-cbd0cb2fb132'),('23c7da4e-4f19-4a04-8872-b85ad71541fb','Vitamin K (phylloquinone)',1418,'µg','VITK1','ce7c42d8-f557-42e1-8e53-d9925bcafd3b'),('23e2762f-c593-4f1e-9f36-a86f0cc3b4b7','Vitamin K (phylloquinone)',431,'µg','VITK1','85cb832a-a110-46ea-a7db-ccfcfbc883ab'),('240ecaab-e1da-4e06-b851-534fead37711','Folate, DFE',283,'µg','FOLDFE','e60e7c73-32ac-4170-916e-6a8a0733070c'),('242107d4-fc3e-42b0-b433-8ca65b3b9add','Fatty acids, total saturated',7,'g','FASAT','87c7f114-0945-4706-b90f-76de7818c35b'),('24241e6c-10d4-4002-a495-dda95847971a','Energy',1808,'kcal','ENERC_KCAL','6c629135-2f44-49dd-bb25-0141b773a34e'),('24891a3c-cf7b-412b-bf34-6ac9e3dc65dc','Sugars, added',12,'g','SUGAR.added','666a0b5b-90a1-427b-940e-9316d3b67ef8'),('24acd3e0-2226-4757-b77e-7ec457fac73c','Vitamin K (phylloquinone)',46,'µg','VITK1','fcd030aa-35d1-4f31-95d6-f2bb0bd7c902'),('24acf18d-ff96-459b-ad26-a820e3cf1b3c','Fiber, total dietary',64,'g','FIBTG','893397cd-a91f-4f09-a179-7376cef82601'),('24befa6b-3594-47f4-a6d5-9fc75ef4a429','Phosphorus, P',334,'mg','P','dcfd256e-b215-4d56-9502-9fd095113a11'),('24bfae16-1cad-48bd-bf46-abbc99fb7425','Fatty acids, total trans',0,'g','FATRN','ce7c42d8-f557-42e1-8e53-d9925bcafd3b'),('250fc986-6ca9-44f3-8c89-7e97a478d083','Cholesterol',1089,'mg','CHOLE','a3e3c39d-34f8-42b7-9727-3711233f1bce'),('2513dd58-87c2-4d00-bf92-a4ecf85a1eb2','Niacin',3,'mg','NIA','30386c99-cc37-49c8-8110-7eabf566410c'),('251b6144-31d2-4986-9f68-99a953ce1f6a','Magnesium, Mg',58,'mg','MG','3107980b-9142-415e-9b29-b1ffe0e24119'),('252d70ce-a8c0-4590-b392-ab1d97ced853','Iron, Fe',3,'mg','FE','fcd030aa-35d1-4f31-95d6-f2bb0bd7c902'),('253498af-0dfa-40bf-adae-74b6413a8e0d','Fatty acids, total trans',4,'g','FATRN','1be483a2-eafd-4db8-bc19-f45b9efb8a3c'),('25a6c978-2078-45a2-b5c7-a6485b6cc610','Riboflavin',1,'mg','RIBF','dd51b859-f756-4e11-8be5-f6209bb068e8'),('25ad751d-8055-42ff-bd58-c0ba6711b9e3','Vitamin A, RAE',23,'µg','VITA_RAE','35a89094-78da-4931-96cc-d5cbf0f5d6fb'),('26082a63-11fa-4026-b36d-8993cc229e28','Thiamin',0,'mg','THIA','dd51b859-f756-4e11-8be5-f6209bb068e8'),('261b218c-d553-4927-a80c-14ab5e9160d0','Iron, Fe',4,'mg','FE','b6807a17-f27c-42aa-a722-930084f8b211'),('263b92a6-9bac-4267-b066-ef925537e3b7','Vitamin B-6',2,'mg','VITB6A','e60e7c73-32ac-4170-916e-6a8a0733070c'),('269e2f5e-f302-4ac0-856d-4fffda28f6f7','Vitamin B-12',2,'µg','VITB12','a3e3c39d-34f8-42b7-9727-3711233f1bce'),('26f5ed19-7ff1-4515-b9f7-0a79e9a52a37','Folate, food',1999,'µg','FOLFD','893397cd-a91f-4f09-a179-7376cef82601'),('26f823ac-a0df-4cd9-9939-48a744617789','Water',2726,'g','WATER','ce7c42d8-f557-42e1-8e53-d9925bcafd3b'),('26f8e745-4a19-44d9-a3df-2db295157124','Zinc, Zn',4,'mg','ZN','b4191208-a0a1-4ea3-a1ce-e6cdeca0af94'),('278bf2ed-96fe-4b27-88df-a5b10aeb5799','Sodium, Na',1313,'mg','NA','666a0b5b-90a1-427b-940e-9316d3b67ef8'),('27ed0a7a-fa85-4a51-832d-8b3067d07271','Vitamin B-6',1,'mg','VITB6A','dd51b859-f756-4e11-8be5-f6209bb068e8'),('28565cb6-d76d-48b3-931d-7a8a54ad210b','Fiber, total dietary',2,'g','FIBTG','15b901f9-3232-4f6e-9664-a243c932fe32'),('28686b2b-639b-4f9b-b0e6-591f9b86db95','Zinc, Zn',11,'mg','ZN','d1466bc9-050b-425e-ad8e-af0675f32354'),('2900290b-30b9-4d55-b084-2ee17eee280b','Sugars, total',37,'g','SUGAR','666a0b5b-90a1-427b-940e-9316d3b67ef8'),('2914db9c-9600-4d50-9ac8-ae4448adbf58','Sodium, Na',4360,'mg','NA','893397cd-a91f-4f09-a179-7376cef82601'),('29260bf4-30c4-4c97-ac5a-246004fac47e','Total lipid (fat)',18,'g','FAT','97a5aba6-9d39-47da-b4a9-9e75d92d7e01'),('2929458c-bd0d-4fef-9cc3-6bd7d4014b19','Carbohydrate, by difference',451,'g','CHOCDF','fde67312-80de-43bd-8c1a-196393822bfc'),('2942dbaa-3968-41f5-83b1-720be4379f82','Folic acid',0,'µg','FOLAC','3107980b-9142-415e-9b29-b1ffe0e24119'),('29680bd1-c8ee-4570-871c-1eb8a3e2ea40','Folate, DFE',47,'µg','FOLDFE','30386c99-cc37-49c8-8110-7eabf566410c'),('2969724c-99d2-4e91-a499-0e9eccd535c9','Vitamin C, total ascorbic acid',88,'mg','VITC','85cb832a-a110-46ea-a7db-ccfcfbc883ab'),('29b33e8c-e760-4d95-b808-9469f0b5d7d1','Magnesium, Mg',226,'mg','MG','25c855c1-a417-4c89-8683-1485925a9870'),('29ce47a9-c3e6-4bb4-9ee1-af1aeee4608c','Energy',2379,'kcal','ENERC_KCAL','1ea1dea2-4aa0-4f76-9f5b-eb832e515554'),('29d2cd4b-ef62-44e9-9ae4-d600b1c807b0','Fatty acids, total monounsaturated',7,'g','FAMS','3107980b-9142-415e-9b29-b1ffe0e24119'),('29eec024-3725-4717-b4b1-90b15b428ec3','Vitamin B-12',2,'µg','VITB12','3107980b-9142-415e-9b29-b1ffe0e24119'),('2a06019e-b1da-4364-b60e-a5b5022d2293','Cholesterol',8,'mg','CHOLE','fcd030aa-35d1-4f31-95d6-f2bb0bd7c902'),('2a146698-9d3f-4451-b580-2915eb550ad4','Folate, food',69,'µg','FOLFD','6c629135-2f44-49dd-bb25-0141b773a34e'),('2a1b5ba8-91db-4494-b70d-8fa6fa5baef7','Phosphorus, P',1588,'mg','P','85cb832a-a110-46ea-a7db-ccfcfbc883ab'),('2a630e0f-2b1b-4bef-8e83-74a14f48fdce','Fiber, total dietary',13,'g','FIBTG','666a0b5b-90a1-427b-940e-9316d3b67ef8'),('2a91a454-ec0d-4ced-9dd0-5faff381802c','Fatty acids, total monounsaturated',117,'g','FAMS','d1466bc9-050b-425e-ad8e-af0675f32354'),('2a9d7abc-ef48-44e0-917a-fb029edc044b','Folate, food',8,'µg','FOLFD','3cd3f061-f3bc-4042-84c6-bb5f13722996'),('2ac7f782-0d1c-4829-b9c3-d1a38f36008b','Iron, Fe',10,'mg','FE','2e0c1573-6f3b-4c6b-90e4-5dff011b9673'),('2b38047b-adcb-436e-b981-5e243fee0b4a','Cholesterol',426,'mg','CHOLE','e89aaa1b-efd1-444b-a26d-76f2c8a70e12'),('2b78c389-0f75-44c0-bef7-ae8c9f0c0e54','Fatty acids, total saturated',2,'g','FASAT','fcd030aa-35d1-4f31-95d6-f2bb0bd7c902'),('2b7b7014-35df-40e8-a18e-22829617b198','Fiber, total dietary',5,'g','FIBTG','a3e3c39d-34f8-42b7-9727-3711233f1bce'),('2baeffaf-5766-47c1-a977-b247da5eadc7','Fatty acids, total monounsaturated',35,'g','FAMS','1be483a2-eafd-4db8-bc19-f45b9efb8a3c'),('2be95027-9b60-4faa-99dd-08b202336886','Vitamin B-6',1,'mg','VITB6A','d1466bc9-050b-425e-ad8e-af0675f32354'),('2bfe3fe3-5138-43d6-92f7-4a8d8bf61817','Iron, Fe',6,'mg','FE','5bab4042-9684-4fae-ad3b-5f5de9350580'),('2c024b71-cfca-4342-8299-d031a097c1ec','Fatty acids, total trans',0,'g','FATRN','1d732269-5ba6-4e29-a127-da0a2b6fa54f'),('2c679c91-9840-428c-b40f-6ebf72361591','Cholesterol',112,'mg','CHOLE','a3b6891b-fad3-4c7a-9240-cbd0cb2fb132'),('2c713681-b252-4bfb-8d93-19f7fe58c4e2','Vitamin C, total ascorbic acid',655,'mg','VITC','ce7c42d8-f557-42e1-8e53-d9925bcafd3b'),('2c7a7c1e-6c05-45c6-b7d0-5836682047f3','Calcium, Ca',2501,'mg','CA','1ea1dea2-4aa0-4f76-9f5b-eb832e515554'),('2c803f16-1dd4-424f-b371-bc081fbad093','Vitamin A, RAE',358,'µg','VITA_RAE','dd24945a-27fb-47d8-994f-7470d8aaf38a'),('2ca74c2d-7eba-4354-8189-760e1b6926c9','Magnesium, Mg',338,'mg','MG','30386c99-cc37-49c8-8110-7eabf566410c'),('2cdd05c4-19de-4d06-b8ee-00af1d2de354','Iron, Fe',50,'mg','FE','fed3dedf-43b3-4de5-9433-6028e601bcf1'),('2d18e7a3-b9bf-40f5-9769-e3e9f347be6f','Protein',162,'g','PROCNT','fed3dedf-43b3-4de5-9433-6028e601bcf1'),('2d18f803-450a-41dc-b9b4-6e97db3141de','Protein',7,'g','PROCNT','dcfd256e-b215-4d56-9502-9fd095113a11'),('2d4df353-6b3f-4f99-a576-b4e3d70f4bb2','Thiamin',1,'mg','THIA','e60e7c73-32ac-4170-916e-6a8a0733070c'),('2d58a951-8144-46be-af8a-11e1836644ee','Folate, DFE',69,'µg','FOLDFE','6c629135-2f44-49dd-bb25-0141b773a34e'),('2d624da9-319a-44db-9964-a6fc59d15013','Folate, food',43,'µg','FOLFD','b6807a17-f27c-42aa-a722-930084f8b211'),('2da2c496-0baa-4cd6-9cbd-4b9168250f1e','Sodium, Na',3116,'mg','NA','a3b6891b-fad3-4c7a-9240-cbd0cb2fb132'),('2dbd7084-2e67-40b9-9b63-94f7c122ac4b','Fatty acids, total trans',0,'g','FATRN','25c855c1-a417-4c89-8683-1485925a9870'),('2dcf040c-16c0-4199-9f9e-0105ea69d098','Vitamin E (alpha-tocopherol)',5,'mg','TOCPHA','dd51b859-f756-4e11-8be5-f6209bb068e8'),('2e0e8220-8b47-446d-bebc-bd35180a3e00','Vitamin C, total ascorbic acid',87,'mg','VITC','1d732269-5ba6-4e29-a127-da0a2b6fa54f'),('2e2e0317-3ece-4acc-904b-e8e977a88c7c','Cholesterol',322,'mg','CHOLE','35a89094-78da-4931-96cc-d5cbf0f5d6fb'),('2e967833-c465-4e65-8f4a-ce6ac22a7099','Zinc, Zn',13,'mg','ZN','85cb832a-a110-46ea-a7db-ccfcfbc883ab'),('2eaab8b9-9022-4f7c-a3da-4e37324c4441','Calcium, Ca',903,'mg','CA','6570af5a-e811-45b8-a533-c4f06438e1ff'),('2ec317b5-f4aa-4ec9-aaa5-963b3787b29b','Calcium, Ca',697,'mg','CA','15b901f9-3232-4f6e-9664-a243c932fe32'),('2ec95249-53ff-46df-bdb7-29d24a945ad5','Fatty acids, total monounsaturated',18,'g','FAMS','6570af5a-e811-45b8-a533-c4f06438e1ff'),('2ed98ac2-7fb2-4051-bb00-99d4df45c395','Water',1617,'g','WATER','1ea1dea2-4aa0-4f76-9f5b-eb832e515554'),('2ef67116-b709-498a-a8e8-fa9d65fd7b95','Vitamin B-6',0,'mg','VITB6A','f5762675-fe7e-4f23-83da-e8f379b8fef7'),('2f0a4506-54cc-4d53-91f5-bcf80c1d7b74','Magnesium, Mg',191,'mg','MG','666a0b5b-90a1-427b-940e-9316d3b67ef8'),('2f252795-b998-4ceb-8fc9-390d4bed6ea5','Iron, Fe',22,'mg','FE','85cb832a-a110-46ea-a7db-ccfcfbc883ab'),('2f26c483-20e1-4c7f-8b71-9b05191060a6','Folate, DFE',851,'µg','FOLDFE','5bab4042-9684-4fae-ad3b-5f5de9350580'),('2f48c3fa-9f1d-4734-bef0-0fe810f19a64','Cholesterol',372,'mg','CHOLE','d1466bc9-050b-425e-ad8e-af0675f32354'),('2f583989-27e2-474c-b21a-e85b7e319f0e','Vitamin B-6',1,'mg','VITB6A','1d732269-5ba6-4e29-a127-da0a2b6fa54f'),('2f795135-551f-4f61-a9b7-61fed17a76fc','Iron, Fe',11,'mg','FE','e60e7c73-32ac-4170-916e-6a8a0733070c'),('2fd3349e-6853-40aa-928e-3aba20c21114','Sugars, total',55,'g','SUGAR','35a89094-78da-4931-96cc-d5cbf0f5d6fb'),('307d0f9e-a844-4ff5-ab7e-84e23f483fd7','Vitamin C, total ascorbic acid',6,'mg','VITC','15b901f9-3232-4f6e-9664-a243c932fe32'),('308b9969-7564-40b4-a45a-65f5879ced56','Fatty acids, total saturated',123,'g','FASAT','a3e3c39d-34f8-42b7-9727-3711233f1bce'),('30971755-f8a3-4fd7-9d71-20fbf8c82a08','Folate, DFE',1020,'µg','FOLDFE','1ea1dea2-4aa0-4f76-9f5b-eb832e515554'),('30b2ddb0-642d-4ac5-ad40-207a1073de22','Vitamin E (alpha-tocopherol)',27,'mg','TOCPHA','5bab4042-9684-4fae-ad3b-5f5de9350580'),('30c10472-34c8-4bfd-a89f-caaf650d861f','Fatty acids, total saturated',6,'g','FASAT','3107980b-9142-415e-9b29-b1ffe0e24119'),('312e41dc-944b-4b7f-bb9a-e7795a24989c','Vitamin C, total ascorbic acid',18,'mg','VITC','fd273271-21a1-43b1-b0bb-4e8c22c19b21'),('313224a3-028f-4345-8c9f-01b559cbcb92','Carbohydrate, by difference',808,'g','CHOCDF','ce7c42d8-f557-42e1-8e53-d9925bcafd3b'),('317598cf-d8c4-4f75-9756-58409610af7a','Sugars, total',344,'g','SUGAR','ba62229e-0ab7-4b07-b4e8-de3b7d876f3b'),('31fe2927-9a10-42db-b96d-f08a56729ff7','Cholesterol',744,'mg','CHOLE','3107980b-9142-415e-9b29-b1ffe0e24119'),('329419bf-d5ad-4bf1-a08c-7d53425f536c','Fatty acids, total saturated',10,'g','FASAT','ce7c42d8-f557-42e1-8e53-d9925bcafd3b'),('32da2a7c-13d6-4de5-9bfa-e3fd71427f23','Fatty acids, total monounsaturated',9,'g','FAMS','b4191208-a0a1-4ea3-a1ce-e6cdeca0af94'),('32df7448-d42c-4557-b6ec-22e05c7864b0','Thiamin',3,'mg','THIA','85cb832a-a110-46ea-a7db-ccfcfbc883ab'),('32ecea58-0cdd-4731-a91d-192190352b17','Water',737,'g','WATER','a3b6891b-fad3-4c7a-9240-cbd0cb2fb132'),('32f4af57-e8c8-4d38-9e37-36235c30fa84','Calcium, Ca',1609,'mg','CA','2e0c1573-6f3b-4c6b-90e4-5dff011b9673'),('330ea5df-41c0-4b1d-90ff-4575033136d5','Folate, DFE',622,'µg','FOLDFE','1be483a2-eafd-4db8-bc19-f45b9efb8a3c'),('331608a3-34fe-489f-adda-d439f966538d','Sugars, total',0,'g','SUGAR','e89aaa1b-efd1-444b-a26d-76f2c8a70e12'),('334ab0ac-3a76-4587-887c-cb9f1f3ec560','Total lipid (fat)',97,'g','FAT','6c629135-2f44-49dd-bb25-0141b773a34e'),('33873a05-d9d5-4b53-8ee9-760945c3f307','Phosphorus, P',593,'mg','P','1d732269-5ba6-4e29-a127-da0a2b6fa54f'),('3412862c-e0b2-4c9f-9478-2c9b0be5197f','Potassium, K',2325,'mg','K','f852a4dc-e20b-4a41-acd6-789db0813143'),('343f246b-4fbb-4fd5-b239-9d7476bf0b07','Vitamin D (D2 + D3)',1,'µg','VITD','e89aaa1b-efd1-444b-a26d-76f2c8a70e12'),('3468a571-c971-45c2-8107-f4be710c5df3','Fatty acids, total polyunsaturated',5,'g','FAPU','f852a4dc-e20b-4a41-acd6-789db0813143'),('34e20b8f-82ce-419c-9cbc-74966990f411','Fiber, total dietary',7,'g','FIBTG','b4191208-a0a1-4ea3-a1ce-e6cdeca0af94'),('35636ac1-fb38-4523-a1cd-922b7a5acec1','Iron, Fe',3,'mg','FE','25c855c1-a417-4c89-8683-1485925a9870'),('359623ba-fc27-44d5-b9c5-95fbbc44a2db','Phosphorus, P',519,'mg','P','15b901f9-3232-4f6e-9664-a243c932fe32'),('36080119-6712-450a-99ce-5cdc4466d113','Sodium, Na',3630,'mg','NA','85cb832a-a110-46ea-a7db-ccfcfbc883ab'),('36352f3e-25ba-485a-b4e9-ec5503e89978','Vitamin B-12',3,'µg','VITB12','6c629135-2f44-49dd-bb25-0141b773a34e'),('36856f67-7798-4f25-9ea6-9a042fc4acb7','Energy',863,'kcal','ENERC_KCAL','6570af5a-e811-45b8-a533-c4f06438e1ff'),('36c2d33c-16a4-4e4c-a80c-006a345f9e50','Fatty acids, total polyunsaturated',29,'g','FAPU','ce7c42d8-f557-42e1-8e53-d9925bcafd3b'),('36c4ffd2-ac0c-4a7f-9868-7fe80d2ca175','Phosphorus, P',958,'mg','P','6c629135-2f44-49dd-bb25-0141b773a34e'),('36e18ef2-b8a6-42c0-afe4-129c1d1cde11','Vitamin D (D2 + D3)',0,'µg','VITD','666a0b5b-90a1-427b-940e-9316d3b67ef8'),('374f5c7b-1be7-4a99-b220-122cb1953c23','Folate, food',82,'µg','FOLFD','35a89094-78da-4931-96cc-d5cbf0f5d6fb'),('3770a0c4-b646-4a5c-ac7f-3469e668539a','Cholesterol',419,'mg','CHOLE','b4191208-a0a1-4ea3-a1ce-e6cdeca0af94'),('37fee342-2d3e-43af-b109-24129be98439','Sodium, Na',1790,'mg','NA','1be483a2-eafd-4db8-bc19-f45b9efb8a3c'),('383e2ea6-f592-4aae-96e8-36b8d1b74a56','Vitamin E (alpha-tocopherol)',1,'mg','TOCPHA','97a5aba6-9d39-47da-b4a9-9e75d92d7e01'),('3852089d-a387-4281-a708-8456580af2ab','Phosphorus, P',1355,'mg','P','e89aaa1b-efd1-444b-a26d-76f2c8a70e12'),('3866ffb0-da38-4ee3-b720-4db9948508ef','Riboflavin',1,'mg','RIBF','2e0c1573-6f3b-4c6b-90e4-5dff011b9673'),('388e1aa4-b89b-4558-8fbe-21fc827fa31f','Sugars, total',126,'g','SUGAR','ce7c42d8-f557-42e1-8e53-d9925bcafd3b'),('389f3743-5bc0-45db-999c-1084801d7c68','Riboflavin',40,'mg','RIBF','fde67312-80de-43bd-8c1a-196393822bfc'),('38d02268-b314-429f-8530-0c526c4a2c4c','Niacin',9,'mg','NIA','ba62229e-0ab7-4b07-b4e8-de3b7d876f3b'),('38f1197b-3501-4e04-84ea-596722948e48','Protein',12,'g','PROCNT','97a5aba6-9d39-47da-b4a9-9e75d92d7e01'),('396859cf-ca91-4e67-a86c-51e28b847f6d','Zinc, Zn',15,'mg','ZN','1ea1dea2-4aa0-4f76-9f5b-eb832e515554'),('3996c3c1-d6f8-406d-9b73-b65bf2c1b6f9','Vitamin E (alpha-tocopherol)',13,'mg','TOCPHA','f852a4dc-e20b-4a41-acd6-789db0813143'),('39efc31a-d360-4145-893f-40dc4ce74f0e','Sodium, Na',2573,'mg','NA','e89aaa1b-efd1-444b-a26d-76f2c8a70e12'),('39f121a8-1fbe-469c-a014-8e4ec39b88ec','Water',264,'g','WATER','3107980b-9142-415e-9b29-b1ffe0e24119'),('3a20c83a-1c60-4d6b-b8bc-11f3ca3ff0fb','Fatty acids, total polyunsaturated',120,'g','FAPU','f5762675-fe7e-4f23-83da-e8f379b8fef7'),('3a780d93-11cd-4821-a84b-b4f1a41e0367','Vitamin C, total ascorbic acid',15,'mg','VITC','3cd3f061-f3bc-4042-84c6-bb5f13722996'),('3a7be141-c99d-4616-86ae-d1da726fdd8e','Energy',1704,'kcal','ENERC_KCAL','dcfd256e-b215-4d56-9502-9fd095113a11'),('3a7c4944-8ba9-47f7-b4b5-0db5037dfb4a','Magnesium, Mg',581,'mg','MG','fde67312-80de-43bd-8c1a-196393822bfc'),('3aad85a8-6a3f-4df9-a9d5-b6502ed5d59a','Water',77,'g','WATER','4ddb632f-e9f1-4eed-a3bc-dc0984887e63'),('3ab0e4d0-afb3-4693-ab8d-9a82f49f6d24','Riboflavin',1,'mg','RIBF','dd24945a-27fb-47d8-994f-7470d8aaf38a'),('3b1a5215-9d84-4d12-993a-046a993d19af','Magnesium, Mg',132,'mg','MG','f852a4dc-e20b-4a41-acd6-789db0813143'),('3b2461e6-c9a1-40cd-a459-96d293a76f74','Magnesium, Mg',56,'mg','MG','f5762675-fe7e-4f23-83da-e8f379b8fef7'),('3b5201a8-f2d0-4526-b234-f83f53ef09f6','Fiber, total dietary',5,'g','FIBTG','2e0c1573-6f3b-4c6b-90e4-5dff011b9673'),('3bae958b-b4b2-4acb-9588-ca53f49a2c47','Fatty acids, total monounsaturated',9,'g','FAMS','97a5aba6-9d39-47da-b4a9-9e75d92d7e01'),('3bbb211b-441b-4049-97d9-83a5d7e19439','Carbohydrate, by difference',76,'g','CHOCDF','35a89094-78da-4931-96cc-d5cbf0f5d6fb'),('3c6b8ee8-d63c-450f-b58c-9db2b1fe3d1e','Water',176,'g','WATER','2e0c1573-6f3b-4c6b-90e4-5dff011b9673'),('3c9c44a6-bb1c-4f46-b184-00b7c8068803','Vitamin C, total ascorbic acid',22,'mg','VITC','fcd030aa-35d1-4f31-95d6-f2bb0bd7c902'),('3d178fde-218e-4ae7-93d3-11865d1b292d','Vitamin K (phylloquinone)',30,'µg','VITK1','25c855c1-a417-4c89-8683-1485925a9870'),('3d8387a8-4e02-418a-bcb1-f13bfa594e6c','Potassium, K',2106,'mg','K','a3b6891b-fad3-4c7a-9240-cbd0cb2fb132'),('3da13f63-74bf-46af-9926-5ebd4cbbe593','Folic acid',0,'µg','FOLAC','97a5aba6-9d39-47da-b4a9-9e75d92d7e01'),('3dae3f7e-474a-443b-a36e-689d229a8c0d','Folic acid',0,'µg','FOLAC','1d732269-5ba6-4e29-a127-da0a2b6fa54f'),('3e2704ef-492f-470f-8b43-97fc11d1f7c4','Water',236,'g','WATER','dd51b859-f756-4e11-8be5-f6209bb068e8'),('3e50594d-4453-4245-99bf-1ac3d0ef8fa1','Potassium, K',2067,'mg','K','6c629135-2f44-49dd-bb25-0141b773a34e'),('3e5ea851-906b-4d97-bdf1-22e7bfdfcf0f','Sodium, Na',2987,'mg','NA','e60e7c73-32ac-4170-916e-6a8a0733070c'),('3e6b47c0-ef7e-4700-bf13-7f4c41c71a47','Vitamin A, RAE',1898,'µg','VITA_RAE','a3e3c39d-34f8-42b7-9727-3711233f1bce'),('3f0813b3-e350-4161-9f16-37b271968ec6','Carbohydrate, by difference',835,'g','CHOCDF','d1466bc9-050b-425e-ad8e-af0675f32354'),('3f186255-740c-4ec3-bf48-a8d6376e67ef','Fatty acids, total trans',6,'g','FATRN','e89aaa1b-efd1-444b-a26d-76f2c8a70e12'),('3f50c17e-92eb-4b4b-ae3a-d4594354204d','Folate, food',71,'µg','FOLFD','4ddb632f-e9f1-4eed-a3bc-dc0984887e63'),('3f51b76d-eb27-47a2-85f5-3434420a805a','Magnesium, Mg',316,'mg','MG','6570af5a-e811-45b8-a533-c4f06438e1ff'),('40544dab-eb55-4450-a984-7bbaf404b86b','Folic acid',247,'µg','FOLAC','a3e3c39d-34f8-42b7-9727-3711233f1bce'),('40841e95-1159-4d9b-bdeb-834837d1fbbe','Cholesterol',1121,'mg','CHOLE','fed3dedf-43b3-4de5-9433-6028e601bcf1'),('41241a36-6acf-469a-80b2-3ff7a7fca8d8','Folate, DFE',86,'µg','FOLDFE','dd51b859-f756-4e11-8be5-f6209bb068e8'),('41a5746b-2974-4aee-aaff-02075e848f9f','Vitamin B-12',0,'µg','VITB12','666a0b5b-90a1-427b-940e-9316d3b67ef8'),('41aa041e-64b9-49fe-9f87-212e1e6ed5ca','Folate, DFE',71,'µg','FOLDFE','4ddb632f-e9f1-4eed-a3bc-dc0984887e63'),('41b5f2b4-800c-4ecc-8dd2-75d2497cc8b2','Fatty acids, total saturated',63,'g','FASAT','d1466bc9-050b-425e-ad8e-af0675f32354'),('41d50ce5-3469-4339-a476-4066d8410f5c','Fatty acids, total polyunsaturated',22,'g','FAPU','6570af5a-e811-45b8-a533-c4f06438e1ff'),('421afc4f-9077-41d0-bd51-0768e740a1f6','Thiamin',0,'mg','THIA','15b901f9-3232-4f6e-9664-a243c932fe32'),('426501d5-c302-4f12-98a9-8a83bb8b904d','Vitamin E (alpha-tocopherol)',26,'mg','TOCPHA','ce7c42d8-f557-42e1-8e53-d9925bcafd3b'),('42a5337f-621a-49d4-980b-3ac6b0353703','Vitamin A, RAE',508,'µg','VITA_RAE','fed3dedf-43b3-4de5-9433-6028e601bcf1'),('42d9917d-f885-4aae-826b-a727e9d9b71a','Vitamin B-12',1,'µg','VITB12','e60e7c73-32ac-4170-916e-6a8a0733070c'),('43564b56-1d36-4116-a82e-a3e37c49845f','Sodium, Na',127,'mg','NA','97a5aba6-9d39-47da-b4a9-9e75d92d7e01'),('4368a9ac-2f9e-4c0c-a18f-d8306e7497d0','Riboflavin',2,'mg','RIBF','a3e3c39d-34f8-42b7-9727-3711233f1bce'),('4376e203-80dc-4c86-b096-4a1298e40b3d','Vitamin B-6',2,'mg','VITB6A','a3b6891b-fad3-4c7a-9240-cbd0cb2fb132'),('43a00542-7d3a-4237-802c-5b6cb6964072','Fatty acids, total polyunsaturated',11,'g','FAPU','a3e3c39d-34f8-42b7-9727-3711233f1bce'),('43b972dd-4669-4006-bded-78ae8b1db8fa','Water',286,'g','WATER','b4191208-a0a1-4ea3-a1ce-e6cdeca0af94'),('43df677c-26b5-434e-ac1e-05db415fc06a','Iron, Fe',9,'mg','FE','dd24945a-27fb-47d8-994f-7470d8aaf38a'),('44623227-1991-41e2-bf9e-e2defe95ff32','Folic acid',0,'µg','FOLAC','15b901f9-3232-4f6e-9664-a243c932fe32'),('44dfab0d-18f2-4a55-a0a2-1af53ffd4e13','Vitamin C, total ascorbic acid',276,'mg','VITC','25c855c1-a417-4c89-8683-1485925a9870'),('453f0e37-06cd-423e-9a02-eca412e60037','Energy',483,'kcal','ENERC_KCAL','3cd3f061-f3bc-4042-84c6-bb5f13722996'),('459d1f8c-3932-4483-959b-ae77efc8e5fe','Fatty acids, total polyunsaturated',4,'g','FAPU','3107980b-9142-415e-9b29-b1ffe0e24119'),('461244dd-2dad-42c4-9c37-a95bbbc6e551','Magnesium, Mg',458,'mg','MG','1ea1dea2-4aa0-4f76-9f5b-eb832e515554'),('4648e124-2ecd-459c-892b-3e4455819910','Sodium, Na',3040,'mg','NA','d1466bc9-050b-425e-ad8e-af0675f32354'),('465ae936-0dc6-432e-aec9-e207b3f643ac','Vitamin K (phylloquinone)',3,'µg','VITK1','dd24945a-27fb-47d8-994f-7470d8aaf38a'),('46d607a1-fac6-4d0b-9392-b5fd1632f178','Fatty acids, total saturated',6,'g','FASAT','f852a4dc-e20b-4a41-acd6-789db0813143'),('46f24c00-a234-49b1-a57c-639689ca44c9','Niacin',24,'mg','NIA','893397cd-a91f-4f09-a179-7376cef82601'),('470d5660-b4a4-4285-a5fb-546c92637e01','Magnesium, Mg',405,'mg','MG','ba62229e-0ab7-4b07-b4e8-de3b7d876f3b'),('474abc53-2951-4d11-9e17-e93e8b68adf2','Vitamin E (alpha-tocopherol)',1,'mg','TOCPHA','87c7f114-0945-4706-b90f-76de7818c35b'),('4754f6c5-bae6-4a6f-bdb0-0a0e13e7d212','Vitamin E (alpha-tocopherol)',11,'mg','TOCPHA','1d732269-5ba6-4e29-a127-da0a2b6fa54f'),('47c60194-9b1a-4c8a-a8b9-ff6d845989c4','Folate, food',296,'µg','FOLFD','1d732269-5ba6-4e29-a127-da0a2b6fa54f'),('47e146b7-a5aa-4432-8106-7efa833a925b','Calcium, Ca',574,'mg','CA','893397cd-a91f-4f09-a179-7376cef82601'),('4808fc53-fd19-45dc-be53-64507e3bb2ad','Potassium, K',726,'mg','K','87c7f114-0945-4706-b90f-76de7818c35b'),('4815cffc-3e3e-4ddd-a7da-3f053cf418ad','Vitamin B-12',10,'µg','VITB12','35a89094-78da-4931-96cc-d5cbf0f5d6fb'),('48260a89-df91-4afc-9389-13b6537dbc04','Magnesium, Mg',231,'mg','MG','97a5aba6-9d39-47da-b4a9-9e75d92d7e01'),('4827b3a7-cf97-4f98-a624-3c29502c8254','Thiamin',0,'mg','THIA','2e0c1573-6f3b-4c6b-90e4-5dff011b9673'),('48466db3-a0c1-4cdc-9818-a23fd00adcf4','Water',1206,'g','WATER','25c855c1-a417-4c89-8683-1485925a9870'),('486e13fb-0eba-4d5f-aa3d-e3ab0f052ea2','Vitamin K (phylloquinone)',223,'µg','VITK1','1d732269-5ba6-4e29-a127-da0a2b6fa54f'),('48b0f620-a907-4054-8b78-f2bb1ab87085','Folate, DFE',296,'µg','FOLDFE','1d732269-5ba6-4e29-a127-da0a2b6fa54f'),('48c8ad0e-6311-4507-8bd3-57a5ea6c6ea5','Folate, DFE',111,'µg','FOLDFE','3107980b-9142-415e-9b29-b1ffe0e24119'),('48de5e4c-cee8-4549-a3dd-da0819684d31','Vitamin A, RAE',0,'µg','VITA_RAE','ba62229e-0ab7-4b07-b4e8-de3b7d876f3b'),('48f1733d-6406-4005-a973-b875f9f1003a','Phosphorus, P',402,'mg','P','87c7f114-0945-4706-b90f-76de7818c35b'),('48f25034-3d77-47a6-a43a-2ca649625180','Fiber, total dietary',22,'g','FIBTG','ba62229e-0ab7-4b07-b4e8-de3b7d876f3b'),('4923f08f-241e-4a84-8ed5-e74aa47a636b','Phosphorus, P',660,'mg','P','a3b6891b-fad3-4c7a-9240-cbd0cb2fb132'),('494475a6-3a7f-4c78-bb9c-e60d173d7d13','Sodium, Na',4817,'mg','NA','5bab4042-9684-4fae-ad3b-5f5de9350580'),('49a052a8-a03b-4be3-8f70-c98a07c2ec7e','Carbohydrate, by difference',5,'g','CHOCDF','e89aaa1b-efd1-444b-a26d-76f2c8a70e12'),('49bdbe03-83ba-4210-9c7f-6cafaa1e07b4','Vitamin A, RAE',113,'µg','VITA_RAE','893397cd-a91f-4f09-a179-7376cef82601'),('49f398ea-58c7-40b0-b6b9-73f81571d28f','Vitamin C, total ascorbic acid',284,'mg','VITC','a3b6891b-fad3-4c7a-9240-cbd0cb2fb132'),('49f80385-99b4-4e59-8b21-8d1fe1460434','Vitamin A, RAE',154,'µg','VITA_RAE','e89aaa1b-efd1-444b-a26d-76f2c8a70e12'),('4a1828ac-fe24-45bb-9f3f-33ffa3766fcf','Total lipid (fat)',55,'g','FAT','f3248d19-b91e-46da-b3ab-8735aac7c391'),('4a248f0e-1bd9-4421-9114-4bc8421b91e7','Vitamin B-6',41,'mg','VITB6A','fde67312-80de-43bd-8c1a-196393822bfc'),('4af575d8-18f4-48a1-8fcc-854e9990454f','Vitamin B-12',1,'µg','VITB12','a3b6891b-fad3-4c7a-9240-cbd0cb2fb132'),('4b3ea733-fbd9-4220-b0b1-876d562dfda3','Carbohydrate, by difference',49,'g','CHOCDF','1d732269-5ba6-4e29-a127-da0a2b6fa54f'),('4b4dab04-68e4-493b-b71d-bbf6e7bfdb1f','Sugars, added',25,'g','SUGAR.added','30386c99-cc37-49c8-8110-7eabf566410c'),('4bafa1a9-d7ba-4c71-ae3b-0921971409d1','Fatty acids, total saturated',12,'g','FASAT','15b901f9-3232-4f6e-9664-a243c932fe32'),('4bc5beb1-36dd-463a-b10d-55d3cd8f52eb','Vitamin B-6',5,'mg','VITB6A','893397cd-a91f-4f09-a179-7376cef82601'),('4bf63340-a3e0-42c3-a182-770097851b57','Energy',4558,'kcal','ENERC_KCAL','ce7c42d8-f557-42e1-8e53-d9925bcafd3b'),('4c0d9fd0-7b2a-4dbd-9b04-94dbd513c4d1','Cholesterol',91,'mg','CHOLE','6c629135-2f44-49dd-bb25-0141b773a34e'),('4c822c60-333b-4f93-b148-2565973d9899','Fatty acids, total polyunsaturated',4,'g','FAPU','dd24945a-27fb-47d8-994f-7470d8aaf38a'),('4ce20c95-c6c2-44d7-a5e6-77cc520cebe9','Vitamin B-6',0,'mg','VITB6A','3cd3f061-f3bc-4042-84c6-bb5f13722996'),('4cf73087-d694-4a73-95f9-c30c6825a7cd','Potassium, K',673,'mg','K','b4191208-a0a1-4ea3-a1ce-e6cdeca0af94'),('4cf785cd-9b3e-4afb-b6af-83a5e29d6a1d','Niacin',15,'mg','NIA','e60e7c73-32ac-4170-916e-6a8a0733070c'),('4d5f043c-9bc9-4700-9132-aa0c8bee9a44','Folate, DFE',82,'µg','FOLDFE','35a89094-78da-4931-96cc-d5cbf0f5d6fb'),('4dd18367-f9af-4c5c-8dc0-dfac25a48df0','Thiamin',8,'mg','THIA','fed3dedf-43b3-4de5-9433-6028e601bcf1'),('4df842f8-7bd2-4466-9c0c-d73de3e21896','Vitamin E (alpha-tocopherol)',2,'mg','TOCPHA','dcfd256e-b215-4d56-9502-9fd095113a11'),('4e341a49-ca45-4c7b-b848-a8641a4c7c1a','Zinc, Zn',5,'mg','ZN','a3b6891b-fad3-4c7a-9240-cbd0cb2fb132'),('4e5800f1-0db7-4dba-ab82-724521dca68b','Sugars, added',19,'g','SUGAR.added','35a89094-78da-4931-96cc-d5cbf0f5d6fb'),('4e8f6d32-0885-4adf-9639-44ff27ebaf25','Zinc, Zn',3,'mg','ZN','97a5aba6-9d39-47da-b4a9-9e75d92d7e01'),('4ea8b593-22c4-43d2-a8d1-32bcee3ee172','Potassium, K',2712,'mg','K','25c855c1-a417-4c89-8683-1485925a9870'),('4eac5e6d-4520-4e0e-85d3-68c9d75ca7b2','Folic acid',193,'µg','FOLAC','dd24945a-27fb-47d8-994f-7470d8aaf38a'),('4ede500c-4429-431e-b04a-b844b62e78ff','Vitamin C, total ascorbic acid',33,'mg','VITC','f3248d19-b91e-46da-b3ab-8735aac7c391'),('4f0d55e4-c3d3-4c2f-8a13-154bfb70c38f','Vitamin D (D2 + D3)',2,'µg','VITD','1d732269-5ba6-4e29-a127-da0a2b6fa54f'),('4f4d646c-19b8-4f00-a538-5de650e2c7ae','Vitamin C, total ascorbic acid',18,'mg','VITC','35a89094-78da-4931-96cc-d5cbf0f5d6fb'),('4ff7fae3-24ed-4c60-b944-d3b2903dcc8d','Riboflavin',2,'mg','RIBF','893397cd-a91f-4f09-a179-7376cef82601'),('503578ed-dd6a-4141-ae3a-8523f9ce5766','Fatty acids, total saturated',104,'g','FASAT','dd51b859-f756-4e11-8be5-f6209bb068e8'),('5063a48a-1605-4ea5-8e90-a139c8bc59c6','Vitamin B-12',0,'µg','VITB12','ce7c42d8-f557-42e1-8e53-d9925bcafd3b'),('50645636-09db-4df2-9931-429e7f513423','Energy',2873,'kcal','ENERC_KCAL','85cb832a-a110-46ea-a7db-ccfcfbc883ab'),('509c9156-edc4-4a16-a87e-d57ee995111f','Vitamin A, RAE',628,'µg','VITA_RAE','2e0c1573-6f3b-4c6b-90e4-5dff011b9673'),('50ceb73d-bcde-490e-a3a5-d7b49acf40ae','Sugars, total',17,'g','SUGAR','e60e7c73-32ac-4170-916e-6a8a0733070c'),('510d86d9-8e5d-47e0-9dea-b2b58145a10d','Folate, DFE',381,'µg','FOLDFE','ba62229e-0ab7-4b07-b4e8-de3b7d876f3b'),('513df6fc-3e84-4e97-b4c5-de9cabec9f9a','Sodium, Na',1986,'mg','NA','f5762675-fe7e-4f23-83da-e8f379b8fef7'),('51418201-d272-425b-85ae-e45cfc383c18','Folic acid',0,'µg','FOLAC','5bab4042-9684-4fae-ad3b-5f5de9350580'),('51455a4a-53f9-495b-a745-58abfc305c25','Folate, DFE',1560,'µg','FOLDFE','fde67312-80de-43bd-8c1a-196393822bfc'),('5149052e-0df7-4ffe-8431-d3505819310d','Fatty acids, total monounsaturated',39,'g','FAMS','f3248d19-b91e-46da-b3ab-8735aac7c391'),('51567593-7d83-49b9-98b6-e0177e429c77','Folate, food',286,'µg','FOLFD','25c855c1-a417-4c89-8683-1485925a9870'),('51ef74f2-8d39-406f-9757-7bfee35dec5e','Fatty acids, total polyunsaturated',4,'g','FAPU','4ddb632f-e9f1-4eed-a3bc-dc0984887e63'),('52032596-ef32-424e-8c57-fe7062afd111','Water',286,'g','WATER','b6807a17-f27c-42aa-a722-930084f8b211'),('52441df6-7f34-45aa-8264-72c2538a074c','Total lipid (fat)',81,'g','FAT','30386c99-cc37-49c8-8110-7eabf566410c'),('525e8448-8f73-4a7b-b181-9062f3f0dabd','Calcium, Ca',694,'mg','CA','d1466bc9-050b-425e-ad8e-af0675f32354'),('525f8bd6-40a0-4c83-bfcd-e0f37d5a159d','Protein',15,'g','PROCNT','87c7f114-0945-4706-b90f-76de7818c35b'),('5272a667-3838-4116-8196-555917c03e76','Cholesterol',0,'mg','CHOLE','97a5aba6-9d39-47da-b4a9-9e75d92d7e01'),('5293ab67-7d11-4468-8c2d-204671590741','Sugars, added',4,'g','SUGAR.added','fcd030aa-35d1-4f31-95d6-f2bb0bd7c902'),('52f0694e-f810-4b07-9828-2ee9e5a5fd84','Calcium, Ca',203,'mg','CA','fcd030aa-35d1-4f31-95d6-f2bb0bd7c902'),('52fc0be7-2e27-4813-a69f-a2b511888b10','Vitamin A, RAE',1272,'µg','VITA_RAE','1ea1dea2-4aa0-4f76-9f5b-eb832e515554'),('533f0043-d0e7-4322-a3c5-6db17ac87038','Water',1656,'g','WATER','5bab4042-9684-4fae-ad3b-5f5de9350580'),('53820bdd-d835-4f2d-847c-36b7bbfca067','Vitamin E (alpha-tocopherol)',20,'mg','TOCPHA','e89aaa1b-efd1-444b-a26d-76f2c8a70e12'),('53d54506-5492-43d1-860d-f1c509da9a2b','Calcium, Ca',841,'mg','CA','fed3dedf-43b3-4de5-9433-6028e601bcf1'),('53e1c6d7-eb14-4161-8629-a14c36ff6cb9','Fatty acids, total polyunsaturated',8,'g','FAPU','dd51b859-f756-4e11-8be5-f6209bb068e8'),('53eab4b8-4c8d-48e3-8495-e82052d6be6a','Thiamin',5,'mg','THIA','f852a4dc-e20b-4a41-acd6-789db0813143'),('53fada76-8f3e-4b40-bb08-e07065335716','Vitamin K (phylloquinone)',758,'µg','VITK1','2e0c1573-6f3b-4c6b-90e4-5dff011b9673'),('5412b1d5-a589-40e6-860d-3070716b99ae','Calcium, Ca',354,'mg','CA','f852a4dc-e20b-4a41-acd6-789db0813143'),('54152513-2f86-4f47-b002-5a04bb90855b','Total lipid (fat)',58,'g','FAT','fed3dedf-43b3-4de5-9433-6028e601bcf1'),('542c961b-055b-4de6-83f3-263017acd105','Calcium, Ca',524,'mg','CA','b6807a17-f27c-42aa-a722-930084f8b211'),('545c7843-3a06-4af2-b2b4-cb741b4302b4','Riboflavin',1,'mg','RIBF','b4191208-a0a1-4ea3-a1ce-e6cdeca0af94'),('546cd9f0-5c7b-4ed5-9bbf-4941fa7a2bb3','Vitamin B-12',1,'µg','VITB12','1be483a2-eafd-4db8-bc19-f45b9efb8a3c'),('54ccd657-81f5-46d1-aa4b-ec789cdec5cd','Vitamin K (phylloquinone)',149,'µg','VITK1','e89aaa1b-efd1-444b-a26d-76f2c8a70e12'),('54e8df6d-d625-4aa1-8988-aa09dfd804fa','Folate, DFE',85,'µg','FOLDFE','fd273271-21a1-43b1-b0bb-4e8c22c19b21'),('552117f3-849b-4795-a664-e0509ea37079','Folic acid',0,'µg','FOLAC','35a89094-78da-4931-96cc-d5cbf0f5d6fb'),('557fd2c4-177d-4c0c-9c92-006cc687d31a','Cholesterol',13,'mg','CHOLE','666a0b5b-90a1-427b-940e-9316d3b67ef8'),('55bb9477-3211-44c2-a030-0881fd0677fc','Vitamin A, RAE',182,'µg','VITA_RAE','fde67312-80de-43bd-8c1a-196393822bfc'),('55e4e3a4-7769-433e-a421-92721a4361b3','Total lipid (fat)',158,'g','FAT','85cb832a-a110-46ea-a7db-ccfcfbc883ab'),('565b98ce-f815-487d-9eaa-c414a1d94516','Water',1052,'g','WATER','f3248d19-b91e-46da-b3ab-8735aac7c391'),('56788a91-2deb-415b-b983-3bdd736dec37','Vitamin B-12',1,'µg','VITB12','d1466bc9-050b-425e-ad8e-af0675f32354'),('56a29a58-9710-43dd-8d51-23a9f433a5b1','Potassium, K',3107,'mg','K','fde67312-80de-43bd-8c1a-196393822bfc'),('56bf4082-a535-4feb-a4f2-09a801dbde1d','Niacin',27,'mg','NIA','ce7c42d8-f557-42e1-8e53-d9925bcafd3b'),('56ebe730-f7e8-4264-a419-c7177b4da2b1','Fiber, total dietary',12,'g','FIBTG','e60e7c73-32ac-4170-916e-6a8a0733070c'),('56f59eb1-f1b0-4aaa-9621-e38f738b562f','Water',103,'g','WATER','ba62229e-0ab7-4b07-b4e8-de3b7d876f3b'),('56fae3e6-1d9b-4bc9-a426-5c2e1728f52d','Folate, DFE',2063,'µg','FOLDFE','fed3dedf-43b3-4de5-9433-6028e601bcf1'),('56ff8e04-ff0e-472d-a100-4ad5acb7727a','Potassium, K',974,'mg','K','666a0b5b-90a1-427b-940e-9316d3b67ef8'),('571f8459-7709-4739-b468-3948a035ac1d','Folate, DFE',286,'µg','FOLDFE','25c855c1-a417-4c89-8683-1485925a9870'),('5726a5a7-92a9-49a8-9309-68f8e2df4dcb','Folate, DFE',285,'µg','FOLDFE','6570af5a-e811-45b8-a533-c4f06438e1ff'),('576f6121-3898-44b6-be24-4ba76a05d7e1','Folic acid',0,'µg','FOLAC','87c7f114-0945-4706-b90f-76de7818c35b'),('57b0b866-8686-4627-bc10-55d26c1f0642','Water',1156,'g','WATER','f852a4dc-e20b-4a41-acd6-789db0813143'),('57b5761e-6e41-4db3-b15e-4b1b21f09c55','Thiamin',0,'mg','THIA','25c855c1-a417-4c89-8683-1485925a9870'),('58bb4dda-c5f6-42fc-811f-616bf5431517','Calcium, Ca',684,'mg','CA','fde67312-80de-43bd-8c1a-196393822bfc'),('58d6ddac-c5aa-4233-bf1a-f7b20e40945f','Thiamin',1,'mg','THIA','a3e3c39d-34f8-42b7-9727-3711233f1bce'),('58f8e87e-3253-4e5c-8fd5-36921b6011b4','Vitamin B-12',0,'µg','VITB12','97a5aba6-9d39-47da-b4a9-9e75d92d7e01'),('59068928-2583-4ffc-bdcc-11c8c2e32dac','Calcium, Ca',352,'mg','CA','ba62229e-0ab7-4b07-b4e8-de3b7d876f3b'),('59606163-6946-43e9-8c96-8b710ddad904','Sugars, total',57,'g','SUGAR','893397cd-a91f-4f09-a179-7376cef82601'),('59cdb61a-a2f7-420d-9027-cf6f49e17f9e','Calcium, Ca',482,'mg','CA','b4191208-a0a1-4ea3-a1ce-e6cdeca0af94'),('59e11705-070f-445b-9836-002eb2c4027c','Magnesium, Mg',178,'mg','MG','a3b6891b-fad3-4c7a-9240-cbd0cb2fb132'),('5a02a2ee-a436-4bb8-a0ed-7bc5dca444c7','Protein',26,'g','PROCNT','6570af5a-e811-45b8-a533-c4f06438e1ff'),('5a1cdb5e-502f-46c5-b989-109f54ea9602','Fatty acids, total saturated',59,'g','FASAT','e89aaa1b-efd1-444b-a26d-76f2c8a70e12'),('5a1ee865-c4e4-4403-bd1c-71d18fbefa02','Vitamin E (alpha-tocopherol)',31,'mg','TOCPHA','2e0c1573-6f3b-4c6b-90e4-5dff011b9673'),('5a4dd203-5e82-467a-80ad-a220fae68611','Total lipid (fat)',128,'g','FAT','1ea1dea2-4aa0-4f76-9f5b-eb832e515554'),('5a6df777-2155-4e01-ae60-680686f4f9f7','Total lipid (fat)',54,'g','FAT','893397cd-a91f-4f09-a179-7376cef82601'),('5aca6f0d-66a3-4af5-b430-b3d587935424','Fatty acids, total saturated',8,'g','FASAT','f3248d19-b91e-46da-b3ab-8735aac7c391'),('5af193ed-e9e6-4022-9811-058a509fe413','Potassium, K',895,'mg','K','4ddb632f-e9f1-4eed-a3bc-dc0984887e63'),('5b280c14-2b74-4ce8-9380-8f50233a279f','Energy',333,'kcal','ENERC_KCAL','3107980b-9142-415e-9b29-b1ffe0e24119'),('5b5557fd-efc4-4a01-a92a-0885cd31a062','Folic acid',321,'µg','FOLAC','1be483a2-eafd-4db8-bc19-f45b9efb8a3c'),('5b97d2c2-ea60-46eb-b007-1cf7323d7931','Folate, food',3783,'µg','FOLFD','ce7c42d8-f557-42e1-8e53-d9925bcafd3b'),('5be15124-bef6-475e-a07e-6a96a0758e3b','Sugars, total',3,'g','SUGAR','3107980b-9142-415e-9b29-b1ffe0e24119'),('5bebecd0-c432-4738-ba50-d9c7822b5361','Potassium, K',1353,'mg','K','dcfd256e-b215-4d56-9502-9fd095113a11'),('5c4525c3-7b08-42ab-a0ba-b76293e59272','Niacin',6,'mg','NIA','4ddb632f-e9f1-4eed-a3bc-dc0984887e63'),('5cb36436-495f-4ac1-9e17-4457bfc33f5b','Carbohydrate, by difference',30,'g','CHOCDF','a3b6891b-fad3-4c7a-9240-cbd0cb2fb132'),('5cef6698-3f60-4c57-a68f-d7f54479fa90','Sodium, Na',1330,'mg','NA','dd24945a-27fb-47d8-994f-7470d8aaf38a'),('5d0bcb2e-5782-4d8d-be9f-79b888a1446e','Total lipid (fat)',16,'g','FAT','666a0b5b-90a1-427b-940e-9316d3b67ef8'),('5d5fc3d8-8490-44e6-b84c-eeab4507355a','Fatty acids, total monounsaturated',55,'g','FAMS','a3e3c39d-34f8-42b7-9727-3711233f1bce'),('5d711f1f-f40b-48e0-bcc0-553ca6ed2215','Folic acid',0,'µg','FOLAC','6c629135-2f44-49dd-bb25-0141b773a34e'),('5d776bbd-787c-4f36-aba7-dad16bc4c1b7','Vitamin A, RAE',539,'µg','VITA_RAE','5bab4042-9684-4fae-ad3b-5f5de9350580'),('5dc18479-9996-4360-8166-f3f59e2ab2a4','Vitamin E (alpha-tocopherol)',2,'mg','TOCPHA','4ddb632f-e9f1-4eed-a3bc-dc0984887e63'),('5ddac4c0-aa26-45a4-b2f4-841a29a733bf','Niacin',54,'mg','NIA','fed3dedf-43b3-4de5-9433-6028e601bcf1'),('5dfd7ae5-3e92-4d33-8a6d-989265198606','Cholesterol',14,'mg','CHOLE','893397cd-a91f-4f09-a179-7376cef82601'),('5e16bd84-0288-4b0d-9916-f51bef8f432c','Zinc, Zn',30,'mg','ZN','ce7c42d8-f557-42e1-8e53-d9925bcafd3b'),('5e39a8c7-262b-4768-a604-aa63274af1ba','Potassium, K',2058,'mg','K','1d732269-5ba6-4e29-a127-da0a2b6fa54f'),('5e572161-ba29-49d1-9773-73deb98977a0','Vitamin A, RAE',1548,'µg','VITA_RAE','dd51b859-f756-4e11-8be5-f6209bb068e8'),('5e93db02-0c75-462a-baa9-3bc16b6f1e67','Vitamin A, RAE',3,'µg','VITA_RAE','3cd3f061-f3bc-4042-84c6-bb5f13722996'),('5f4dd2c6-9f3b-40d7-80f3-f7e2aeb91092','Protein',23,'g','PROCNT','5bab4042-9684-4fae-ad3b-5f5de9350580'),('5f922c1d-e625-4332-92b8-811c800bf9d3','Sugars, total',200,'g','SUGAR','6c629135-2f44-49dd-bb25-0141b773a34e'),('5f99d830-e91f-4adf-8ab4-74dbc8e07fb3','Vitamin K (phylloquinone)',1,'µg','VITK1','ba62229e-0ab7-4b07-b4e8-de3b7d876f3b'),('5fbd3c50-a9ac-4c9d-9568-7e8220a3960d','Fiber, total dietary',19,'g','FIBTG','30386c99-cc37-49c8-8110-7eabf566410c'),('5fe51fcd-1541-4367-9f8c-13123fd9285d','Vitamin B-12',0,'µg','VITB12','f3248d19-b91e-46da-b3ab-8735aac7c391'),('5ff99fbb-2118-4fc2-9c85-54d6bfc3a513','Calcium, Ca',120,'mg','CA','3107980b-9142-415e-9b29-b1ffe0e24119'),('60b09486-a77e-4ca5-8709-5d47cad33980','Fatty acids, total saturated',52,'g','FASAT','f5762675-fe7e-4f23-83da-e8f379b8fef7'),('60bc45f5-4e44-479b-9c71-714d3d279658','Thiamin',0,'mg','THIA','30386c99-cc37-49c8-8110-7eabf566410c'),('60e5e41a-c625-4901-8907-b4c6ac203f8d','Folate, food',21,'µg','FOLFD','15b901f9-3232-4f6e-9664-a243c932fe32'),('60f15d22-0254-4ab6-bb91-e4ebaa793eae','Phosphorus, P',1820,'mg','P','fed3dedf-43b3-4de5-9433-6028e601bcf1'),('6110bcef-85ce-4be0-a122-cf61b13eabce','Vitamin K (phylloquinone)',18,'µg','VITK1','dd51b859-f756-4e11-8be5-f6209bb068e8'),('612e7444-327d-4110-b8b5-7cd3ea4b6e00','Folate, food',70,'µg','FOLFD','dd24945a-27fb-47d8-994f-7470d8aaf38a'),('613dbbd6-15c8-4e95-8026-809b7acd4ea1','Fatty acids, total polyunsaturated',41,'g','FAPU','2e0c1573-6f3b-4c6b-90e4-5dff011b9673'),('614c688b-3b43-4613-8bc7-89e27e6699e7','Vitamin C, total ascorbic acid',51,'mg','VITC','dcfd256e-b215-4d56-9502-9fd095113a11'),('61b03a4c-ae8e-4701-b1c0-74f2400bc0d7','Phosphorus, P',548,'mg','P','3107980b-9142-415e-9b29-b1ffe0e24119'),('61f9b53d-b14d-44d4-bbef-12c876c1660b','Niacin',15,'mg','NIA','5bab4042-9684-4fae-ad3b-5f5de9350580'),('62245324-e0b5-46f2-842d-049c14fc6461','Potassium, K',2213,'mg','K','35a89094-78da-4931-96cc-d5cbf0f5d6fb'),('6237a819-6c44-4f6f-b123-58c30324e885','Sugars, added',95,'g','SUGAR.added','dd24945a-27fb-47d8-994f-7470d8aaf38a'),('63818535-6e90-4a3c-854e-9458f50e8846','Niacin',23,'mg','NIA','35a89094-78da-4931-96cc-d5cbf0f5d6fb'),('63ab7fe3-36ba-4b6e-ad90-62f7482c63f4','Calcium, Ca',415,'mg','CA','f3248d19-b91e-46da-b3ab-8735aac7c391'),('63d8633f-81a3-409e-9991-dd5bf8ac5dff','Fatty acids, total saturated',3,'g','FASAT','97a5aba6-9d39-47da-b4a9-9e75d92d7e01'),('63ea3696-f35d-42d0-bde6-e61ce55cb9ee','Vitamin D (D2 + D3)',3,'µg','VITD','85cb832a-a110-46ea-a7db-ccfcfbc883ab'),('63ed595e-296c-4b91-b500-d9433fbbe6c4','Potassium, K',686,'mg','K','3107980b-9142-415e-9b29-b1ffe0e24119'),('6408b691-5416-461b-bd4f-7238ccefe8f8','Magnesium, Mg',55,'mg','MG','dd24945a-27fb-47d8-994f-7470d8aaf38a'),('6418ddfc-9110-446a-ae57-fe4b35f770ce','Water',515,'g','WATER','e89aaa1b-efd1-444b-a26d-76f2c8a70e12'),('642e22e7-48ba-4d5b-8616-0c6d5d0c5855','Vitamin K (phylloquinone)',65,'µg','VITK1','666a0b5b-90a1-427b-940e-9316d3b67ef8'),('64339941-e0cd-4777-9aac-7603da368025','Carbohydrate, by difference',10,'g','CHOCDF','3107980b-9142-415e-9b29-b1ffe0e24119'),('64972635-46bc-4661-a9e2-173e63599d77','Vitamin K (phylloquinone)',26,'µg','VITK1','35a89094-78da-4931-96cc-d5cbf0f5d6fb'),('6547579f-3e34-4a3e-b418-774e378d5d50','Riboflavin',3,'mg','RIBF','1ea1dea2-4aa0-4f76-9f5b-eb832e515554'),('655149e3-3431-4e0b-a6f2-66a72e68e4fd','Sodium, Na',1772,'mg','NA','dcfd256e-b215-4d56-9502-9fd095113a11'),('65603c35-2dcb-40b2-9ab7-b54cabe02194','Iron, Fe',17,'mg','FE','1ea1dea2-4aa0-4f76-9f5b-eb832e515554'),('65a279ee-29f4-4390-98bc-7227f2380116','Fatty acids, total trans',0,'g','FATRN','666a0b5b-90a1-427b-940e-9316d3b67ef8'),('65db7c39-3a00-4e88-8632-e04e90a14627','Vitamin A, RAE',320,'µg','VITA_RAE','3107980b-9142-415e-9b29-b1ffe0e24119'),('662df14d-6d4f-462c-9622-730dcede13d0','Protein',8,'g','PROCNT','fcd030aa-35d1-4f31-95d6-f2bb0bd7c902'),('664c2b01-5c3a-453f-98da-29a8423afb7e','Vitamin D (D2 + D3)',6,'µg','VITD','fed3dedf-43b3-4de5-9433-6028e601bcf1'),('66bb5cee-1a3d-4bf6-ad08-39da713e509b','Magnesium, Mg',447,'mg','MG','6c629135-2f44-49dd-bb25-0141b773a34e'),('66d93c1c-2cbd-4301-b8ba-131f709545ec','Riboflavin',1,'mg','RIBF','fd273271-21a1-43b1-b0bb-4e8c22c19b21'),('6704a45e-41d4-42b2-8cf4-fc1c5c82ddf7','Niacin',5,'mg','NIA','25c855c1-a417-4c89-8683-1485925a9870'),('673ed53b-abbb-45bb-928c-7e01a88fdc2a','Cholesterol',97,'mg','CHOLE','dcfd256e-b215-4d56-9502-9fd095113a11'),('67778242-2499-49f5-80b3-8def5167bb5c','Riboflavin',1,'mg','RIBF','3107980b-9142-415e-9b29-b1ffe0e24119'),('67ebfaf7-e9b2-4dcb-949b-feb1039fe714','Water',620,'g','WATER','35a89094-78da-4931-96cc-d5cbf0f5d6fb'),('6803dc87-dca8-4a3a-9db8-ad9fad8b30b8','Energy',3539,'kcal','ENERC_KCAL','fed3dedf-43b3-4de5-9433-6028e601bcf1'),('681813e6-1993-4489-a266-ed4ba6e488f4','Sodium, Na',1546,'mg','NA','2e0c1573-6f3b-4c6b-90e4-5dff011b9673'),('681f8ee5-8b2e-4e90-ab91-abb4f4246217','Sugars, total',178,'g','SUGAR','5bab4042-9684-4fae-ad3b-5f5de9350580'),('682f9e66-c431-412d-92db-8749e9e0ca07','Vitamin C, total ascorbic acid',16,'mg','VITC','87c7f114-0945-4706-b90f-76de7818c35b'),('6850c5db-83e7-45e7-aa7a-f83ca46cfcc4','Vitamin E (alpha-tocopherol)',13,'mg','TOCPHA','1ea1dea2-4aa0-4f76-9f5b-eb832e515554'),('68747c0b-043a-4eb3-bc8a-cc8b51e77c88','Sugars, added',419,'g','SUGAR.added','d1466bc9-050b-425e-ad8e-af0675f32354'),('68e83279-63d1-445d-8d94-9be180c163e2','Sugars, total',57,'g','SUGAR','f3248d19-b91e-46da-b3ab-8735aac7c391'),('6927381c-1975-4c8c-9af7-ebc0380d85d8','Vitamin A, RAE',412,'µg','VITA_RAE','1d732269-5ba6-4e29-a127-da0a2b6fa54f'),('69319d7b-2bfa-4f32-8038-d068d758eb9c','Folate, food',85,'µg','FOLFD','e89aaa1b-efd1-444b-a26d-76f2c8a70e12'),('694df1a8-e58d-4d14-a478-922a2d5f60c8','Vitamin B-12',7,'µg','VITB12','85cb832a-a110-46ea-a7db-ccfcfbc883ab'),('69504d81-6cb2-4b6a-be31-79a529eb5149','Carbohydrate, by difference',18,'g','CHOCDF','2e0c1573-6f3b-4c6b-90e4-5dff011b9673'),('69580696-6617-4aa5-8a06-0c6b24514ad4','Sugars, total',109,'g','SUGAR','fcd030aa-35d1-4f31-95d6-f2bb0bd7c902'),('6962b30d-b73b-40c3-ad4e-b3d351b66bd7','Fatty acids, total polyunsaturated',15,'g','FAPU','b6807a17-f27c-42aa-a722-930084f8b211'),('69d10957-6437-4138-a07c-565c1795e03e','Thiamin',4,'mg','THIA','893397cd-a91f-4f09-a179-7376cef82601'),('69f1a91d-008b-430a-b509-6e9fd70bda8b','Folate, food',86,'µg','FOLFD','dd51b859-f756-4e11-8be5-f6209bb068e8'),('6a141671-08bb-4eaa-9a5f-c9e27eeba29a','Carbohydrate, by difference',92,'g','CHOCDF','666a0b5b-90a1-427b-940e-9316d3b67ef8'),('6a45df4d-03c8-4fc4-b0da-09b62a5819e6','Vitamin E (alpha-tocopherol)',1,'mg','TOCPHA','b6807a17-f27c-42aa-a722-930084f8b211'),('6a4a500f-35de-4e4d-9cdd-405f576ca75a','Niacin',2,'mg','NIA','dcfd256e-b215-4d56-9502-9fd095113a11'),('6a570227-28a8-4a9d-bcd4-5c98794538df','Energy',593,'kcal','ENERC_KCAL','f852a4dc-e20b-4a41-acd6-789db0813143'),('6a955086-b0a0-4601-a697-1f6011ea30da','Vitamin A, RAE',166,'µg','VITA_RAE','87c7f114-0945-4706-b90f-76de7818c35b'),('6b1b3216-3cf3-4f87-9cc0-b0434bdf1437','Phosphorus, P',852,'mg','P','dd24945a-27fb-47d8-994f-7470d8aaf38a'),('6b28433d-ea5c-40c7-bba4-7854bcc57ccf','Vitamin D (D2 + D3)',0,'µg','VITD','3cd3f061-f3bc-4042-84c6-bb5f13722996'),('6b286351-cb2e-4d02-a02b-1b96bfdcda1e','Water',252,'g','WATER','dd24945a-27fb-47d8-994f-7470d8aaf38a'),('6b2a37b4-a79c-498c-b690-072e539b02ab','Folate, food',111,'µg','FOLFD','3107980b-9142-415e-9b29-b1ffe0e24119'),('6be51c0c-1bd4-40c8-a813-b9365ffa3f20','Vitamin C, total ascorbic acid',1,'mg','VITC','dd24945a-27fb-47d8-994f-7470d8aaf38a'),('6be645bb-f5e5-426f-97d9-949c7933910d','Fatty acids, total monounsaturated',29,'g','FAMS','1ea1dea2-4aa0-4f76-9f5b-eb832e515554'),('6bee5d82-160e-42cb-9bcb-637be8309c95','Carbohydrate, by difference',446,'g','CHOCDF','ba62229e-0ab7-4b07-b4e8-de3b7d876f3b'),('6c17b615-73e3-4fd4-bece-fa26b4e0343d','Riboflavin',1,'mg','RIBF','25c855c1-a417-4c89-8683-1485925a9870'),('6c340baa-b6c2-4992-8ee5-0ec7b9a8d3ec','Water',218,'g','WATER','97a5aba6-9d39-47da-b4a9-9e75d92d7e01'),('6c4219ab-c299-4f60-8db6-6354491ff2a5','Folic acid',365,'µg','FOLAC','85cb832a-a110-46ea-a7db-ccfcfbc883ab'),('6c493308-a83b-4bc4-b060-2ed293c8009f','Thiamin',0,'mg','THIA','87c7f114-0945-4706-b90f-76de7818c35b'),('6c5c3fe6-7b5d-4883-bb92-2d72b65c31c8','Niacin',5,'mg','NIA','3107980b-9142-415e-9b29-b1ffe0e24119'),('6c7965cf-ca07-4b98-b8c2-7e9ee6fe5887','Cholesterol',0,'mg','CHOLE','5bab4042-9684-4fae-ad3b-5f5de9350580'),('6c97b36f-e42c-4682-97dd-039b743d82fe','Vitamin K (phylloquinone)',39,'µg','VITK1','fed3dedf-43b3-4de5-9433-6028e601bcf1'),('6dcab04f-e39e-446e-9d14-b8ac33082d66','Protein',14,'g','PROCNT','30386c99-cc37-49c8-8110-7eabf566410c'),('6de9bf71-22b8-4a49-843d-cb8d52976eea','Fatty acids, total polyunsaturated',23,'g','FAPU','fde67312-80de-43bd-8c1a-196393822bfc'),('6e38a8ff-cb9d-46f6-8052-e98a6be428d9','Sodium, Na',517,'mg','NA','30386c99-cc37-49c8-8110-7eabf566410c'),('6e72f42c-43c2-441a-aff3-86b1991dc8e8','Vitamin K (phylloquinone)',1,'µg','VITK1','30386c99-cc37-49c8-8110-7eabf566410c'),('6f1fc29c-341b-4b3b-a951-3a1c6fe0fe94','Iron, Fe',55,'mg','FE','ce7c42d8-f557-42e1-8e53-d9925bcafd3b'),('6f31432d-841c-4142-a63e-30fffae21c17','Fatty acids, total polyunsaturated',25,'g','FAPU','a3b6891b-fad3-4c7a-9240-cbd0cb2fb132'),('6f3819ee-8df8-4a71-bc74-571637aa927e','Folic acid',0,'µg','FOLAC','a3b6891b-fad3-4c7a-9240-cbd0cb2fb132'),('6f6914d3-fb7b-41ef-a2ea-1657ee1131b4','Vitamin K (phylloquinone)',340,'µg','VITK1','a3b6891b-fad3-4c7a-9240-cbd0cb2fb132'),('6f9ab65a-ad3e-4a3f-9a8a-79490a7a9882','Folate, food',137,'µg','FOLFD','f852a4dc-e20b-4a41-acd6-789db0813143'),('6ff95beb-854b-46df-bad2-64ad7d6d894f','Fatty acids, total monounsaturated',37,'g','FAMS','e60e7c73-32ac-4170-916e-6a8a0733070c'),('7006d337-01a8-4632-81b4-f871ecb0c20e','Vitamin B-6',1,'mg','VITB6A','4ddb632f-e9f1-4eed-a3bc-dc0984887e63'),('70178044-0a39-47db-97c9-d00025fc9c72','Vitamin B-6',0,'mg','VITB6A','87c7f114-0945-4706-b90f-76de7818c35b'),('701b5ec4-dde3-491c-b372-9c6820305e2b','Potassium, K',3061,'mg','K','a3e3c39d-34f8-42b7-9727-3711233f1bce'),('70478f75-2851-40a3-afcf-1efa5b46d5c2','Calcium, Ca',205,'mg','CA','dcfd256e-b215-4d56-9502-9fd095113a11'),('7150e274-30e0-4359-a48e-0d45fedbc552','Calcium, Ca',1160,'mg','CA','6c629135-2f44-49dd-bb25-0141b773a34e'),('71add560-466a-4880-957e-9dad9d30cccd','Fatty acids, total trans',0,'g','FATRN','15b901f9-3232-4f6e-9664-a243c932fe32'),('71fe6263-e3bb-44c1-bb33-4675c3cc61bf','Vitamin C, total ascorbic acid',3,'mg','VITC','30386c99-cc37-49c8-8110-7eabf566410c'),('721eb137-456a-4519-9896-9dcfa6e53b47','Vitamin B-12',2,'µg','VITB12','b4191208-a0a1-4ea3-a1ce-e6cdeca0af94'),('72281009-9da3-4f94-9c42-347697d18ad6','Fiber, total dietary',11,'g','FIBTG','4ddb632f-e9f1-4eed-a3bc-dc0984887e63'),('723ee870-3482-4d3f-b614-80d6c22a531c','Niacin',5,'mg','NIA','b6807a17-f27c-42aa-a722-930084f8b211'),('7258d915-c40d-4e77-bd30-b60301bd1a62','Vitamin C, total ascorbic acid',1,'mg','VITC','6c629135-2f44-49dd-bb25-0141b773a34e'),('72b51f90-9f1f-4492-a663-f88ab5fa30ed','Phosphorus, P',2278,'mg','P','1ea1dea2-4aa0-4f76-9f5b-eb832e515554'),('72f94b8b-77f8-4c30-9600-8e8c6d120e07','Potassium, K',5628,'mg','K','1ea1dea2-4aa0-4f76-9f5b-eb832e515554'),('7319ad83-bc2d-4b3f-8e5d-0d249483d864','Calcium, Ca',732,'mg','CA','dd24945a-27fb-47d8-994f-7470d8aaf38a'),('736dffbc-965a-4c9c-b847-b7b470ddb344','Magnesium, Mg',260,'mg','MG','35a89094-78da-4931-96cc-d5cbf0f5d6fb'),('73af0e0c-036f-4453-9e34-ac2f8f0c85d1','Iron, Fe',20,'mg','FE','e89aaa1b-efd1-444b-a26d-76f2c8a70e12'),('740365af-df5c-4e2a-bb4e-b10e0d94dfa3','Calcium, Ca',768,'mg','CA','a3b6891b-fad3-4c7a-9240-cbd0cb2fb132'),('7405989f-de3a-4331-ae55-e425838829bd','Water',397,'g','WATER','fd273271-21a1-43b1-b0bb-4e8c22c19b21'),('742fd0f2-548a-4a85-acc6-3b2becde4603','Folate, DFE',987,'µg','FOLDFE','d1466bc9-050b-425e-ad8e-af0675f32354'),('7438bfdb-9bc2-4573-86b2-3bca0081e3af','Total lipid (fat)',80,'g','FAT','4ddb632f-e9f1-4eed-a3bc-dc0984887e63'),('744eb909-d39f-48c7-aa98-5621fd71ee61','Fatty acids, total trans',0,'g','FATRN','97a5aba6-9d39-47da-b4a9-9e75d92d7e01'),('748da4a3-afe8-4b58-81c4-fdffb5c519b8','Fatty acids, total saturated',70,'g','FASAT','30386c99-cc37-49c8-8110-7eabf566410c'),('74a587ae-3200-4b50-8e73-39f55fc95e23','Sodium, Na',2355,'mg','NA','6570af5a-e811-45b8-a533-c4f06438e1ff'),('74aaa33a-f8bf-448b-8259-6bbdb7e949f4','Vitamin B-12',13,'µg','VITB12','e89aaa1b-efd1-444b-a26d-76f2c8a70e12'),('75771775-82ae-44f7-9c6f-0201dc9ce7cd','Vitamin B-6',1,'mg','VITB6A','85cb832a-a110-46ea-a7db-ccfcfbc883ab'),('75825699-f8b5-4680-aecf-66036c046394','Vitamin E (alpha-tocopherol)',6,'mg','TOCPHA','fed3dedf-43b3-4de5-9433-6028e601bcf1'),('75951ff0-fa5b-4109-8b9a-dfe3647acf48','Vitamin D (D2 + D3)',0,'µg','VITD','fd273271-21a1-43b1-b0bb-4e8c22c19b21'),('759b61ff-724a-4c8a-bbb7-c3f938365958','Phosphorus, P',18,'mg','P','3cd3f061-f3bc-4042-84c6-bb5f13722996'),('75d43b38-6ef2-4ef2-a3f9-9463ba0489e6','Fatty acids, total trans',0,'g','FATRN','5bab4042-9684-4fae-ad3b-5f5de9350580'),('75d8bd25-492c-45b8-9ee5-6a49cfe20759','Sodium, Na',8590,'mg','NA','35a89094-78da-4931-96cc-d5cbf0f5d6fb'),('75d8edfb-d629-496d-a558-bb1b9781f16a','Magnesium, Mg',95,'mg','MG','a3e3c39d-34f8-42b7-9727-3711233f1bce'),('76eaefb9-984b-45d3-b653-597c7a7520e2','Magnesium, Mg',314,'mg','MG','fd273271-21a1-43b1-b0bb-4e8c22c19b21'),('771097f2-7294-49e0-992e-352f47d0a4a5','Cholesterol',214,'mg','CHOLE','fde67312-80de-43bd-8c1a-196393822bfc'),('775c4986-695f-4602-9be6-1e7bb6c3ea4f','Fatty acids, total saturated',2,'g','FASAT','25c855c1-a417-4c89-8683-1485925a9870'),('77c71eb5-daa3-4291-b546-cf5a2f3fb1c8','Carbohydrate, by difference',245,'g','CHOCDF','5bab4042-9684-4fae-ad3b-5f5de9350580'),('781110a5-db33-40d9-9d11-f15aa369096a','Sugars, total',105,'g','SUGAR','dd24945a-27fb-47d8-994f-7470d8aaf38a'),('783541e7-663e-4941-b6b1-d190e878a69b','Potassium, K',1699,'mg','K','e60e7c73-32ac-4170-916e-6a8a0733070c'),('7884db85-396e-4a74-a53f-873076a01201','Sugars, total',16,'g','SUGAR','dd51b859-f756-4e11-8be5-f6209bb068e8'),('78adcc4d-22d3-46e8-94cf-d8a22920097a','Riboflavin',1,'mg','RIBF','87c7f114-0945-4706-b90f-76de7818c35b'),('79472a78-7108-4483-a1f2-20bff32a29a1','Vitamin B-6',3,'mg','VITB6A','f3248d19-b91e-46da-b3ab-8735aac7c391'),('79509739-1f51-478e-ac81-d7dadd460b24','Water',1107,'g','WATER','1d732269-5ba6-4e29-a127-da0a2b6fa54f'),('796082ea-889c-424f-9e3f-5064f3958894','Fiber, total dietary',55,'g','FIBTG','5bab4042-9684-4fae-ad3b-5f5de9350580'),('79ba54a3-a86e-4834-b791-4b6c14af3c27','Vitamin C, total ascorbic acid',8,'mg','VITC','e89aaa1b-efd1-444b-a26d-76f2c8a70e12'),('79ccf6b4-c3e6-4c5f-aece-a25492eba00b','Fatty acids, total monounsaturated',2,'g','FAMS','fcd030aa-35d1-4f31-95d6-f2bb0bd7c902'),('79cd14c7-779b-4ebc-937a-8d95098d3e50','Iron, Fe',31,'mg','FE','d1466bc9-050b-425e-ad8e-af0675f32354'),('7a131b17-45b6-4e16-b045-88478381eedf','Vitamin B-12',1,'µg','VITB12','dd24945a-27fb-47d8-994f-7470d8aaf38a'),('7a3ff84e-67f8-4fb6-9f27-cb6eb4db6c1e','Sodium, Na',2521,'mg','NA','a3e3c39d-34f8-42b7-9727-3711233f1bce'),('7a84733a-9f46-41e9-8d3a-097d2331395f','Sugars, total',22,'g','SUGAR','85cb832a-a110-46ea-a7db-ccfcfbc883ab'),('7a93052e-f913-4285-877e-85db5dfa3394','Sugars, total',27,'g','SUGAR','30386c99-cc37-49c8-8110-7eabf566410c'),('7aa1ea81-9f61-4258-a513-bf4107342f1f','Vitamin B-12',0,'µg','VITB12','893397cd-a91f-4f09-a179-7376cef82601'),('7ab82be9-9463-4f78-b846-f55b7b85e9dc','Cholesterol',0,'mg','CHOLE','f3248d19-b91e-46da-b3ab-8735aac7c391'),('7abca8f9-46b5-4167-a1e3-60a4f67d9ded','Riboflavin',1,'mg','RIBF','6570af5a-e811-45b8-a533-c4f06438e1ff'),('7adfcd32-509b-4b5e-97ba-49475e2d7970','Zinc, Zn',9,'mg','ZN','fd273271-21a1-43b1-b0bb-4e8c22c19b21'),('7af9075a-12e3-49c5-947a-39bba51833d7','Fatty acids, total saturated',44,'g','FASAT','2e0c1573-6f3b-4c6b-90e4-5dff011b9673'),('7b2b3a9c-ed97-4df0-b5de-5b3cffc8e676','Zinc, Zn',2,'mg','ZN','87c7f114-0945-4706-b90f-76de7818c35b'),('7b697efa-ad51-47ba-99b9-04c8551f175f','Iron, Fe',11,'mg','FE','ba62229e-0ab7-4b07-b4e8-de3b7d876f3b'),('7b877dc4-88da-4578-a320-e757fa8245fa','Fatty acids, total polyunsaturated',5,'g','FAPU','666a0b5b-90a1-427b-940e-9316d3b67ef8'),('7cbd9e91-d4a8-4f46-bf7f-e1b376cef522','Vitamin E (alpha-tocopherol)',8,'mg','TOCPHA','a3e3c39d-34f8-42b7-9727-3711233f1bce'),('7ccc8d20-0ef0-49fb-88eb-922d639f100b','Vitamin A, RAE',164,'µg','VITA_RAE','15b901f9-3232-4f6e-9664-a243c932fe32'),('7d2b7bd9-1bb2-4734-b1e8-ccbfa42cba32','Potassium, K',1964,'mg','K','6570af5a-e811-45b8-a533-c4f06438e1ff'),('7d3468de-5323-4e14-8d08-66ccc7808dd1','Iron, Fe',11,'mg','FE','1be483a2-eafd-4db8-bc19-f45b9efb8a3c'),('7d6817b2-7798-4c97-a396-150a09abd854','Magnesium, Mg',71,'mg','MG','b6807a17-f27c-42aa-a722-930084f8b211'),('7d70d242-7bb3-419a-8b4f-9e3b144556fa','Vitamin C, total ascorbic acid',166,'mg','VITC','6570af5a-e811-45b8-a533-c4f06438e1ff'),('7d80dc39-054a-41b7-a517-24ea3d0d73b6','Vitamin D (D2 + D3)',0,'µg','VITD','ba62229e-0ab7-4b07-b4e8-de3b7d876f3b'),('7d997e00-dda2-4bbc-8afd-189a024582c1','Calcium, Ca',1412,'mg','CA','4ddb632f-e9f1-4eed-a3bc-dc0984887e63'),('7d9aff62-a08f-4f32-8996-047d7ea31cc3','Fiber, total dietary',6,'g','FIBTG','1be483a2-eafd-4db8-bc19-f45b9efb8a3c'),('7dc0a02a-5104-4bb6-882c-a740b1279b5a','Cholesterol',76,'mg','CHOLE','2e0c1573-6f3b-4c6b-90e4-5dff011b9673'),('7e1ed7f0-120f-451a-a156-7059c601695f','Folic acid',0,'µg','FOLAC','ce7c42d8-f557-42e1-8e53-d9925bcafd3b'),('7e2b3fa8-8e40-4353-acef-fba0e1a0cfcd','Vitamin A, RAE',9648,'µg','VITA_RAE','f3248d19-b91e-46da-b3ab-8735aac7c391'),('7e3cfda8-d973-4a9a-9c68-c8e0229c1322','Magnesium, Mg',285,'mg','MG','5bab4042-9684-4fae-ad3b-5f5de9350580'),('7e4b9574-abaa-42c7-be91-e72ca35bee2c','Fiber, total dietary',1,'g','FIBTG','3cd3f061-f3bc-4042-84c6-bb5f13722996'),('7e547aeb-9da1-4bb5-afbe-dc0f6789f04c','Cholesterol',0,'mg','CHOLE','f852a4dc-e20b-4a41-acd6-789db0813143'),('7ea3ea03-6170-4340-9138-118ac9b0ea9b','Iron, Fe',1,'mg','FE','87c7f114-0945-4706-b90f-76de7818c35b'),('7ee44cbb-6e03-4b6e-b8c4-2b3fffc8e017','Vitamin K (phylloquinone)',59,'µg','VITK1','f3248d19-b91e-46da-b3ab-8735aac7c391'),('7f4938dc-a43a-46ba-add3-23e85a968b63','Fiber, total dietary',26,'g','FIBTG','6c629135-2f44-49dd-bb25-0141b773a34e'),('7f5f2c58-181d-4dfc-83e2-e8779e2e6431','Vitamin E (alpha-tocopherol)',23,'mg','TOCPHA','ba62229e-0ab7-4b07-b4e8-de3b7d876f3b'),('7fdb9ca9-c49c-4bdd-8d31-8c79bc581310','Vitamin D (D2 + D3)',6,'µg','VITD','a3e3c39d-34f8-42b7-9727-3711233f1bce'),('7ffb4972-097c-4c5a-9e98-bf60bc482a2e','Fatty acids, total saturated',35,'g','FASAT','a3b6891b-fad3-4c7a-9240-cbd0cb2fb132'),('804ba0aa-3cf7-4a5b-873b-a55ffb450b62','Calcium, Ca',245,'mg','CA','25c855c1-a417-4c89-8683-1485925a9870'),('80752165-aa42-400e-9fd7-a1eda3c8e5ff','Energy',6532,'kcal','ENERC_KCAL','f5762675-fe7e-4f23-83da-e8f379b8fef7'),('80afce4b-ab79-4128-80d0-7702506e65aa','Zinc, Zn',2,'mg','ZN','1be483a2-eafd-4db8-bc19-f45b9efb8a3c'),('80df89d9-21cf-4044-bffa-7e464848e275','Vitamin B-6',0,'mg','VITB6A','b4191208-a0a1-4ea3-a1ce-e6cdeca0af94'),('81617ed7-afda-4786-9f2e-834463133fa8','Fiber, total dietary',92,'g','FIBTG','fde67312-80de-43bd-8c1a-196393822bfc'),('817e15ba-1614-4e75-841e-733a38a3694e','Calcium, Ca',345,'mg','CA','a3e3c39d-34f8-42b7-9727-3711233f1bce'),('81a3c004-af5d-446b-af01-045b4aeda0a2','Fatty acids, total saturated',9,'g','FASAT','e60e7c73-32ac-4170-916e-6a8a0733070c'),('81d37c63-fb4b-45e6-9347-e01b9334b0fe','Zinc, Zn',2,'mg','ZN','f5762675-fe7e-4f23-83da-e8f379b8fef7'),('81d956b5-4c60-4104-ae8d-727566b88fe8','Total lipid (fat)',32,'g','FAT','b4191208-a0a1-4ea3-a1ce-e6cdeca0af94'),('81ef4823-482e-4e3b-9bc1-972fff690d6a','Folate, food',283,'µg','FOLFD','e60e7c73-32ac-4170-916e-6a8a0733070c'),('830d171f-042e-4cdd-af20-d9956543f111','Iron, Fe',14,'mg','FE','35a89094-78da-4931-96cc-d5cbf0f5d6fb'),('832145d8-4402-4fc2-ab3f-fbc19366fea1','Thiamin',0,'mg','THIA','6c629135-2f44-49dd-bb25-0141b773a34e'),('83b561ee-dcf6-48d8-8948-29c5c62bca5b','Riboflavin',1,'mg','RIBF','f3248d19-b91e-46da-b3ab-8735aac7c391'),('83c6c765-5acc-47b3-8f90-2bfeac5d58b9','Folate, DFE',21,'µg','FOLDFE','15b901f9-3232-4f6e-9664-a243c932fe32'),('8434acf1-5bcf-479b-a394-cf2bef12671d','Vitamin B-12',1,'µg','VITB12','f5762675-fe7e-4f23-83da-e8f379b8fef7'),('8469c978-f43c-41ff-a7bb-f1a50071498e','Magnesium, Mg',229,'mg','MG','85cb832a-a110-46ea-a7db-ccfcfbc883ab'),('846b3c06-4910-4628-a257-34d4ec83ba70','Vitamin K (phylloquinone)',1267,'µg','VITK1','1ea1dea2-4aa0-4f76-9f5b-eb832e515554'),('8472bd1b-323e-4284-8e54-7bf020cac36b','Total lipid (fat)',147,'g','FAT','dcfd256e-b215-4d56-9502-9fd095113a11'),('84782949-6a45-4c27-9346-a90b89180cc1','Zinc, Zn',10,'mg','ZN','e60e7c73-32ac-4170-916e-6a8a0733070c'),('8484988c-a31e-4928-a022-1b09898c9464','Fatty acids, total trans',0,'g','FATRN','fed3dedf-43b3-4de5-9433-6028e601bcf1'),('84b7c25c-7977-46e8-bfc1-2703b80286c7','Thiamin',1,'mg','THIA','ba62229e-0ab7-4b07-b4e8-de3b7d876f3b'),('84d05103-e4a2-4bf4-9631-de02d7fed899','Vitamin A, RAE',1024,'µg','VITA_RAE','e60e7c73-32ac-4170-916e-6a8a0733070c'),('853c6db4-93ab-4d16-91fa-abd64b85055f','Protein',6,'g','PROCNT','3cd3f061-f3bc-4042-84c6-bb5f13722996'),('8550547b-eb3d-4ae6-a6c4-8100e2946cf2','Vitamin K (phylloquinone)',23,'µg','VITK1','6c629135-2f44-49dd-bb25-0141b773a34e'),('85539912-ef3e-4ae6-9a44-1849996aa63d','Cholesterol',0,'mg','CHOLE','30386c99-cc37-49c8-8110-7eabf566410c'),('85bcc957-8538-43ea-b13b-e3fb539fc487','Fiber, total dietary',4,'g','FIBTG','87c7f114-0945-4706-b90f-76de7818c35b'),('85e538d2-08ff-4561-b5fa-36a6f814e1b0','Water',166,'g','WATER','d1466bc9-050b-425e-ad8e-af0675f32354'),('85f04525-0565-49ff-9d38-021b4b082925','Energy',2123,'kcal','ENERC_KCAL','5bab4042-9684-4fae-ad3b-5f5de9350580'),('85f29b55-4052-42ef-b7bd-1e7d68e7daec','Vitamin C, total ascorbic acid',0,'mg','VITC','4ddb632f-e9f1-4eed-a3bc-dc0984887e63'),('8647961a-1944-460d-bfa4-630c6f29f2d5','Vitamin B-12',32,'µg','VITB12','fde67312-80de-43bd-8c1a-196393822bfc'),('867fb465-21be-4492-9888-e6628d8167aa','Fatty acids, total monounsaturated',6,'g','FAMS','15b901f9-3232-4f6e-9664-a243c932fe32'),('86852cab-c176-48e4-8bc9-c1fb9084733e','Sugars, total',144,'g','SUGAR','1be483a2-eafd-4db8-bc19-f45b9efb8a3c'),('869f16b8-493e-4344-b406-3a25d4c3135c','Iron, Fe',11,'mg','FE','a3e3c39d-34f8-42b7-9727-3711233f1bce'),('86b5f6a0-3507-4089-b512-cba449d36a6c','Fatty acids, total polyunsaturated',16,'g','FAPU','5bab4042-9684-4fae-ad3b-5f5de9350580'),('86ecaedd-4efb-41b9-b97f-2f5e538cb97f','Zinc, Zn',9,'mg','ZN','2e0c1573-6f3b-4c6b-90e4-5dff011b9673'),('86ed59f7-3001-421d-b11f-b186632c6705','Iron, Fe',3,'mg','FE','dcfd256e-b215-4d56-9502-9fd095113a11'),('87d6a0cf-0d02-476c-b753-5f7c3d359c9f','Fatty acids, total polyunsaturated',8,'g','FAPU','fcd030aa-35d1-4f31-95d6-f2bb0bd7c902'),('87e14323-6e1a-461f-8a2a-4c5d6978776e','Fatty acids, total monounsaturated',80,'g','FAMS','85cb832a-a110-46ea-a7db-ccfcfbc883ab'),('87edf706-d1b6-412d-b7fa-ad6dc442bf4b','Riboflavin',2,'mg','RIBF','ba62229e-0ab7-4b07-b4e8-de3b7d876f3b'),('8822ec9b-d918-4b6b-8a4e-09b97b559daa','Folic acid',1473,'µg','FOLAC','fde67312-80de-43bd-8c1a-196393822bfc'),('886b0442-c18a-4d61-af0c-5d96bcb9cffc','Thiamin',0,'mg','THIA','4ddb632f-e9f1-4eed-a3bc-dc0984887e63'),('88d03441-9b2f-4e6a-8854-8c3e34f3f1fd','Fatty acids, total monounsaturated',5,'g','FAMS','30386c99-cc37-49c8-8110-7eabf566410c'),('88d5ad9d-7b69-4585-bcf5-27f5a1cd44b8','Riboflavin',2,'mg','RIBF','1be483a2-eafd-4db8-bc19-f45b9efb8a3c'),('896c6f50-d223-41ba-a21f-6daea62fe241','Fiber, total dietary',41,'g','FIBTG','d1466bc9-050b-425e-ad8e-af0675f32354'),('89f4d615-ce39-41a1-b03c-00972627961c','Zinc, Zn',1,'mg','ZN','dcfd256e-b215-4d56-9502-9fd095113a11'),('8a261032-7fdf-42e2-97b7-6d12323697fe','Vitamin K (phylloquinone)',423,'µg','VITK1','6570af5a-e811-45b8-a533-c4f06438e1ff'),('8a4459e7-4a67-4e9b-8b34-1f390d0f0aa5','Vitamin D (D2 + D3)',0,'µg','VITD','25c855c1-a417-4c89-8683-1485925a9870'),('8a60f90b-e62b-4f4c-9662-18359e98b44c','Iron, Fe',1,'mg','FE','15b901f9-3232-4f6e-9664-a243c932fe32'),('8aa434a1-bbb3-4947-8f29-bf02b0097fb2','Thiamin',0,'mg','THIA','e89aaa1b-efd1-444b-a26d-76f2c8a70e12'),('8b163871-663c-4e34-8077-a33956d6cf40','Thiamin',0,'mg','THIA','97a5aba6-9d39-47da-b4a9-9e75d92d7e01'),('8b309600-ba2e-4590-81b3-4d0abd991b8a','Fatty acids, total trans',1,'g','FATRN','fde67312-80de-43bd-8c1a-196393822bfc'),('8b56d587-444c-4276-be34-7dc37fa81f72','Protein',20,'g','PROCNT','666a0b5b-90a1-427b-940e-9316d3b67ef8'),('8beaa500-ca3d-4096-b6f7-c42901dc6c28','Cholesterol',73,'mg','CHOLE','15b901f9-3232-4f6e-9664-a243c932fe32'),('8c3103a1-ffbb-47e8-8604-24fa839670e1','Fatty acids, total polyunsaturated',15,'g','FAPU','fed3dedf-43b3-4de5-9433-6028e601bcf1'),('8cbe5ab0-cc66-4e42-8724-6cfb63ceabe0','Riboflavin',1,'mg','RIBF','35a89094-78da-4931-96cc-d5cbf0f5d6fb'),('8ce0f512-1862-495f-914c-a5d055e9273b','Fatty acids, total monounsaturated',11,'g','FAMS','3cd3f061-f3bc-4042-84c6-bb5f13722996'),('8ce7bf94-7a88-4f3a-9283-e0c17277c705','Vitamin E (alpha-tocopherol)',2,'mg','TOCPHA','3107980b-9142-415e-9b29-b1ffe0e24119'),('8d2f8c2a-108a-4ca9-982a-dd317dd4212b','Niacin',8,'mg','NIA','6570af5a-e811-45b8-a533-c4f06438e1ff'),('8d4976f7-9336-4a96-8934-f81337e6baf7','Energy',1527,'kcal','ENERC_KCAL','35a89094-78da-4931-96cc-d5cbf0f5d6fb'),('8d6121bb-735f-451c-a81e-5aae4de58353','Fatty acids, total polyunsaturated',14,'g','FAPU','1d732269-5ba6-4e29-a127-da0a2b6fa54f'),('8d7d1718-f3f9-42b1-b28d-6d5eab0bd36c','Calcium, Ca',256,'mg','CA','e89aaa1b-efd1-444b-a26d-76f2c8a70e12'),('8d9a0581-b1f5-448a-8933-d38bb7a2a4f0','Sugars, total',42,'g','SUGAR','6570af5a-e811-45b8-a533-c4f06438e1ff'),('8dd23020-a30c-4bf3-a4e7-2717f84ead94','Sugars, total',63,'g','SUGAR','15b901f9-3232-4f6e-9664-a243c932fe32'),('8eb27372-f28a-44d3-8585-ba59f18567d6','Protein',25,'g','PROCNT','b6807a17-f27c-42aa-a722-930084f8b211'),('8eb35705-06b8-4e6e-9186-27d211d7e9c4','Sugars, total',4,'g','SUGAR','2e0c1573-6f3b-4c6b-90e4-5dff011b9673'),('8f01cc77-2d76-4bf5-a3f1-ff265648792f','Fatty acids, total polyunsaturated',19,'g','FAPU','e89aaa1b-efd1-444b-a26d-76f2c8a70e12'),('8f1e8d3f-3f1a-455d-a61f-95384c4d6199','Vitamin E (alpha-tocopherol)',0,'mg','TOCPHA','3cd3f061-f3bc-4042-84c6-bb5f13722996'),('8f2bd976-976f-4689-8905-5c7c0b3bde21','Energy',2367,'kcal','ENERC_KCAL','2e0c1573-6f3b-4c6b-90e4-5dff011b9673'),('8f655c9f-6e62-4acf-bc2a-4ef91905ebb2','Folate, food',273,'µg','FOLFD','85cb832a-a110-46ea-a7db-ccfcfbc883ab'),('8f7865ac-152f-4061-a7c6-51b6c7e29d9e','Vitamin B-6',1,'mg','VITB6A','666a0b5b-90a1-427b-940e-9316d3b67ef8'),('8ffd6045-fcd9-40f6-93bc-bf75a5d29b19','Zinc, Zn',1,'mg','ZN','25c855c1-a417-4c89-8683-1485925a9870'),('9000a579-d731-45cc-bfbd-554a86f4eb28','Fiber, total dietary',6,'g','FIBTG','dd24945a-27fb-47d8-994f-7470d8aaf38a'),('9068d0b2-1589-4fd4-8742-62eee51e832b','Vitamin K (phylloquinone)',208,'µg','VITK1','e60e7c73-32ac-4170-916e-6a8a0733070c'),('906b8db9-c7df-4ea8-bc16-78f8c49241cd','Niacin',8,'mg','NIA','f852a4dc-e20b-4a41-acd6-789db0813143'),('91002768-ea0d-4087-a4e8-b5faf8ff6b31','Energy',2110,'kcal','ENERC_KCAL','4ddb632f-e9f1-4eed-a3bc-dc0984887e63'),('9101859f-0c5c-4742-967d-595939cf238d','Niacin',8,'mg','NIA','dd24945a-27fb-47d8-994f-7470d8aaf38a'),('910d1438-6a5e-4a95-bea8-5ca1ba399167','Zinc, Zn',4,'mg','ZN','3107980b-9142-415e-9b29-b1ffe0e24119'),('915cb816-68ec-415d-a09e-1992cc583e9a','Vitamin B-12',2,'µg','VITB12','dd51b859-f756-4e11-8be5-f6209bb068e8'),('919a861c-8cfb-4560-8ade-9302430070ba','Folic acid',129,'µg','FOLAC','ba62229e-0ab7-4b07-b4e8-de3b7d876f3b'),('9221534e-1a40-4ec4-aa72-0909abbf5e2d','Folate, DFE',34,'µg','FOLDFE','87c7f114-0945-4706-b90f-76de7818c35b'),('926d2b08-14d4-43b7-ba47-5891b5ed1f49','Water',479,'g','WATER','fcd030aa-35d1-4f31-95d6-f2bb0bd7c902'),('92829c1f-f8b3-40af-a75e-5792b5c86884','Niacin',8,'mg','NIA','f3248d19-b91e-46da-b3ab-8735aac7c391'),('92a014bf-897c-4aee-b800-2bb512d95ef7','Carbohydrate, by difference',474,'g','CHOCDF','a3e3c39d-34f8-42b7-9727-3711233f1bce'),('92a32e37-8644-473b-9979-b70c88ff0340','Vitamin K (phylloquinone)',29,'µg','VITK1','87c7f114-0945-4706-b90f-76de7818c35b'),('92f49273-8417-4ca8-b02e-724397672cbc','Vitamin C, total ascorbic acid',0,'mg','VITC','3107980b-9142-415e-9b29-b1ffe0e24119'),('930eddba-c10a-4a37-9ce5-59174141d6b4','Riboflavin',0,'mg','RIBF','30386c99-cc37-49c8-8110-7eabf566410c'),('930f2e4a-ac50-4d86-9a05-6bf42e3d0719','Riboflavin',2,'mg','RIBF','d1466bc9-050b-425e-ad8e-af0675f32354'),('9328dab8-551a-4747-89bd-70a1ad409c65','Folate, DFE',133,'µg','FOLDFE','2e0c1573-6f3b-4c6b-90e4-5dff011b9673'),('934f2de6-cd2d-4ef2-8a1a-136b0be198f5','Fiber, total dietary',17,'g','FIBTG','fcd030aa-35d1-4f31-95d6-f2bb0bd7c902'),('935247fd-6b30-4c70-98e7-c7c74f659097','Vitamin B-6',8,'mg','VITB6A','ce7c42d8-f557-42e1-8e53-d9925bcafd3b'),('93aac7fc-2519-4708-b271-33cc1bcfd539','Carbohydrate, by difference',66,'g','CHOCDF','87c7f114-0945-4706-b90f-76de7818c35b'),('93deab32-531b-4e44-bfbe-513f15485ee3','Folic acid',0,'µg','FOLAC','6570af5a-e811-45b8-a533-c4f06438e1ff'),('93e8c499-beb4-4faa-a518-c97d4fdeff2e','Magnesium, Mg',523,'mg','MG','d1466bc9-050b-425e-ad8e-af0675f32354'),('94104701-319c-4ba9-94f4-59a6293ecbd4','Folate, food',111,'µg','FOLFD','f5762675-fe7e-4f23-83da-e8f379b8fef7'),('94410a0a-325c-47ca-b692-a2112728aef7','Fiber, total dietary',4,'g','FIBTG','b6807a17-f27c-42aa-a722-930084f8b211'),('94600ec9-5229-451d-aade-1ee65d1033c8','Vitamin K (phylloquinone)',95,'µg','VITK1','dcfd256e-b215-4d56-9502-9fd095113a11'),('9465a6ff-9814-4a90-bcf5-6c8eb532c539','Cholesterol',361,'mg','CHOLE','fd273271-21a1-43b1-b0bb-4e8c22c19b21'),('946921f2-b42f-4176-aca8-5669ac3d5940','Fatty acids, total polyunsaturated',18,'g','FAPU','85cb832a-a110-46ea-a7db-ccfcfbc883ab'),('94887a84-88d7-44a9-9cce-9bb6b83e6233','Carbohydrate, by difference',149,'g','CHOCDF','fcd030aa-35d1-4f31-95d6-f2bb0bd7c902'),('94b3e774-7eed-4903-a351-a2c79972173b','Phosphorus, P',1102,'mg','P','1be483a2-eafd-4db8-bc19-f45b9efb8a3c'),('95132ef5-9fea-4fec-935b-c57b2f7947ed','Sugars, total',4,'g','SUGAR','3cd3f061-f3bc-4042-84c6-bb5f13722996'),('954c1e31-68fd-449d-af3a-031dee8dcdab','Energy',418,'kcal','ENERC_KCAL','87c7f114-0945-4706-b90f-76de7818c35b'),('95ceaf0d-f059-45e8-92c7-0a0b1d17403a','Thiamin',0,'mg','THIA','3107980b-9142-415e-9b29-b1ffe0e24119'),('95dee7ea-d52c-420b-a550-17fc2ed22c39','Folate, DFE',439,'µg','FOLDFE','a3b6891b-fad3-4c7a-9240-cbd0cb2fb132'),('95eb9108-11ac-41b0-a26d-ac8a25c5bd11','Thiamin',2,'mg','THIA','1ea1dea2-4aa0-4f76-9f5b-eb832e515554'),('95fbbc5d-cda9-4de1-8b21-eb50bd986798','Fatty acids, total trans',1,'g','FATRN','b4191208-a0a1-4ea3-a1ce-e6cdeca0af94'),('966a2f79-e9ff-4a6f-b41f-416ed131c6f2','Energy',812,'kcal','ENERC_KCAL','b6807a17-f27c-42aa-a722-930084f8b211'),('966c9ff4-16a8-42f3-bc6b-163d96b1c8ae','Sodium, Na',1061,'mg','NA','fd273271-21a1-43b1-b0bb-4e8c22c19b21'),('968a4a72-5141-4ca9-aa03-50db4e7b9ff8','Total lipid (fat)',225,'g','FAT','e89aaa1b-efd1-444b-a26d-76f2c8a70e12'),('9696b921-3e49-4c36-9a7e-86f514e4038f','Vitamin B-12',2,'µg','VITB12','1ea1dea2-4aa0-4f76-9f5b-eb832e515554'),('96bb93df-d323-400e-acf5-3223813e678e','Potassium, K',1605,'mg','K','85cb832a-a110-46ea-a7db-ccfcfbc883ab'),('96bc326c-8944-4631-bc11-82ccd0fc9d17','Total lipid (fat)',12,'g','FAT','87c7f114-0945-4706-b90f-76de7818c35b'),('96fa5a11-fe30-4d4e-83c4-7dd99af028d0','Energy',5349,'kcal','ENERC_KCAL','d1466bc9-050b-425e-ad8e-af0675f32354'),('9748cc52-aca1-4363-b2e4-dd0924471f8f','Thiamin',2,'mg','THIA','1be483a2-eafd-4db8-bc19-f45b9efb8a3c'),('978d3ac0-884c-4378-984c-a50353db6ee5','Niacin',6,'mg','NIA','dd51b859-f756-4e11-8be5-f6209bb068e8'),('979c29cf-4fa7-487b-aa42-aa966900054c','Energy',2961,'kcal','ENERC_KCAL','e60e7c73-32ac-4170-916e-6a8a0733070c'),('979f40a0-7680-4eeb-9c0e-461bb1b8f10a','Magnesium, Mg',342,'mg','MG','f3248d19-b91e-46da-b3ab-8735aac7c391'),('98307d52-8a78-4de7-ac28-2fb2d150ca0f','Folate, food',796,'µg','FOLFD','fed3dedf-43b3-4de5-9433-6028e601bcf1'),('985807d0-bdad-4068-a55e-b86af5dc93a6','Carbohydrate, by difference',88,'g','CHOCDF','6570af5a-e811-45b8-a533-c4f06438e1ff'),('98640d71-ec7d-4719-bf87-d68fc577bcb1','Vitamin B-6',1,'mg','VITB6A','25c855c1-a417-4c89-8683-1485925a9870'),('9918f791-1c39-418b-80f5-8d4ae238e5d2','Potassium, K',1126,'mg','K','dd51b859-f756-4e11-8be5-f6209bb068e8'),('991e6672-ef79-407c-b1d2-1e9269fae581','Fatty acids, total polyunsaturated',27,'g','FAPU','3cd3f061-f3bc-4042-84c6-bb5f13722996'),('996624a5-e9e5-46f8-83b8-00a5e4f98f52','Zinc, Zn',5,'mg','ZN','30386c99-cc37-49c8-8110-7eabf566410c'),('99ae59ed-cc6c-40af-9e74-aa846889595a','Iron, Fe',14,'mg','FE','30386c99-cc37-49c8-8110-7eabf566410c'),('99cad881-2fa2-4170-9a5e-ac3197da9747','Folate, food',48,'µg','FOLFD','97a5aba6-9d39-47da-b4a9-9e75d92d7e01'),('9a062023-dd51-4cdc-9189-10c100e4c2c1','Total lipid (fat)',135,'g','FAT','5bab4042-9684-4fae-ad3b-5f5de9350580'),('9a22b45e-8129-4e1f-9b1f-6bd7ce88092b','Sugars, added',134,'g','SUGAR.added','1be483a2-eafd-4db8-bc19-f45b9efb8a3c'),('9a3f6f3c-9920-4b44-ba3c-e812c179498b','Vitamin D (D2 + D3)',0,'µg','VITD','35a89094-78da-4931-96cc-d5cbf0f5d6fb'),('9a55aa54-625f-4654-b1e3-519d1eb55c96','Energy',1776,'kcal','ENERC_KCAL','fd273271-21a1-43b1-b0bb-4e8c22c19b21'),('9a67ed56-9863-477d-a214-4b3df1f36217','Folate, food',251,'µg','FOLFD','d1466bc9-050b-425e-ad8e-af0675f32354'),('9a90613e-9017-45de-b28f-768bf5669f2b','Calcium, Ca',257,'mg','CA','666a0b5b-90a1-427b-940e-9316d3b67ef8'),('9b8e4a84-2ca5-443b-9ce0-dad2458f5616','Cholesterol',198,'mg','CHOLE','4ddb632f-e9f1-4eed-a3bc-dc0984887e63'),('9b940ebe-930a-4dfa-99c4-c2aa8277e4ce','Fatty acids, total saturated',20,'g','FASAT','fd273271-21a1-43b1-b0bb-4e8c22c19b21'),('9c937981-066c-499f-acee-b801526787b8','Phosphorus, P',1643,'mg','P','fde67312-80de-43bd-8c1a-196393822bfc'),('9c94fee0-5112-4bbf-8bc4-38c55cdc5897','Iron, Fe',6,'mg','FE','666a0b5b-90a1-427b-940e-9316d3b67ef8'),('9caf7389-d927-4a73-af45-efee45352449','Iron, Fe',9,'mg','FE','f3248d19-b91e-46da-b3ab-8735aac7c391'),('9cb8a112-93cc-4408-9164-e68254d2c45f','Phosphorus, P',463,'mg','P','b6807a17-f27c-42aa-a722-930084f8b211'),('9ddb4a0d-465b-4f54-ac6d-cfc443a91d5b','Folate, DFE',161,'µg','FOLDFE','666a0b5b-90a1-427b-940e-9316d3b67ef8'),('9ded1121-01a5-4e6e-a89d-ed3a75f9a8b4','Fatty acids, total polyunsaturated',31,'g','FAPU','d1466bc9-050b-425e-ad8e-af0675f32354'),('9e258f09-2aa8-4fa5-b024-aa224c05a2a4','Protein',109,'g','PROCNT','85cb832a-a110-46ea-a7db-ccfcfbc883ab'),('9f3c5c49-3fb8-4499-98b7-3ae72503b400','Zinc, Zn',4,'mg','ZN','f3248d19-b91e-46da-b3ab-8735aac7c391'),('9f7f5990-b313-4d30-9066-3f8e833c9434','Sodium, Na',3293,'mg','NA','f3248d19-b91e-46da-b3ab-8735aac7c391'),('9f988bbc-966e-460f-8ad4-7ad6cd87482e','Calcium, Ca',504,'mg','CA','87c7f114-0945-4706-b90f-76de7818c35b'),('9fc52eb2-5492-4a1d-9f4b-3c0113e17cae','Fiber, total dietary',14,'g','FIBTG','dcfd256e-b215-4d56-9502-9fd095113a11'),('9fd55796-948c-4bca-bef9-4bbfb763cc3f','Vitamin A, RAE',122,'µg','VITA_RAE','b6807a17-f27c-42aa-a722-930084f8b211'),('a00f93cd-55a0-48f7-845a-a509913a6855','Carbohydrate, by difference',94,'g','CHOCDF','b4191208-a0a1-4ea3-a1ce-e6cdeca0af94'),('a0634ddf-8f5f-491a-b758-9654de8d7be8','Iron, Fe',9,'mg','FE','a3b6891b-fad3-4c7a-9240-cbd0cb2fb132'),('a0ae43a9-7ffb-4353-835c-4712143684a0','Potassium, K',1175,'mg','K','97a5aba6-9d39-47da-b4a9-9e75d92d7e01'),('a0b0b72f-662e-4a9f-851e-7970a4d6aef9','Sodium, Na',2051,'mg','NA','25c855c1-a417-4c89-8683-1485925a9870'),('a0c59fcb-e344-4044-95aa-7287d9c92b65','Vitamin B-12',0,'µg','VITB12','5bab4042-9684-4fae-ad3b-5f5de9350580'),('a0d50b60-8210-4b0f-af8b-7fd84a0b5d02','Potassium, K',974,'mg','K','2e0c1573-6f3b-4c6b-90e4-5dff011b9673'),('a14b3b3b-03e5-405e-9755-0915f69b8789','Calcium, Ca',497,'mg','CA','1d732269-5ba6-4e29-a127-da0a2b6fa54f'),('a19905b3-4807-4102-8a5a-d207e8bb5390','Water',1032,'g','WATER','fde67312-80de-43bd-8c1a-196393822bfc'),('a1c1091f-6774-4303-8b49-cc043ada53be','Total lipid (fat)',19,'g','FAT','15b901f9-3232-4f6e-9664-a243c932fe32'),('a1c5982a-e28f-4083-b074-578abfd3686d','Protein',40,'g','PROCNT','1be483a2-eafd-4db8-bc19-f45b9efb8a3c'),('a1cd16a1-e44c-4002-be02-d9b002e2ecd7','Potassium, K',3235,'mg','K','d1466bc9-050b-425e-ad8e-af0675f32354'),('a209e44b-cfe8-43dd-87dc-9c1f99aa1b3b','Zinc, Zn',2,'mg','ZN','15b901f9-3232-4f6e-9664-a243c932fe32'),('a230d521-5cfd-4e88-bff4-99b071fb3b20','Water',515,'g','WATER','e60e7c73-32ac-4170-916e-6a8a0733070c'),('a27c1c42-4430-416b-aac5-ce2f2a1aee8b','Protein',143,'g','PROCNT','fde67312-80de-43bd-8c1a-196393822bfc'),('a2a66dd1-ddc3-45ff-b4d8-208d9752ec68','Phosphorus, P',247,'mg','P','f852a4dc-e20b-4a41-acd6-789db0813143'),('a362092e-7177-4850-b1cd-5fc29c1ecec0','Vitamin D (D2 + D3)',0,'µg','VITD','b6807a17-f27c-42aa-a722-930084f8b211'),('a369f13b-f1ca-4149-b931-d1d2c866cf82','Vitamin D (D2 + D3)',0,'µg','VITD','f3248d19-b91e-46da-b3ab-8735aac7c391'),('a3efcc2e-6562-446c-9f6a-ea6b2c8e67b6','Thiamin',1,'mg','THIA','dd24945a-27fb-47d8-994f-7470d8aaf38a'),('a40a95be-22c8-4f99-bab1-97af658d95fb','Vitamin A, RAE',619,'µg','VITA_RAE','4ddb632f-e9f1-4eed-a3bc-dc0984887e63'),('a46e242e-7c92-445c-be11-801b2a5fc468','Fatty acids, total polyunsaturated',82,'g','FAPU','dcfd256e-b215-4d56-9502-9fd095113a11'),('a48a31be-d138-4197-8f6f-5bf3b3195583','Vitamin B-6',0,'mg','VITB6A','1be483a2-eafd-4db8-bc19-f45b9efb8a3c'),('a4a6973e-52bd-49f0-84f9-2dcb5d41b981','Fatty acids, total trans',0,'g','FATRN','b6807a17-f27c-42aa-a722-930084f8b211'),('a4f238f8-fbca-4e5a-9d30-636862004711','Fatty acids, total monounsaturated',3,'g','FAMS','87c7f114-0945-4706-b90f-76de7818c35b'),('a4fed62f-a0c8-49db-bd00-30415fa141f1','Niacin',10,'mg','NIA','b4191208-a0a1-4ea3-a1ce-e6cdeca0af94'),('a5088464-eaab-4424-a08a-d84b75af4207','Sodium, Na',1496,'mg','NA','ba62229e-0ab7-4b07-b4e8-de3b7d876f3b'),('a53de0a8-6347-42ae-b863-197637aef125','Carbohydrate, by difference',49,'g','CHOCDF','f5762675-fe7e-4f23-83da-e8f379b8fef7'),('a53eac34-a070-4efe-bbdb-c0d992b76109','Riboflavin',2,'mg','RIBF','e89aaa1b-efd1-444b-a26d-76f2c8a70e12'),('a55b5bfb-a634-490f-812a-aa5ba9315388','Magnesium, Mg',1524,'mg','MG','ce7c42d8-f557-42e1-8e53-d9925bcafd3b'),('a563cdb2-ba83-41b5-be76-fa293533428f','Folate, DFE',42,'µg','FOLDFE','dcfd256e-b215-4d56-9502-9fd095113a11'),('a60e3250-9589-4c08-9d6c-b83792922b74','Water',292,'g','WATER','1be483a2-eafd-4db8-bc19-f45b9efb8a3c'),('a6142497-129e-48bd-9eea-180da3c1c4da','Phosphorus, P',1104,'mg','P','e60e7c73-32ac-4170-916e-6a8a0733070c'),('a61bbd75-06da-44f8-8b5e-6e0cf076abb0','Niacin',15,'mg','NIA','a3e3c39d-34f8-42b7-9727-3711233f1bce'),('a61e43bf-1fdf-4653-842f-e807f8894c60','Vitamin E (alpha-tocopherol)',151,'mg','TOCPHA','f5762675-fe7e-4f23-83da-e8f379b8fef7'),('a67e5d9a-b959-4851-89ce-93b48d33a9df','Energy',1651,'kcal','ENERC_KCAL','f3248d19-b91e-46da-b3ab-8735aac7c391'),('a6aec6ce-975f-413b-8c0d-d4ad076f3252','Fatty acids, total monounsaturated',30,'g','FAMS','f852a4dc-e20b-4a41-acd6-789db0813143'),('a6df90e5-5541-45fc-8bb3-f9655e48176a','Magnesium, Mg',252,'mg','MG','dd51b859-f756-4e11-8be5-f6209bb068e8'),('a71eecd3-a804-4289-b560-baa25e64fe34','Vitamin E (alpha-tocopherol)',2,'mg','TOCPHA','6c629135-2f44-49dd-bb25-0141b773a34e'),('a7596324-2623-48e5-9d3b-a77afe81a9bb','Vitamin D (D2 + D3)',0,'µg','VITD','f852a4dc-e20b-4a41-acd6-789db0813143'),('a772e985-545f-4a35-85ae-cd81c04536f0','Water',45,'g','WATER','3cd3f061-f3bc-4042-84c6-bb5f13722996'),('a7e4213f-1577-48f0-9db2-9cbd193efe57','Magnesium, Mg',90,'mg','MG','fcd030aa-35d1-4f31-95d6-f2bb0bd7c902'),('a80505fd-dbe1-4c00-b8c9-f0d7b5d1d4af','Vitamin D (D2 + D3)',0,'µg','VITD','5bab4042-9684-4fae-ad3b-5f5de9350580'),('a82fe459-3a1d-4322-a6a4-c4db6294efdd','Cholesterol',162,'mg','CHOLE','1d732269-5ba6-4e29-a127-da0a2b6fa54f'),('a83a3ba3-d63a-4bb2-b489-8718f7ea074b','Magnesium, Mg',233,'mg','MG','4ddb632f-e9f1-4eed-a3bc-dc0984887e63'),('a8518b52-0e9c-4e18-91cb-45366408dd70','Calcium, Ca',66,'mg','CA','97a5aba6-9d39-47da-b4a9-9e75d92d7e01'),('a860855a-c15a-43ad-a93d-76df3260bc64','Fatty acids, total trans',0,'g','FATRN','f3248d19-b91e-46da-b3ab-8735aac7c391'),('a86908d6-28af-4d6d-93c6-3759a0de2459','Fatty acids, total saturated',27,'g','FASAT','dcfd256e-b215-4d56-9502-9fd095113a11'),('a8e8ff20-508d-4b95-8622-54efc5203dd2','Fatty acids, total saturated',36,'g','FASAT','dd24945a-27fb-47d8-994f-7470d8aaf38a'),('a9b7991b-2bc6-4e7c-8d72-e3307677fd17','Water',604,'g','WATER','85cb832a-a110-46ea-a7db-ccfcfbc883ab'),('aa17548d-8c94-4e89-a4e3-8b90cf596b18','Riboflavin',6,'mg','RIBF','fed3dedf-43b3-4de5-9433-6028e601bcf1'),('aa45fe9f-7bda-47e6-b94b-e636ced95b25','Fiber, total dietary',141,'g','FIBTG','ce7c42d8-f557-42e1-8e53-d9925bcafd3b'),('aa6abb2b-61d3-443d-a4fd-67ec93c345f0','Magnesium, Mg',108,'mg','MG','b4191208-a0a1-4ea3-a1ce-e6cdeca0af94'),('aad6e23d-bbc0-4728-a234-e4c35547dd25','Fatty acids, total trans',0,'g','FATRN','3107980b-9142-415e-9b29-b1ffe0e24119'),('aae1909a-dab1-4563-84ad-a3fc8f18224c','Sodium, Na',123,'mg','NA','fcd030aa-35d1-4f31-95d6-f2bb0bd7c902'),('aaee205a-3099-492e-8aae-dc346421b103','Fatty acids, total saturated',7,'g','FASAT','6570af5a-e811-45b8-a533-c4f06438e1ff'),('abece20c-3e12-4d88-9054-f39194ffa374','Folate, DFE',48,'µg','FOLDFE','97a5aba6-9d39-47da-b4a9-9e75d92d7e01'),('ac5c7b37-17ee-408b-a2da-f70987138022','Vitamin A, RAE',177,'µg','VITA_RAE','d1466bc9-050b-425e-ad8e-af0675f32354'),('ac75ad14-8328-4b69-97e3-ab34b0db8505','Protein',128,'g','PROCNT','893397cd-a91f-4f09-a179-7376cef82601'),('acb49d70-4744-4b77-ad69-22f1c1f690f5','Folic acid',0,'µg','FOLAC','fcd030aa-35d1-4f31-95d6-f2bb0bd7c902'),('ace75399-925b-42e3-96b6-b260d7f6d604','Sugars, total',60,'g','SUGAR','87c7f114-0945-4706-b90f-76de7818c35b'),('aded18f5-351f-4af0-b50d-6f42ede433b9','Vitamin D (D2 + D3)',1,'µg','VITD','fde67312-80de-43bd-8c1a-196393822bfc'),('ae3c5e6f-fc28-489b-a830-bc50b7b2e567','Folic acid',12,'µg','FOLAC','b6807a17-f27c-42aa-a722-930084f8b211'),('aef67aa1-191e-4bed-8a18-03b4434a0685','Sodium, Na',1562,'mg','NA','4ddb632f-e9f1-4eed-a3bc-dc0984887e63'),('af027c8d-03d1-45c4-956b-1e10a21cb6dd','Fatty acids, total trans',0,'g','FATRN','3cd3f061-f3bc-4042-84c6-bb5f13722996'),('af285fbc-4f1b-47fd-a31d-fdb2a31654ab','Fatty acids, total saturated',9,'g','FASAT','3cd3f061-f3bc-4042-84c6-bb5f13722996'),('af48f320-b6d2-4be4-a8ab-6d4fb54649ed','Phosphorus, P',357,'mg','P','f5762675-fe7e-4f23-83da-e8f379b8fef7'),('af4eae2e-fa25-4f75-ad25-ca8fb8c31b18','Total lipid (fat)',49,'g','FAT','6570af5a-e811-45b8-a533-c4f06438e1ff'),('af73b6f4-f94f-4e25-a5b1-2def50c1b886','Carbohydrate, by difference',591,'g','CHOCDF','fed3dedf-43b3-4de5-9433-6028e601bcf1'),('afa5f434-54ea-4ec6-83ae-121ae8cf55d5','Zinc, Zn',4,'mg','ZN','b6807a17-f27c-42aa-a722-930084f8b211'),('afbcf2e6-0fb3-4b6d-8765-c26744797f56','Magnesium, Mg',57,'mg','MG','87c7f114-0945-4706-b90f-76de7818c35b'),('afc01bd2-6ead-4259-9702-b5df29caca19','Phosphorus, P',252,'mg','P','fcd030aa-35d1-4f31-95d6-f2bb0bd7c902'),('afdd7697-2f45-477d-b1e7-bff86650e52f','Vitamin D (D2 + D3)',1,'µg','VITD','2e0c1573-6f3b-4c6b-90e4-5dff011b9673'),('b031530d-f71d-40df-827e-4a765b288883','Vitamin B-6',0,'mg','VITB6A','a3e3c39d-34f8-42b7-9727-3711233f1bce'),('b0693a3b-d92c-4390-86ef-bfa468d42dc5','Zinc, Zn',3,'mg','ZN','666a0b5b-90a1-427b-940e-9316d3b67ef8'),('b0ab2326-e8de-45d2-8832-3c54962e6397','Potassium, K',1207,'mg','K','ba62229e-0ab7-4b07-b4e8-de3b7d876f3b'),('b0fab425-10b8-492b-bad7-1306a1d6bf09','Fiber, total dietary',21,'g','FIBTG','f852a4dc-e20b-4a41-acd6-789db0813143'),('b128e227-09c6-4296-9d61-e37886d0fd09','Vitamin E (alpha-tocopherol)',11,'mg','TOCPHA','e60e7c73-32ac-4170-916e-6a8a0733070c'),('b1500b1d-452c-47e8-9c93-57c76eab528e','Total lipid (fat)',49,'g','FAT','3cd3f061-f3bc-4042-84c6-bb5f13722996'),('b15170bd-0421-436a-919b-a9d056fcb7ae','Energy',2286,'kcal','ENERC_KCAL','ba62229e-0ab7-4b07-b4e8-de3b7d876f3b'),('b15becf4-aca7-4944-aec6-267afef13c5f','Vitamin C, total ascorbic acid',230,'mg','VITC','f852a4dc-e20b-4a41-acd6-789db0813143'),('b16ce74c-f3ee-483f-959c-3909f181f693','Folic acid',0,'µg','FOLAC','e60e7c73-32ac-4170-916e-6a8a0733070c'),('b1809cc3-286f-4fff-932a-427d35323287','Fatty acids, total polyunsaturated',7,'g','FAPU','1be483a2-eafd-4db8-bc19-f45b9efb8a3c'),('b1e37894-aff5-4b67-a149-6d1d02d0f691','Protein',89,'g','PROCNT','dd51b859-f756-4e11-8be5-f6209bb068e8'),('b1f15e1e-bd65-456c-b169-65de4ab0c7a3','Iron, Fe',6,'mg','FE','dd51b859-f756-4e11-8be5-f6209bb068e8'),('b1f30f42-1c43-42ef-b1c1-38267e8c96b1','Calcium, Ca',297,'mg','CA','f5762675-fe7e-4f23-83da-e8f379b8fef7'),('b1fc5e30-f17e-4512-a897-094163b0de8f','Vitamin B-12',1,'µg','VITB12','2e0c1573-6f3b-4c6b-90e4-5dff011b9673'),('b218717e-95a7-4388-a441-089408c42f17','Potassium, K',1397,'mg','K','fcd030aa-35d1-4f31-95d6-f2bb0bd7c902'),('b22474af-f3f8-4f06-80ef-31258ab86c12','Thiamin',7,'mg','THIA','ce7c42d8-f557-42e1-8e53-d9925bcafd3b'),('b2333389-76cf-44eb-a756-e7e5497dc35c','Magnesium, Mg',12,'mg','MG','3cd3f061-f3bc-4042-84c6-bb5f13722996'),('b2690cd0-726a-4109-ad51-77ec77c06dd3','Riboflavin',3,'mg','RIBF','85cb832a-a110-46ea-a7db-ccfcfbc883ab'),('b27b1a8f-abd5-4a6a-99d8-61b9589afa33','Sodium, Na',192,'mg','NA','87c7f114-0945-4706-b90f-76de7818c35b'),('b2b288a9-f506-41cc-af0b-6ed8a6e4481d','Vitamin B-12',0,'µg','VITB12','dcfd256e-b215-4d56-9502-9fd095113a11'),('b2be75f2-0240-446a-b632-5299398fabac','Phosphorus, P',641,'mg','P','f3248d19-b91e-46da-b3ab-8735aac7c391'),('b2f23b25-f7a9-46d5-83ec-9052f63a4408','Riboflavin',1,'mg','RIBF','1d732269-5ba6-4e29-a127-da0a2b6fa54f'),('b326ded2-324c-47a1-b6d0-494379d1c562','Vitamin E (alpha-tocopherol)',11,'mg','TOCPHA','f3248d19-b91e-46da-b3ab-8735aac7c391'),('b3312b8f-120f-49a6-9726-c6e6e0fcd3d4','Phosphorus, P',780,'mg','P','a3e3c39d-34f8-42b7-9727-3711233f1bce'),('b33f9aaf-2e23-4dc2-801f-8d09599aa91e','Water',647,'g','WATER','6570af5a-e811-45b8-a533-c4f06438e1ff'),('b340c232-1ddb-464d-9956-b28908e926c8','Phosphorus, P',761,'mg','P','ba62229e-0ab7-4b07-b4e8-de3b7d876f3b'),('b342ce8e-d6d3-45bf-ade8-afd5179a9cf3','Water',351,'g','WATER','666a0b5b-90a1-427b-940e-9316d3b67ef8'),('b34440c4-679b-4039-9b6a-a632fa6d3a42','Riboflavin',3,'mg','RIBF','ce7c42d8-f557-42e1-8e53-d9925bcafd3b'),('b37cf328-debe-40d9-841c-96980034f311','Cholesterol',372,'mg','CHOLE','e60e7c73-32ac-4170-916e-6a8a0733070c'),('b3b2e3bc-9653-4e51-8d2f-b7e6461b909d','Vitamin K (phylloquinone)',179,'µg','VITK1','5bab4042-9684-4fae-ad3b-5f5de9350580'),('b3e96b8b-cdf0-4815-96ad-501d4f10e586','Thiamin',42,'mg','THIA','fde67312-80de-43bd-8c1a-196393822bfc'),('b3f12d90-4e28-4853-9ba5-c645f6651db4','Carbohydrate, by difference',125,'g','CHOCDF','25c855c1-a417-4c89-8683-1485925a9870'),('b481b56b-42be-4a62-b7c2-b2aabfc9a9ba','Phosphorus, P',375,'mg','P','97a5aba6-9d39-47da-b4a9-9e75d92d7e01'),('b49278e6-c248-4c71-9628-cb174091f919','Magnesium, Mg',316,'mg','MG','2e0c1573-6f3b-4c6b-90e4-5dff011b9673'),('b49d59a7-497b-48f6-a60e-d69a0cfa2ce4','Energy',3806,'kcal','ENERC_KCAL','a3e3c39d-34f8-42b7-9727-3711233f1bce'),('b4aade1d-ba8b-4aac-ad59-1fd965464744','Calcium, Ca',1344,'mg','CA','ce7c42d8-f557-42e1-8e53-d9925bcafd3b'),('b4d2a273-9000-42a2-a0bc-be3a71bb6ba4','Fatty acids, total monounsaturated',48,'g','FAMS','fde67312-80de-43bd-8c1a-196393822bfc'),('b4e3a60a-ad99-474f-b1b8-93eea8110e63','Fatty acids, total monounsaturated',30,'g','FAMS','6c629135-2f44-49dd-bb25-0141b773a34e'),('b4e49ea2-0408-470c-be8c-b7e85d8133d7','Iron, Fe',5,'mg','FE','97a5aba6-9d39-47da-b4a9-9e75d92d7e01'),('b52fc500-0ff2-40c2-9c48-16aadf16a74e','Folate, food',77,'µg','FOLFD','1be483a2-eafd-4db8-bc19-f45b9efb8a3c'),('b5483795-e943-4b6c-ace8-f6f90b0e5d3f','Total lipid (fat)',707,'g','FAT','f5762675-fe7e-4f23-83da-e8f379b8fef7'),('b56d2e3c-db66-434d-95c4-11c975beb6b3','Protein',21,'g','PROCNT','f3248d19-b91e-46da-b3ab-8735aac7c391'),('b57b5046-526f-4d61-b044-5eb892039dfc','Riboflavin',0,'mg','RIBF','f5762675-fe7e-4f23-83da-e8f379b8fef7'),('b59faee1-b74f-4102-9e77-06b33e7dbbec','Folate, DFE',580,'µg','FOLDFE','a3e3c39d-34f8-42b7-9727-3711233f1bce'),('b60aefbe-eba3-43f8-8acb-25bd0eae6d2e','Vitamin A, RAE',9005,'µg','VITA_RAE','ce7c42d8-f557-42e1-8e53-d9925bcafd3b'),('b615d948-a22f-42b8-8b65-f2bbcec0b66e','Niacin',13,'mg','NIA','1be483a2-eafd-4db8-bc19-f45b9efb8a3c'),('b6451fe4-c261-4933-a177-daab95b43afe','Vitamin B-6',1,'mg','VITB6A','97a5aba6-9d39-47da-b4a9-9e75d92d7e01'),('b64973fa-c4cd-4bf3-8668-15b801278e8c','Sodium, Na',3178,'mg','NA','1d732269-5ba6-4e29-a127-da0a2b6fa54f'),('b66e0877-f211-4e5b-b255-da36752a9358','Thiamin',0,'mg','THIA','fcd030aa-35d1-4f31-95d6-f2bb0bd7c902'),('b67ace83-f785-4a38-8159-f39630480000','Carbohydrate, by difference',86,'g','CHOCDF','97a5aba6-9d39-47da-b4a9-9e75d92d7e01'),('b69933bb-9909-428a-81bb-e8213fb718d9','Vitamin B-12',1,'µg','VITB12','b6807a17-f27c-42aa-a722-930084f8b211'),('b6cabc74-935e-42e9-90b0-fcc730c0f5f3','Fiber, total dietary',25,'g','FIBTG','6570af5a-e811-45b8-a533-c4f06438e1ff'),('b6d3f1ae-d6b0-4673-9981-c7c0a0f6bf42','Vitamin D (D2 + D3)',0,'µg','VITD','30386c99-cc37-49c8-8110-7eabf566410c'),('b7217d14-f3fb-4100-87a1-d567b4ae6336','Fatty acids, total monounsaturated',87,'g','FAMS','a3b6891b-fad3-4c7a-9240-cbd0cb2fb132'),('b7ad9ebe-9913-4ea7-868e-ab9799a36f2e','Potassium, K',2124,'mg','K','e89aaa1b-efd1-444b-a26d-76f2c8a70e12'),('b7ce18e6-8030-41a7-9dc2-14e9d8e3f18c','Fatty acids, total trans',8,'g','FATRN','a3e3c39d-34f8-42b7-9727-3711233f1bce'),('b7d36723-7f38-4182-92ae-2a03a993753c','Fatty acids, total trans',0,'g','FATRN','fcd030aa-35d1-4f31-95d6-f2bb0bd7c902'),('b7ec5853-f881-4e66-86a5-eee179888a4e','Riboflavin',1,'mg','RIBF','e60e7c73-32ac-4170-916e-6a8a0733070c'),('b804648c-3ff0-4612-a019-f44370519754','Fatty acids, total monounsaturated',13,'g','FAMS','dd24945a-27fb-47d8-994f-7470d8aaf38a'),('b84ea9a5-92bd-48c3-ad45-fdbb0190e926','Riboflavin',1,'mg','RIBF','5bab4042-9684-4fae-ad3b-5f5de9350580'),('b898b2ef-b1f1-453e-a0cd-d14e6b5920c7','Fatty acids, total monounsaturated',15,'g','FAMS','fed3dedf-43b3-4de5-9433-6028e601bcf1'),('b89f02c9-5a95-4c89-bf54-002801f18a52','Vitamin A, RAE',325,'µg','VITA_RAE','f852a4dc-e20b-4a41-acd6-789db0813143'),('b8a78493-4cd4-49a1-ac71-e96f6be44aa1','Sodium, Na',1098,'mg','NA','b4191208-a0a1-4ea3-a1ce-e6cdeca0af94'),('b926b32c-ee0f-4d62-beb5-9f01212a605e','Folic acid',745,'µg','FOLAC','fed3dedf-43b3-4de5-9433-6028e601bcf1'),('b9402e2f-45b0-48b6-a3f3-7744e7439862','Cholesterol',32,'mg','CHOLE','3cd3f061-f3bc-4042-84c6-bb5f13722996'),('b95f4452-de9a-4b8c-a54e-347f76e0bb19','Potassium, K',1269,'mg','K','30386c99-cc37-49c8-8110-7eabf566410c'),('b96508f7-7bef-483c-ba72-51d0b54d9e93','Vitamin E (alpha-tocopherol)',6,'mg','TOCPHA','25c855c1-a417-4c89-8683-1485925a9870'),('b98321f8-7fe6-4db0-b15e-a0c8d4a00419','Zinc, Zn',8,'mg','ZN','dd51b859-f756-4e11-8be5-f6209bb068e8'),('b9890c91-5c56-4db4-aebd-ec436ab44049','Protein',34,'g','PROCNT','6c629135-2f44-49dd-bb25-0141b773a34e'),('b9c599a9-4e4f-4227-b276-b59aa2324de4','Potassium, K',823,'mg','K','15b901f9-3232-4f6e-9664-a243c932fe32'),('ba02d958-b47f-4c59-8cc1-6d992f35b5e0','Riboflavin',1,'mg','RIBF','f852a4dc-e20b-4a41-acd6-789db0813143'),('ba1206a8-96f1-479f-b6d9-76e5965d1ea4','Energy',1624,'kcal','ENERC_KCAL','a3b6891b-fad3-4c7a-9240-cbd0cb2fb132'),('ba75b2fb-56ac-40db-9dda-9c6de7fd65ca','Folate, food',161,'µg','FOLFD','666a0b5b-90a1-427b-940e-9316d3b67ef8'),('ba8e1626-f8a9-437f-983a-8b9cf9b17f91','Fatty acids, total monounsaturated',139,'g','FAMS','2e0c1573-6f3b-4c6b-90e4-5dff011b9673'),('baa1d1b2-bd63-4b7c-967c-2a8659b82202','Fiber, total dietary',28,'g','FIBTG','fed3dedf-43b3-4de5-9433-6028e601bcf1'),('bab6d365-e59d-4f18-b339-da0a077fcb9c','Protein',65,'g','PROCNT','d1466bc9-050b-425e-ad8e-af0675f32354'),('babff446-0d53-42f2-b516-46de007c4716','Sugars, total',68,'g','SUGAR','dcfd256e-b215-4d56-9502-9fd095113a11'),('badea20d-6c01-4dec-9ae1-201867fa26f2','Vitamin K (phylloquinone)',11,'µg','VITK1','b4191208-a0a1-4ea3-a1ce-e6cdeca0af94'),('bae4fb86-15f7-4571-8ddf-7adaeeb92fc3','Phosphorus, P',1687,'mg','P','893397cd-a91f-4f09-a179-7376cef82601'),('bb1f7366-dd67-4842-9c38-5293c32519ab','Vitamin C, total ascorbic acid',193,'mg','VITC','e60e7c73-32ac-4170-916e-6a8a0733070c'),('bb3323c5-4ba1-4836-9750-a94bbde057b5','Thiamin',0,'mg','THIA','35a89094-78da-4931-96cc-d5cbf0f5d6fb'),('bb639669-7a9d-4a6c-ab11-5ba84741314c','Fatty acids, total saturated',24,'g','FASAT','b6807a17-f27c-42aa-a722-930084f8b211'),('bb83cec9-3f07-44f2-b6fa-90cd679f7066','Vitamin E (alpha-tocopherol)',0,'mg','TOCPHA','15b901f9-3232-4f6e-9664-a243c932fe32'),('bb902af2-02eb-49ce-b4f6-ab21c0d98330','Vitamin K (phylloquinone)',10,'µg','VITK1','b6807a17-f27c-42aa-a722-930084f8b211'),('bbadca7f-e70d-472e-9176-2f8f6e425440','Vitamin B-12',1,'µg','VITB12','4ddb632f-e9f1-4eed-a3bc-dc0984887e63'),('bbcbc241-8cbc-4b94-bd3e-f50d19b0354a','Folic acid',0,'µg','FOLAC','666a0b5b-90a1-427b-940e-9316d3b67ef8'),('bbdec228-c08f-4977-95cd-c7ca360c0c85','Sugars, total',13,'g','SUGAR','b6807a17-f27c-42aa-a722-930084f8b211'),('bc40fbb4-6bbb-4d97-96fb-dbbdbb1b3505','Fatty acids, total trans',0,'g','FATRN','a3b6891b-fad3-4c7a-9240-cbd0cb2fb132'),('bc723bde-a1ce-49de-8657-658eb120177b','Vitamin B-6',0,'mg','VITB6A','15b901f9-3232-4f6e-9664-a243c932fe32'),('bcae1947-e89b-40e8-9579-3e75c86d7007','Potassium, K',459,'mg','K','dd24945a-27fb-47d8-994f-7470d8aaf38a'),('bcbd029c-b8af-4f5a-a89f-2dcf0d1ce9b4','Fiber, total dietary',21,'g','FIBTG','85cb832a-a110-46ea-a7db-ccfcfbc883ab'),('bce388dc-a500-4bd9-bca7-b0e81d58417f','Total lipid (fat)',221,'g','FAT','d1466bc9-050b-425e-ad8e-af0675f32354'),('bd59554b-a6ee-4123-9dc9-c89b8b13a7f8','Fatty acids, total monounsaturated',37,'g','FAMS','dcfd256e-b215-4d56-9502-9fd095113a11'),('bd6353a7-f4e2-4c8d-89e2-a36e44958e73','Iron, Fe',8,'mg','FE','b4191208-a0a1-4ea3-a1ce-e6cdeca0af94'),('bd7d61fd-57da-40cf-87a2-305b15cb670a','Total lipid (fat)',141,'g','FAT','fd273271-21a1-43b1-b0bb-4e8c22c19b21'),('bd8b154f-da01-4014-a789-e87ef023f58b','Iron, Fe',5,'mg','FE','f5762675-fe7e-4f23-83da-e8f379b8fef7'),('bd936a03-6e9a-42b1-94f8-3ee35982624a','Vitamin K (phylloquinone)',1,'µg','VITK1','3107980b-9142-415e-9b29-b1ffe0e24119'),('bdaa5693-fddb-4479-97c3-84d37a3940ba','Vitamin B-12',0,'µg','VITB12','fcd030aa-35d1-4f31-95d6-f2bb0bd7c902'),('bdbf432f-7a54-4dac-b4a3-e7f658245307','Sugars, added',299,'g','SUGAR.added','a3e3c39d-34f8-42b7-9727-3711233f1bce'),('be437f71-c05d-4d2c-b1c5-6ba36a5fde7b','Potassium, K',2015,'mg','K','fed3dedf-43b3-4de5-9433-6028e601bcf1'),('be726208-40e9-494f-ae12-acb6fec3fd7c','Sodium, Na',1485,'mg','NA','3107980b-9142-415e-9b29-b1ffe0e24119'),('bea6b590-0f16-4cd0-8001-5e78badfc62b','Vitamin D (D2 + D3)',0,'µg','VITD','97a5aba6-9d39-47da-b4a9-9e75d92d7e01'),('bf1d08e9-2be1-42e0-8b2f-b9d14d46f6df','Carbohydrate, by difference',100,'g','CHOCDF','dcfd256e-b215-4d56-9502-9fd095113a11'),('bf2395ac-400e-4180-bd92-850679b931c7','Energy',513,'kcal','ENERC_KCAL','25c855c1-a417-4c89-8683-1485925a9870'),('bf5132c7-4744-4560-b8c4-bc280b4e582a','Potassium, K',1640,'mg','K','fd273271-21a1-43b1-b0bb-4e8c22c19b21'),('bfa5ecb7-763a-4822-8aae-d3031872beef','Vitamin K (phylloquinone)',19,'µg','VITK1','f5762675-fe7e-4f23-83da-e8f379b8fef7'),('bfa99873-0a50-450d-89ba-38951432ef1e','Fatty acids, total saturated',9,'g','FASAT','fde67312-80de-43bd-8c1a-196393822bfc'),('bfb67556-3701-4b75-8658-1d3c0afa6083','Vitamin C, total ascorbic acid',0,'mg','VITC','b4191208-a0a1-4ea3-a1ce-e6cdeca0af94'),('c010a9ef-973e-4c7d-a2a3-fc249b6b71d4','Carbohydrate, by difference',505,'g','CHOCDF','e60e7c73-32ac-4170-916e-6a8a0733070c'),('c0299e35-0caf-4de4-a289-6d1eca1f5867','Cholesterol',251,'mg','CHOLE','1be483a2-eafd-4db8-bc19-f45b9efb8a3c'),('c0af46f3-a1ad-4cde-8589-9e6b7f221335','Niacin',8,'mg','NIA','1d732269-5ba6-4e29-a127-da0a2b6fa54f'),('c0b3af29-f4bd-4e9d-ba14-e6f8de6bea77','Vitamin A, RAE',150,'µg','VITA_RAE','f5762675-fe7e-4f23-83da-e8f379b8fef7'),('c0feec14-b65c-4a53-b214-8bec91f9d932','Sugars, total',98,'g','SUGAR','25c855c1-a417-4c89-8683-1485925a9870'),('c13b09e0-b001-4fde-acec-9a54bccf96c0','Sugars, added',37,'g','SUGAR.added','15b901f9-3232-4f6e-9664-a243c932fe32'),('c19aa4f6-32f4-468d-8d4c-922acfba2afb','Sugars, total',12,'g','SUGAR','a3b6891b-fad3-4c7a-9240-cbd0cb2fb132'),('c1b39202-9bd2-4961-b8d7-b5bec139a510','Niacin',22,'mg','NIA','85cb832a-a110-46ea-a7db-ccfcfbc883ab'),('c26e6bfe-628c-4e81-8cf9-0b9be6e25749','Sugars, total',56,'g','SUGAR','fed3dedf-43b3-4de5-9433-6028e601bcf1'),('c27f8b6d-1e15-44ed-b93c-8be2c7348ce1','Vitamin E (alpha-tocopherol)',3,'mg','TOCPHA','6570af5a-e811-45b8-a533-c4f06438e1ff'),('c28a564d-5d61-41bd-9957-130de746288b','Potassium, K',105,'mg','K','3cd3f061-f3bc-4042-84c6-bb5f13722996'),('c2c77444-e34c-41e5-90f3-1f2d3b9be546','Zinc, Zn',5,'mg','ZN','ba62229e-0ab7-4b07-b4e8-de3b7d876f3b'),('c2f120e1-5519-4678-8040-36bf0e078f2a','Riboflavin',0,'mg','RIBF','3cd3f061-f3bc-4042-84c6-bb5f13722996'),('c3885306-a25a-4caa-8e98-0debd1e1c781','Sugars, total',19,'g','SUGAR','b4191208-a0a1-4ea3-a1ce-e6cdeca0af94'),('c4641e5a-0687-465c-b5e2-aa7af493a76e','Zinc, Zn',2,'mg','ZN','dd24945a-27fb-47d8-994f-7470d8aaf38a'),('c46d42f5-a789-4f88-aed2-8fc17ffdfdd0','Vitamin D (D2 + D3)',0,'µg','VITD','893397cd-a91f-4f09-a179-7376cef82601'),('c48077c4-0b12-495e-a041-1e7549e699c1','Vitamin B-6',3,'mg','VITB6A','5bab4042-9684-4fae-ad3b-5f5de9350580'),('c4c218ff-fbb4-469d-82e6-02e647fefeb4','Vitamin C, total ascorbic acid',7,'mg','VITC','fed3dedf-43b3-4de5-9433-6028e601bcf1'),('c50de409-f494-4f4f-a4aa-fa945b4a53a0','Fatty acids, total saturated',57,'g','FASAT','6c629135-2f44-49dd-bb25-0141b773a34e'),('c517b443-8cdd-44e6-b9d4-77a775e00fe7','Vitamin B-12',0,'µg','VITB12','6570af5a-e811-45b8-a533-c4f06438e1ff'),('c5231293-62c9-4d24-9ed4-af8fb3a229d3','Vitamin A, RAE',332,'µg','VITA_RAE','b4191208-a0a1-4ea3-a1ce-e6cdeca0af94'),('c561c079-0c52-49e9-895e-2c8535453ae9','Vitamin K (phylloquinone)',66,'µg','VITK1','893397cd-a91f-4f09-a179-7376cef82601'),('c5a79c48-71f7-42f2-b19e-a2c330c5363e','Cholesterol',282,'mg','CHOLE','dd24945a-27fb-47d8-994f-7470d8aaf38a'),('c5d60a0a-3391-4edf-a6ae-539fb5b183f0','Fiber, total dietary',3,'g','FIBTG','3107980b-9142-415e-9b29-b1ffe0e24119'),('c5e3aea9-ea0d-4d99-b273-b3b62e6ed302','Protein',113,'g','PROCNT','fd273271-21a1-43b1-b0bb-4e8c22c19b21'),('c617cedc-a464-442a-9487-525725986e9a','Iron, Fe',7,'mg','FE','f852a4dc-e20b-4a41-acd6-789db0813143'),('c62af9e0-29ef-4cd3-8bd0-56e4ae8e7aa4','Fatty acids, total polyunsaturated',1,'g','FAPU','30386c99-cc37-49c8-8110-7eabf566410c'),('c6bedcae-ebaf-414e-96fd-2860a1344557','Fiber, total dietary',4,'g','FIBTG','f5762675-fe7e-4f23-83da-e8f379b8fef7'),('c713588a-f000-408b-bc8e-c2e4a26a223e','Water',781,'g','WATER','6c629135-2f44-49dd-bb25-0141b773a34e'),('c75c618e-009c-42d0-8ef4-e17e6ea4e79d','Fiber, total dietary',4,'g','FIBTG','e89aaa1b-efd1-444b-a26d-76f2c8a70e12'),('c75d1e69-6890-4dc8-924d-fc2a9ed70dcf','Protein',54,'g','PROCNT','2e0c1573-6f3b-4c6b-90e4-5dff011b9673'),('c7a8d5f8-750b-43b6-944f-252dbbfc5e21','Zinc, Zn',23,'mg','ZN','e89aaa1b-efd1-444b-a26d-76f2c8a70e12'),('c7f50332-d76c-4545-b258-c7ac8f9e11d4','Fatty acids, total trans',1,'g','FATRN','dd24945a-27fb-47d8-994f-7470d8aaf38a'),('c811e85b-c1b4-4250-bd2a-490c22852a7c','Phosphorus, P',430,'mg','P','666a0b5b-90a1-427b-940e-9316d3b67ef8'),('c8379433-2f85-47f8-b0ee-29684c599a9e','Fatty acids, total trans',0,'g','FATRN','6c629135-2f44-49dd-bb25-0141b773a34e'),('c8d90290-efc0-46f1-b25a-64389ee58026','Vitamin B-6',2,'mg','VITB6A','35a89094-78da-4931-96cc-d5cbf0f5d6fb'),('c8ef9204-2e5c-4a90-baba-c17cf2209015','Fiber, total dietary',11,'g','FIBTG','97a5aba6-9d39-47da-b4a9-9e75d92d7e01'),('c9fdf3cd-3d6e-40fc-8ded-a53e20badd3e','Vitamin C, total ascorbic acid',209,'mg','VITC','893397cd-a91f-4f09-a179-7376cef82601'),('ca3e4f87-93bd-4e66-ad18-a35b2c70f63f','Calcium, Ca',102,'mg','CA','30386c99-cc37-49c8-8110-7eabf566410c'),('ca6fdceb-5a83-47e6-9fb3-6942db148e06','Vitamin B-12',0,'µg','VITB12','30386c99-cc37-49c8-8110-7eabf566410c'),('cac8a4c8-310e-49a6-8bf4-04076a4889f5','Cholesterol',0,'mg','CHOLE','ce7c42d8-f557-42e1-8e53-d9925bcafd3b'),('cade07f0-1c88-4585-8653-510339078b99','Vitamin B-6',0,'mg','VITB6A','2e0c1573-6f3b-4c6b-90e4-5dff011b9673'),('cb110d8b-7977-44c2-84d0-529fb934a81e','Magnesium, Mg',419,'mg','MG','fed3dedf-43b3-4de5-9433-6028e601bcf1'),('cb5f2979-c09c-4c70-abf5-6d67d02c4454','Total lipid (fat)',82,'g','FAT','ce7c42d8-f557-42e1-8e53-d9925bcafd3b'),('cb61b000-105f-408a-b6f4-cfb6e0e22f1c','Carbohydrate, by difference',61,'g','CHOCDF','30386c99-cc37-49c8-8110-7eabf566410c'),('cb7c05cd-1525-4ec0-9234-8176a80137fa','Zinc, Zn',7,'mg','ZN','1d732269-5ba6-4e29-a127-da0a2b6fa54f'),('cb857387-a6e0-49b1-ae8d-23c4ca60ac31','Fatty acids, total saturated',15,'g','FASAT','b4191208-a0a1-4ea3-a1ce-e6cdeca0af94'),('cb993e03-13ed-4d34-967d-747f3cbc5a13','Fatty acids, total saturated',35,'g','FASAT','35a89094-78da-4931-96cc-d5cbf0f5d6fb'),('cbca267a-f587-4b2e-902e-5a7e69d682c9','Vitamin K (phylloquinone)',21,'µg','VITK1','fd273271-21a1-43b1-b0bb-4e8c22c19b21'),('cc21df80-80ac-4353-8e83-601f10aac775','Zinc, Zn',3,'mg','ZN','a3e3c39d-34f8-42b7-9727-3711233f1bce'),('cc6ac11e-0624-4ba6-9c44-4f5d4fed830b','Iron, Fe',4,'mg','FE','3107980b-9142-415e-9b29-b1ffe0e24119'),('ccdf0035-efcf-4711-947e-3fcdfbaf2b6b','Vitamin B-6',2,'mg','VITB6A','fd273271-21a1-43b1-b0bb-4e8c22c19b21'),('ce01e1d4-05fc-4dda-b081-c1d6f0e457ae','Protein',34,'g','PROCNT','a3e3c39d-34f8-42b7-9727-3711233f1bce'),('ce5e2d33-75bd-4ae9-b0c8-6fab5f92f0c6','Thiamin',1,'mg','THIA','f3248d19-b91e-46da-b3ab-8735aac7c391'),('ce8ab616-d10a-4be7-96e6-d2afb43ae65b','Fatty acids, total trans',0,'g','FATRN','dcfd256e-b215-4d56-9502-9fd095113a11'),('cee81c79-311c-43d4-9ef5-d80261cc6e53','Vitamin E (alpha-tocopherol)',14,'mg','TOCPHA','893397cd-a91f-4f09-a179-7376cef82601'),('ceebc291-ac24-458b-8a80-402aed68217b','Sugars, total',48,'g','SUGAR','97a5aba6-9d39-47da-b4a9-9e75d92d7e01'),('cf87cf3e-0da6-4c9b-bfd8-ea2009bad6cf','Folic acid',35,'µg','FOLAC','b4191208-a0a1-4ea3-a1ce-e6cdeca0af94'),('cfb8485d-e055-49f8-abbb-7c4017b44b4c','Cholesterol',96,'mg','CHOLE','b6807a17-f27c-42aa-a722-930084f8b211'),('cfc835ce-cd84-410a-a4dc-1699e6be4897','Vitamin C, total ascorbic acid',10,'mg','VITC','97a5aba6-9d39-47da-b4a9-9e75d92d7e01'),('cff87068-246f-4d9b-bec4-106b913b55aa','Niacin',0,'mg','NIA','3cd3f061-f3bc-4042-84c6-bb5f13722996'),('d090f890-22da-42f6-a4a1-4ee515101fb7','Potassium, K',4602,'mg','K','f3248d19-b91e-46da-b3ab-8735aac7c391'),('d0c931ea-ca62-4a2c-aebc-e539d994652d','Vitamin K (phylloquinone)',19,'µg','VITK1','a3e3c39d-34f8-42b7-9727-3711233f1bce'),('d12f2840-d8a1-4acd-a8fa-9d7c4849a04a','Fatty acids, total polyunsaturated',66,'g','FAPU','fd273271-21a1-43b1-b0bb-4e8c22c19b21'),('d1f515a8-73b5-4f0e-9873-459d12c01058','Energy',822,'kcal','ENERC_KCAL','b4191208-a0a1-4ea3-a1ce-e6cdeca0af94'),('d27a7d89-4f6c-4f8f-a264-cffb796e2cb8','Zinc, Zn',17,'mg','ZN','893397cd-a91f-4f09-a179-7376cef82601'),('d2975c8f-a815-4362-a1b1-857eb57cef19','Folic acid',0,'µg','FOLAC','30386c99-cc37-49c8-8110-7eabf566410c'),('d33142ac-9c41-470f-b624-cc86ff0d05eb','Cholesterol',0,'mg','CHOLE','6570af5a-e811-45b8-a533-c4f06438e1ff'),('d34cb7d8-b6e9-41f5-84f5-abbfdfdac045','Fatty acids, total saturated',19,'g','FASAT','5bab4042-9684-4fae-ad3b-5f5de9350580'),('d3af2436-eee0-45d9-b040-5e2cc9fb6aea','Fatty acids, total polyunsaturated',21,'g','FAPU','e60e7c73-32ac-4170-916e-6a8a0733070c'),('d41b0457-6e20-49c1-9a9c-ec647475e5b0','Zinc, Zn',0,'mg','ZN','3cd3f061-f3bc-4042-84c6-bb5f13722996'),('d42707fa-2dff-4163-b175-e1693e2d5e09','Calcium, Ca',84,'mg','CA','3cd3f061-f3bc-4042-84c6-bb5f13722996'),('d42f825d-2600-47c7-8add-a81d2adb802f','Protein',94,'g','PROCNT','35a89094-78da-4931-96cc-d5cbf0f5d6fb'),('d47f3447-88e4-4061-90d4-199bda36a2e5','Fatty acids, total polyunsaturated',1,'g','FAPU','15b901f9-3232-4f6e-9664-a243c932fe32'),('d4958444-f805-4392-9f0b-26614818bc79','Vitamin A, RAE',799,'µg','VITA_RAE','1be483a2-eafd-4db8-bc19-f45b9efb8a3c'),('d4ab42ed-1660-40e9-ac77-7ac22c82475c','Fatty acids, total monounsaturated',15,'g','FAMS','b6807a17-f27c-42aa-a722-930084f8b211'),('d4e4c8b3-8b3d-4ab2-bc78-712bef2bcc21','Vitamin E (alpha-tocopherol)',1,'mg','TOCPHA','35a89094-78da-4931-96cc-d5cbf0f5d6fb'),('d506e697-cb1b-4662-9378-7c5dc696dbeb','Sugars, total',565,'g','SUGAR','d1466bc9-050b-425e-ad8e-af0675f32354'),('d53b5483-31e0-4094-8d7c-ac4dc402d301','Sodium, Na',1746,'mg','NA','b6807a17-f27c-42aa-a722-930084f8b211'),('d56525f6-41f7-4c49-852d-0b1d8a8ebbbe','Folate, DFE',3783,'µg','FOLDFE','ce7c42d8-f557-42e1-8e53-d9925bcafd3b'),('d567a1fd-7710-48d4-9943-4edc8dc802ef','Niacin',25,'mg','NIA','d1466bc9-050b-425e-ad8e-af0675f32354'),('d571c071-a1b3-4cc1-9af2-e56ed16d5a39','Zinc, Zn',7,'mg','ZN','6c629135-2f44-49dd-bb25-0141b773a34e'),('d5809ca3-642a-4ced-85d4-6a41200d878f','Calcium, Ca',767,'mg','CA','1be483a2-eafd-4db8-bc19-f45b9efb8a3c'),('d60f2fa8-a13a-471e-bef8-b407b8301ea4','Sugars, total',57,'g','SUGAR','fde67312-80de-43bd-8c1a-196393822bfc'),('d621e4be-2883-406a-a8e3-059837f032da','Vitamin D (D2 + D3)',2,'µg','VITD','1ea1dea2-4aa0-4f76-9f5b-eb832e515554'),('d69cb787-dfaa-4b12-9197-7565683c68e8','Fatty acids, total saturated',48,'g','FASAT','85cb832a-a110-46ea-a7db-ccfcfbc883ab'),('d69ff95a-4724-451a-8ba3-61fd2cfe5c0a','Folic acid',0,'µg','FOLAC','dcfd256e-b215-4d56-9502-9fd095113a11'),('d6ffc443-c46b-4601-8b43-0e6de59c4fa2','Vitamin C, total ascorbic acid',1119,'mg','VITC','1ea1dea2-4aa0-4f76-9f5b-eb832e515554'),('d7550d30-bc41-4bb5-a9c7-8a913ab391de','Fatty acids, total monounsaturated',504,'g','FAMS','f5762675-fe7e-4f23-83da-e8f379b8fef7'),('d7643f24-a55d-4e85-b254-c182e06a826c','Niacin',249,'mg','NIA','fde67312-80de-43bd-8c1a-196393822bfc'),('d77ce312-3da7-4968-b896-7a99a94efc15','Vitamin K (phylloquinone)',9,'µg','VITK1','4ddb632f-e9f1-4eed-a3bc-dc0984887e63'),('d781da8f-1d3e-4314-8231-a9d1bd000b66','Phosphorus, P',3680,'mg','P','ce7c42d8-f557-42e1-8e53-d9925bcafd3b'),('d7c1a0ab-a62d-4916-82ab-111a5fdf2f51','Sugars, total',339,'g','SUGAR','a3e3c39d-34f8-42b7-9727-3711233f1bce'),('d7e94f02-079c-4274-a131-e088e48ec819','Protein',121,'g','PROCNT','1ea1dea2-4aa0-4f76-9f5b-eb832e515554'),('d7fadba2-b4c8-4661-8bb4-040eb2575f49','Potassium, K',6304,'mg','K','893397cd-a91f-4f09-a179-7376cef82601'),('d7fc8c00-698e-4601-878d-79c35169fb19','Energy',1581,'kcal','ENERC_KCAL','dd24945a-27fb-47d8-994f-7470d8aaf38a'),('d822bbab-3247-4246-9e6d-0bf4d2e18ebb','Fiber, total dietary',41,'g','FIBTG','f3248d19-b91e-46da-b3ab-8735aac7c391'),('d846a111-b241-4cca-845b-3eb4cfcd6d2c','Vitamin E (alpha-tocopherol)',18,'mg','TOCPHA','d1466bc9-050b-425e-ad8e-af0675f32354'),('d892b79c-3d29-4949-99ac-4a5577034752','Sugars, added',2,'g','SUGAR.added','dcfd256e-b215-4d56-9502-9fd095113a11'),('d8e751df-bbce-4c6b-857a-49d3d89befac','Zinc, Zn',8,'mg','ZN','4ddb632f-e9f1-4eed-a3bc-dc0984887e63'),('d90591b5-308c-427f-9222-6fc2a93cc92f','Water',638,'g','WATER','dcfd256e-b215-4d56-9502-9fd095113a11'),('d92635d1-46d6-47db-bd8a-ab683b713c97','Protein',29,'g','PROCNT','3107980b-9142-415e-9b29-b1ffe0e24119'),('da1860ed-ccc6-4764-87ee-b6b03dc7b557','Fatty acids, total polyunsaturated',0,'g','FAPU','25c855c1-a417-4c89-8683-1485925a9870'),('da19b4db-72a3-46aa-b350-e75770601c91','Iron, Fe',1,'mg','FE','3cd3f061-f3bc-4042-84c6-bb5f13722996'),('da3fba13-e8a1-4995-8648-dd591b9ef40f','Folic acid',0,'µg','FOLAC','f852a4dc-e20b-4a41-acd6-789db0813143'),('db1e56a6-94cf-41b8-b79d-c92197f55018','Riboflavin',2,'mg','RIBF','6c629135-2f44-49dd-bb25-0141b773a34e'),('dbb37da1-afa5-4c75-8467-c31408c5bff9','Fatty acids, total trans',0,'g','FATRN','e60e7c73-32ac-4170-916e-6a8a0733070c'),('dbe26928-83c5-4c1d-9d96-ce27e47215f4','Total lipid (fat)',238,'g','FAT','2e0c1573-6f3b-4c6b-90e4-5dff011b9673'),('dc0099f1-ca35-4e32-932d-f86460e8f5f3','Niacin',8,'mg','NIA','6c629135-2f44-49dd-bb25-0141b773a34e'),('dc152119-69f7-4b12-81f4-cba9e4130b12','Riboflavin',1,'mg','RIBF','a3b6891b-fad3-4c7a-9240-cbd0cb2fb132'),('dc3b48f0-02e1-4c8f-b419-751a1889cc3b','Folic acid',0,'µg','FOLAC','e89aaa1b-efd1-444b-a26d-76f2c8a70e12'),('dc778c69-143c-41e8-b55c-d7b91fe4b895','Protein',20,'g','PROCNT','f5762675-fe7e-4f23-83da-e8f379b8fef7'),('dcb0dbc0-dff1-41b1-8cde-b2c7b47687ce','Carbohydrate, by difference',241,'g','CHOCDF','6c629135-2f44-49dd-bb25-0141b773a34e'),('dd0188ec-2c9a-452a-b8cc-5ca3f1a74860','Folate, food',690,'µg','FOLFD','fde67312-80de-43bd-8c1a-196393822bfc'),('dd86c150-86b9-4681-83b7-51d42f6fc5d4','Fatty acids, total saturated',7,'g','FASAT','ba62229e-0ab7-4b07-b4e8-de3b7d876f3b'),('dd8964c6-812d-49f7-9716-f2b6b194ad64','Folate, food',34,'µg','FOLFD','87c7f114-0945-4706-b90f-76de7818c35b'),('ddae43f2-2c8b-4af2-b9ee-ec4440ee2f92','Thiamin',1,'mg','THIA','6570af5a-e811-45b8-a533-c4f06438e1ff'),('de1e47f0-12a2-4b3e-a495-4cd029ead3c5','Folate, DFE',397,'µg','FOLDFE','dd24945a-27fb-47d8-994f-7470d8aaf38a'),('de260433-ea9f-422b-83c1-00ce049d6ae6','Fatty acids, total trans',2,'g','FATRN','4ddb632f-e9f1-4eed-a3bc-dc0984887e63'),('decbf14e-aebb-459b-ac45-73b318eafd25','Vitamin D (D2 + D3)',0,'µg','VITD','fcd030aa-35d1-4f31-95d6-f2bb0bd7c902'),('df6a05ff-3bf3-482a-b8bf-f48bf078c459','Magnesium, Mg',81,'mg','MG','1be483a2-eafd-4db8-bc19-f45b9efb8a3c'),('dfbd0011-3ec3-4678-8a6d-93ea26dbc804','Vitamin B-6',0,'mg','VITB6A','b6807a17-f27c-42aa-a722-930084f8b211'),('e01a0a33-31a7-4584-8f69-185a3602361f','Vitamin D (D2 + D3)',2,'µg','VITD','87c7f114-0945-4706-b90f-76de7818c35b'),('e07d6d08-03dd-4864-8716-62df5b4e676f','Phosphorus, P',1142,'mg','P','fd273271-21a1-43b1-b0bb-4e8c22c19b21'),('e0b99812-58ca-4863-bbae-2d59b0b4ef45','Fatty acids, total saturated',48,'g','FASAT','4ddb632f-e9f1-4eed-a3bc-dc0984887e63'),('e0bd763b-9323-457b-8914-25bf9f20be26','Carbohydrate, by difference',7,'g','CHOCDF','3cd3f061-f3bc-4042-84c6-bb5f13722996'),('e0d8e048-5326-43c8-a3d5-e6845e3e9c7f','Cholesterol',0,'mg','CHOLE','25c855c1-a417-4c89-8683-1485925a9870'),('e0eb798b-055f-4b35-9a9f-06dd559580e4','Total lipid (fat)',13,'g','FAT','fcd030aa-35d1-4f31-95d6-f2bb0bd7c902'),('e10ef250-4961-49a6-ac21-2d15a2c10da8','Sugars, added',161,'g','SUGAR.added','6c629135-2f44-49dd-bb25-0141b773a34e'),('e1338c9b-abc1-47f4-8f60-8d7e71cd6091','Total lipid (fat)',110,'g','FAT','1be483a2-eafd-4db8-bc19-f45b9efb8a3c'),('e17c0baf-d1de-4be2-ad5f-b4bd7b18a86a','Vitamin D (D2 + D3)',10,'µg','VITD','6c629135-2f44-49dd-bb25-0141b773a34e'),('e1913331-b82b-43de-9e7f-0ae951f26677','Fatty acids, total monounsaturated',21,'g','FAMS','4ddb632f-e9f1-4eed-a3bc-dc0984887e63'),('e19859e9-ea53-449f-8496-abe4f2924ef3','Fatty acids, total trans',5,'g','FATRN','f5762675-fe7e-4f23-83da-e8f379b8fef7'),('e1f736ba-e79e-4ecd-8ea3-e29f94f177b2','Fatty acids, total monounsaturated',4,'g','FAMS','666a0b5b-90a1-427b-940e-9316d3b67ef8'),('e21cb78f-9de9-45e9-adc6-289a29775e31','Fatty acids, total monounsaturated',51,'g','FAMS','fd273271-21a1-43b1-b0bb-4e8c22c19b21'),('e2256bc5-5d83-46b0-86f9-10519fbd2b3c','Riboflavin',0,'mg','RIBF','fcd030aa-35d1-4f31-95d6-f2bb0bd7c902'),('e261de41-2e6b-4ec2-9af1-8babaf2eb0f2','Magnesium, Mg',403,'mg','MG','893397cd-a91f-4f09-a179-7376cef82601'),('e2c5f1ab-cc6c-4362-9ba8-fa8b7eb351d2','Fatty acids, total saturated',72,'g','FASAT','1ea1dea2-4aa0-4f76-9f5b-eb832e515554'),('e2cc93db-d832-4643-8ddf-74f0697879ba','Folate, food',77,'µg','FOLFD','fcd030aa-35d1-4f31-95d6-f2bb0bd7c902'),('e2eff6a8-a70d-4145-b044-4ca5a943a294','Folic acid',0,'µg','FOLAC','fd273271-21a1-43b1-b0bb-4e8c22c19b21'),('e3073fb3-2b45-4d6a-94cf-9cc92e25b6fe','Vitamin B-6',4,'mg','VITB6A','1ea1dea2-4aa0-4f76-9f5b-eb832e515554'),('e38bc86a-7602-46ea-8e0c-632bc423f7c8','Sodium, Na',2953,'mg','NA','f852a4dc-e20b-4a41-acd6-789db0813143'),('e39961eb-b573-4fcb-9755-605343c09063','Vitamin B-12',0,'µg','VITB12','f852a4dc-e20b-4a41-acd6-789db0813143'),('e4217e85-3df7-4140-93c0-969b1a4dcb47','Niacin',1,'mg','NIA','87c7f114-0945-4706-b90f-76de7818c35b'),('e43a5ee6-83ab-4be1-ab5f-f531bb48c287','Fatty acids, total saturated',9,'g','FASAT','893397cd-a91f-4f09-a179-7376cef82601'),('e43b006a-ecd4-4f2c-8fce-8e2fd8e729bb','Fatty acids, total monounsaturated',69,'g','FAMS','1d732269-5ba6-4e29-a127-da0a2b6fa54f'),('e44fd950-307f-4475-bc7c-449bde3716f9','Vitamin B-6',0,'mg','VITB6A','fcd030aa-35d1-4f31-95d6-f2bb0bd7c902'),('e4995b31-3cd7-4b16-be17-6bf7aab816a5','Magnesium, Mg',70,'mg','MG','15b901f9-3232-4f6e-9664-a243c932fe32'),('e500ceb2-5fec-4aad-bd9d-087837490d3c','Vitamin K (phylloquinone)',2,'µg','VITK1','15b901f9-3232-4f6e-9664-a243c932fe32'),('e54a266c-36e5-489d-813e-381eb519bf1f','Sugars, total',10,'g','SUGAR','4ddb632f-e9f1-4eed-a3bc-dc0984887e63'),('e54d65f4-ea05-4e43-94e2-f2c7f8a9d721','Total lipid (fat)',70,'g','FAT','e60e7c73-32ac-4170-916e-6a8a0733070c'),('e5e48a70-9c16-4228-8eb7-24f1ecd586d2','Vitamin B-12',0,'µg','VITB12','3cd3f061-f3bc-4042-84c6-bb5f13722996'),('e641ba97-d802-4c43-ac7a-4cdb599efcb6','Fatty acids, total monounsaturated',93,'g','FAMS','5bab4042-9684-4fae-ad3b-5f5de9350580'),('e695ddc6-7c36-4ea3-bffa-806c3b90f56c','Sodium, Na',8928,'mg','NA','ce7c42d8-f557-42e1-8e53-d9925bcafd3b'),('e6b29759-ba87-4fef-a6cb-2c81fce24678','Carbohydrate, by difference',401,'g','CHOCDF','893397cd-a91f-4f09-a179-7376cef82601'),('e6b3e1df-5030-4b41-9605-8a94a24bf377','Fatty acids, total trans',0,'g','FATRN','85cb832a-a110-46ea-a7db-ccfcfbc883ab'),('e6fb77e9-523e-4053-8c89-c584f9368a43','Vitamin E (alpha-tocopherol)',6,'mg','TOCPHA','1be483a2-eafd-4db8-bc19-f45b9efb8a3c'),('e73084bd-9416-4c40-bc31-d2a47f82706f','Fatty acids, total trans',0,'g','FATRN','6570af5a-e811-45b8-a533-c4f06438e1ff'),('e76e5558-e766-4b8f-bfb3-2df48b981292','Folic acid',433,'µg','FOLAC','d1466bc9-050b-425e-ad8e-af0675f32354'),('e7abeb33-e4bf-471a-be3b-37210f4290e5','Folic acid',0,'µg','FOLAC','2e0c1573-6f3b-4c6b-90e4-5dff011b9673'),('e7c5cb03-bd79-46b3-baf4-f2c854c6f4e6','Vitamin D (D2 + D3)',4,'µg','VITD','b4191208-a0a1-4ea3-a1ce-e6cdeca0af94'),('e7c6b7cd-3753-4c6d-a688-e05a72fb3a0f','Vitamin C, total ascorbic acid',16,'mg','VITC','b6807a17-f27c-42aa-a722-930084f8b211'),('e833af38-6525-4d4d-bd01-2315f0654c7d','Fiber, total dietary',10,'g','FIBTG','a3b6891b-fad3-4c7a-9240-cbd0cb2fb132'),('e85fb007-6a3d-44c2-abcd-4d22903b9c18','Calcium, Ca',1802,'mg','CA','85cb832a-a110-46ea-a7db-ccfcfbc883ab'),('e8d5e98c-d36a-47d6-833e-6f75a3d0eec4','Vitamin D (D2 + D3)',2,'µg','VITD','d1466bc9-050b-425e-ad8e-af0675f32354'),('e90c9a1e-b70e-4205-8a84-755e615dfb04','Folate, DFE',62,'µg','FOLDFE','b6807a17-f27c-42aa-a722-930084f8b211'),('e93ea42d-3b14-4664-b444-8b79f3300528','Fiber, total dietary',13,'g','FIBTG','dd51b859-f756-4e11-8be5-f6209bb068e8'),('e99b9f4e-c041-4c3d-bff8-91aa01a45f89','Folate, DFE',85,'µg','FOLDFE','e89aaa1b-efd1-444b-a26d-76f2c8a70e12'),('e9a9abcd-c162-457b-a8cf-835ac70875c6','Sugars, total',45,'g','SUGAR','1ea1dea2-4aa0-4f76-9f5b-eb832e515554'),('e9c9c20a-963c-4b28-ac83-7213eef7d62c','Sugars, added',17,'g','SUGAR.added','5bab4042-9684-4fae-ad3b-5f5de9350580'),('ea388b72-40b8-4315-80f2-4f83e7aecdde','Vitamin B-6',1,'mg','VITB6A','f852a4dc-e20b-4a41-acd6-789db0813143'),('ea4b5c3e-991d-4f41-99e5-53ac8f140048','Riboflavin',1,'mg','RIBF','b6807a17-f27c-42aa-a722-930084f8b211'),('ea8ba5d3-502a-4af9-8472-dc6f73e89cc1','Potassium, K',273,'mg','K','f5762675-fe7e-4f23-83da-e8f379b8fef7'),('eaf5644c-3991-4149-9221-9ebdd99d91e1','Folate, DFE',146,'µg','FOLDFE','f5762675-fe7e-4f23-83da-e8f379b8fef7'),('eb0705c0-e0bc-455f-8e11-27378097ce5f','Calcium, Ca',245,'mg','CA','fd273271-21a1-43b1-b0bb-4e8c22c19b21'),('eb09c4c7-2a77-431e-80e0-f36c451745b1','Protein',10,'g','PROCNT','f852a4dc-e20b-4a41-acd6-789db0813143'),('eb21d75c-2c47-4c30-b8c9-3dbbe461f766','Energy',3135,'kcal','ENERC_KCAL','fde67312-80de-43bd-8c1a-196393822bfc'),('eb2500c2-2579-4757-a57f-d464e579aed9','Fatty acids, total monounsaturated',1,'g','FAMS','25c855c1-a417-4c89-8683-1485925a9870'),('eb7a6153-11fc-41fc-a454-1ad9122b3d83','Vitamin B-12',4,'µg','VITB12','1d732269-5ba6-4e29-a127-da0a2b6fa54f'),('ebc1a33f-3baf-4774-abb2-6bc32332844a','Vitamin E (alpha-tocopherol)',2,'mg','TOCPHA','666a0b5b-90a1-427b-940e-9316d3b67ef8'),('ebd84db6-00b8-46c7-88a4-6646a7e5299a','Vitamin K (phylloquinone)',14,'µg','VITK1','97a5aba6-9d39-47da-b4a9-9e75d92d7e01'),('ebdd1f01-3a71-4d8d-a02b-3f301d3fb287','Vitamin K (phylloquinone)',5,'µg','VITK1','3cd3f061-f3bc-4042-84c6-bb5f13722996'),('ec199efe-c8ae-4b0f-b890-4b77e912da53','Sodium, Na',5180,'mg','NA','1ea1dea2-4aa0-4f76-9f5b-eb832e515554'),('ec603560-5afc-4a45-b1db-a500f0fd6bd9','Sugars, added',25,'g','SUGAR.added','87c7f114-0945-4706-b90f-76de7818c35b'),('ecc75a31-660d-443f-9ed2-8082562f494e','Phosphorus, P',858,'mg','P','6570af5a-e811-45b8-a533-c4f06438e1ff'),('ecf37ba2-f69b-40ef-9f5a-b4f252864e9d','Carbohydrate, by difference',52,'g','CHOCDF','b6807a17-f27c-42aa-a722-930084f8b211'),('ed0d0275-0198-4119-930b-e84c8d98f339','Sugars, total',4,'g','SUGAR','fd273271-21a1-43b1-b0bb-4e8c22c19b21'),('ed0fe2cc-6cac-49cf-9a65-a7f95dfa9a50','Vitamin D (D2 + D3)',2,'µg','VITD','e60e7c73-32ac-4170-916e-6a8a0733070c'),('ed5ed5e8-41d8-47ff-b30e-fa41514b71e1','Zinc, Zn',1,'mg','ZN','fcd030aa-35d1-4f31-95d6-f2bb0bd7c902'),('ed670646-4cf1-43a4-8e52-22392980b03f','Fatty acids, total saturated',60,'g','FASAT','1be483a2-eafd-4db8-bc19-f45b9efb8a3c'),('ed873db7-5a31-40b4-b6bc-6b17d550c163','Fatty acids, total trans',3,'g','FATRN','dd51b859-f756-4e11-8be5-f6209bb068e8'),('ee5b4072-bdc2-48fe-aea9-36288889a354','Total lipid (fat)',153,'g','FAT','a3b6891b-fad3-4c7a-9240-cbd0cb2fb132'),('ee85d64b-0f25-4e11-a6c1-1dfe7a4758c6','Potassium, K',4914,'mg','K','5bab4042-9684-4fae-ad3b-5f5de9350580'),('eee93450-cb5b-4c5d-9d93-d20abe57f72d','Vitamin B-12',2,'µg','VITB12','87c7f114-0945-4706-b90f-76de7818c35b'),('efb3b53c-5b6f-4ce1-a877-f9a89269a51f','Riboflavin',0,'mg','RIBF','97a5aba6-9d39-47da-b4a9-9e75d92d7e01'),('f03d3f38-481a-4d66-b03e-6bebad948f0e','Thiamin',1,'mg','THIA','1d732269-5ba6-4e29-a127-da0a2b6fa54f'),('f0555a2d-9a20-44d6-aa5f-6cc74d3fddd4','Zinc, Zn',25,'mg','ZN','fde67312-80de-43bd-8c1a-196393822bfc'),('f0d456b9-2643-49b2-a8b6-fde3a728b03d','Folic acid',23,'µg','FOLAC','1ea1dea2-4aa0-4f76-9f5b-eb832e515554'),('f0da5240-8cea-40ea-aade-482def9ae0e0','Vitamin B-6',2,'mg','VITB6A','fed3dedf-43b3-4de5-9433-6028e601bcf1'),('f10f0478-f88b-44bd-8c68-c09310bfd763','Folate, DFE',228,'µg','FOLDFE','b4191208-a0a1-4ea3-a1ce-e6cdeca0af94'),('f1376aca-5891-4288-be19-cb6e9ceee7ce','Vitamin B-12',0,'µg','VITB12','15b901f9-3232-4f6e-9664-a243c932fe32'),('f164238c-9354-4551-84de-ba0a7477da7d','Fatty acids, total trans',0,'g','FATRN','f852a4dc-e20b-4a41-acd6-789db0813143'),('f1717c54-2c17-4b0f-a187-1ef18a039fef','Energy',1496,'kcal','ENERC_KCAL','1d732269-5ba6-4e29-a127-da0a2b6fa54f'),('f1886d13-8fa4-429e-b593-944d542451cd','Vitamin A, RAE',383,'µg','VITA_RAE','6c629135-2f44-49dd-bb25-0141b773a34e'),('f209074d-976c-4f4a-b673-b73413ba367b','Folate, food',981,'µg','FOLFD','1ea1dea2-4aa0-4f76-9f5b-eb832e515554'),('f25d509f-f171-4142-b5fb-f1542cd2c570','Niacin',5,'mg','NIA','2e0c1573-6f3b-4c6b-90e4-5dff011b9673'),('f2830fec-8c37-4144-939c-d39bad43cbf2','Cholesterol',552,'mg','CHOLE','85cb832a-a110-46ea-a7db-ccfcfbc883ab'),('f2956fdb-1aa9-4156-9389-ecdb83d2cf50','Folate, food',439,'µg','FOLFD','a3b6891b-fad3-4c7a-9240-cbd0cb2fb132'),('f2bb96b1-5681-40c4-9dfb-aab0c085d0b9','Fiber, total dietary',14,'g','FIBTG','1d732269-5ba6-4e29-a127-da0a2b6fa54f'),('f2ea73da-a0dc-4485-a512-7038b06d259f','Fiber, total dietary',17,'g','FIBTG','25c855c1-a417-4c89-8683-1485925a9870'),('f2fffbdc-437c-4957-866e-c7cf53a0bd24','Energy',564,'kcal','ENERC_KCAL','666a0b5b-90a1-427b-940e-9316d3b67ef8'),('f30aa272-936f-4e75-b456-90aa4c5725a1','Iron, Fe',15,'mg','FE','6570af5a-e811-45b8-a533-c4f06438e1ff'),('f39c082f-e993-4866-9717-4ff5aa2a9c93','Niacin',2,'mg','NIA','fcd030aa-35d1-4f31-95d6-f2bb0bd7c902'),('f3ceaf8f-5b19-49ff-8f05-2207f67dc35e','Sugars, added',12,'g','SUGAR.added','6570af5a-e811-45b8-a533-c4f06438e1ff'),('f3d8f894-4b1c-4b6d-84d6-e1fed4b00e4e','Folic acid',21,'µg','FOLAC','f5762675-fe7e-4f23-83da-e8f379b8fef7'),('f46935a6-a031-442c-ac7f-843458ee6367','Fatty acids, total saturated',37,'g','FASAT','1d732269-5ba6-4e29-a127-da0a2b6fa54f'),('f47ec38c-e894-425e-828f-64998be1cc53','Protein',36,'g','PROCNT','b4191208-a0a1-4ea3-a1ce-e6cdeca0af94'),('f55ef8d0-059b-49fe-a526-e291a18d1c61','Folic acid',0,'µg','FOLAC','25c855c1-a417-4c89-8683-1485925a9870'),('f5826495-a1b7-4eda-80c7-72c521c7718e','Cholesterol',44,'mg','CHOLE','87c7f114-0945-4706-b90f-76de7818c35b'),('f59fb1ac-cc79-4ad5-9fb1-04ec2d5670a5','Fatty acids, total polyunsaturated',6,'g','FAPU','f3248d19-b91e-46da-b3ab-8735aac7c391'),('f5b3492d-fe82-444f-97bc-d23be9b5620d','Potassium, K',12159,'mg','K','ce7c42d8-f557-42e1-8e53-d9925bcafd3b'),('f5b8cf48-770b-4c6c-a060-1b598541ef28','Fatty acids, total polyunsaturated',1,'g','FAPU','87c7f114-0945-4706-b90f-76de7818c35b'),('f5ed29d6-517c-4fa4-8013-c6e8a65b709b','Sodium, Na',4071,'mg','NA','fde67312-80de-43bd-8c1a-196393822bfc'),('f613bb38-70c5-433a-846d-422bb47a8a72','Phosphorus, P',480,'mg','P','5bab4042-9684-4fae-ad3b-5f5de9350580'),('f626b04e-0ee1-4c0f-8996-77c7eb308c64','Vitamin D (D2 + D3)',3,'µg','VITD','dd51b859-f756-4e11-8be5-f6209bb068e8'),('f62f6445-3a50-423d-92f2-f5d1fd43cd96','Magnesium, Mg',80,'mg','MG','dcfd256e-b215-4d56-9502-9fd095113a11'),('f633fac4-b3a9-4719-aa35-7d6132503daf','Vitamin C, total ascorbic acid',5,'mg','VITC','f5762675-fe7e-4f23-83da-e8f379b8fef7'),('f693f7aa-4fc5-49d7-8a46-cf1d26f8bf54','Total lipid (fat)',97,'g','FAT','fde67312-80de-43bd-8c1a-196393822bfc'),('f695d3de-bbfd-484d-a7a2-6b688db73084','Total lipid (fat)',93,'g','FAT','35a89094-78da-4931-96cc-d5cbf0f5d6fb'),('f6d4e2de-4811-44b4-b4fe-3f0ae7a55fd2','Magnesium, Mg',323,'mg','MG','e60e7c73-32ac-4170-916e-6a8a0733070c'),('f6e9ff7c-11ef-4b37-9a6e-9d81266f1718','Vitamin D (D2 + D3)',0,'µg','VITD','6570af5a-e811-45b8-a533-c4f06438e1ff'),('f71ef32c-379a-4f9e-a026-857a4f10237b','Fiber, total dietary',8,'g','FIBTG','fd273271-21a1-43b1-b0bb-4e8c22c19b21'),('f7957ec3-6aca-445c-b92f-5cae018a8d18','Sodium, Na',269,'mg','NA','15b901f9-3232-4f6e-9664-a243c932fe32'),('f7ad4645-edd2-4cd8-8d5b-d259bf0d076a','Vitamin A, RAE',46,'µg','VITA_RAE','fcd030aa-35d1-4f31-95d6-f2bb0bd7c902'),('f8105f65-26df-4ee9-b249-06016c772dae','Fatty acids, total saturated',17,'g','FASAT','fed3dedf-43b3-4de5-9433-6028e601bcf1'),('f8178e4b-61fa-4581-85dc-6629cb0ffcd0','Vitamin C, total ascorbic acid',57,'mg','VITC','a3e3c39d-34f8-42b7-9727-3711233f1bce'),('f841a509-5a9c-415a-a753-9eaee3a223ee','Zinc, Zn',2,'mg','ZN','f852a4dc-e20b-4a41-acd6-789db0813143'),('f8af16df-42fa-4e3f-9a95-a56ca7a4efeb','Protein',85,'g','PROCNT','4ddb632f-e9f1-4eed-a3bc-dc0984887e63'),('f8b77c43-99ca-4e30-9fee-e13537c842b1','Fatty acids, total saturated',5,'g','FASAT','666a0b5b-90a1-427b-940e-9316d3b67ef8'),('f9b52dec-b415-4adc-82c3-b561ea18ca0b','Folic acid',0,'µg','FOLAC','893397cd-a91f-4f09-a179-7376cef82601'),('f9ed5af4-508a-481b-a07b-6004fdad4e28','Fatty acids, total polyunsaturated',3,'g','FAPU','35a89094-78da-4931-96cc-d5cbf0f5d6fb'),('fa282f28-95e4-41c5-ad09-71d3daae76ec','Water',488,'g','WATER','87c7f114-0945-4706-b90f-76de7818c35b'),('fa5a8e6f-138d-48ad-8c0c-c34c62d3f24c','Calcium, Ca',237,'mg','CA','e60e7c73-32ac-4170-916e-6a8a0733070c'),('fa6767a2-c564-4836-9615-57e0707ff807','Iron, Fe',13,'mg','FE','1d732269-5ba6-4e29-a127-da0a2b6fa54f'),('fa71b7a9-50ba-4080-9006-e465b9a7732e','Carbohydrate, by difference',318,'g','CHOCDF','1be483a2-eafd-4db8-bc19-f45b9efb8a3c'),('fae40443-7539-4bcf-a3cc-87690693a8a2','Vitamin B-6',0,'mg','VITB6A','6c629135-2f44-49dd-bb25-0141b773a34e'),('fb5b3691-9c77-4e29-ab33-96f85a22b994','Folate, food',159,'µg','FOLFD','a3e3c39d-34f8-42b7-9727-3711233f1bce'),('fb7a45f9-2c83-4b51-add6-bcdf15bc2808','Folic acid',0,'µg','FOLAC','f3248d19-b91e-46da-b3ab-8735aac7c391'),('fb8ce18c-f797-49a6-b4ce-a4c66ff5571a','Carbohydrate, by difference',50,'g','CHOCDF','f852a4dc-e20b-4a41-acd6-789db0813143'),('fbb12b93-ab33-4e69-8423-73fd6a52f074','Niacin',35,'mg','NIA','e89aaa1b-efd1-444b-a26d-76f2c8a70e12'),('fbcc16d5-3326-4434-a909-9a6fc366f11a','Phosphorus, P',576,'mg','P','30386c99-cc37-49c8-8110-7eabf566410c'),('fbe76c5f-8047-4866-855a-b5594bf0cd7e','Vitamin C, total ascorbic acid',2,'mg','VITC','1be483a2-eafd-4db8-bc19-f45b9efb8a3c'),('fc0d20bc-da09-4602-915f-6e1b06769b73','Energy',499,'kcal','ENERC_KCAL','97a5aba6-9d39-47da-b4a9-9e75d92d7e01'),('fc0df9f9-d96e-4253-a8bc-aef5270a872a','Fatty acids, total polyunsaturated',8,'g','FAPU','893397cd-a91f-4f09-a179-7376cef82601'),('fc7ab9f2-9623-44c0-815c-aff4f696b514','Thiamin',0,'mg','THIA','666a0b5b-90a1-427b-940e-9316d3b67ef8'),('fc856f98-fa8e-4a8a-b95d-55ea9d8f1664','Water',201,'g','WATER','15b901f9-3232-4f6e-9664-a243c932fe32'),('fccebe7f-e718-4c2c-81b4-c7429771f9fc','Vitamin B-6',4,'mg','VITB6A','e89aaa1b-efd1-444b-a26d-76f2c8a70e12'),('fce2188d-0a8a-42a1-80a1-260aa2648986','Cholesterol',0,'mg','CHOLE','ba62229e-0ab7-4b07-b4e8-de3b7d876f3b'),('fcf34b02-0f25-41e3-8627-8bd386038ea3','Fatty acids, total trans',0,'g','FATRN','d1466bc9-050b-425e-ad8e-af0675f32354'),('fd104158-a858-4caf-ade4-6b2208e874ce','Vitamin E (alpha-tocopherol)',18,'mg','TOCPHA','fde67312-80de-43bd-8c1a-196393822bfc'),('fd1a223c-eda0-4b21-862a-95d2857ee550','Iron, Fe',26,'mg','FE','fde67312-80de-43bd-8c1a-196393822bfc'),('fd883d95-177b-4c79-9736-91b2822b8abb','Protein',37,'g','PROCNT','ba62229e-0ab7-4b07-b4e8-de3b7d876f3b'),('fd926b20-017f-4f05-8224-f5da437207c7','Vitamin K (phylloquinone)',324,'µg','VITK1','fde67312-80de-43bd-8c1a-196393822bfc'),('fe035e12-f276-4479-9258-d8c0d467c75b','Vitamin E (alpha-tocopherol)',1,'mg','TOCPHA','fcd030aa-35d1-4f31-95d6-f2bb0bd7c902'),('fe0f96b8-5398-489c-b8cb-108309232106','Vitamin B-6',1,'mg','VITB6A','3107980b-9142-415e-9b29-b1ffe0e24119'),('fe1bb0fc-72a5-44b3-927e-406103bfda4c','Total lipid (fat)',67,'g','FAT','dd24945a-27fb-47d8-994f-7470d8aaf38a'),('fe1cc1d8-2709-49ee-af34-e2d9a579845a','Water',1270,'g','WATER','893397cd-a91f-4f09-a179-7376cef82601'),('fe3d2725-503d-4f5d-951c-e1801e1f8d93','Vitamin A, RAE',1425,'µg','VITA_RAE','a3b6891b-fad3-4c7a-9240-cbd0cb2fb132'),('fe884947-4724-4d92-80e3-e951726d8387','Folic acid',0,'µg','FOLAC','3cd3f061-f3bc-4042-84c6-bb5f13722996'),('ff15350c-f56c-4885-b541-12e6b802c41b','Vitamin A, RAE',122,'µg','VITA_RAE','dcfd256e-b215-4d56-9502-9fd095113a11'),('ff3964b5-0603-4a5b-9aa9-86853456c8b2','Thiamin',1,'mg','THIA','5bab4042-9684-4fae-ad3b-5f5de9350580'),('ff6aaba9-309d-4f66-bcc5-ac44529305cd','Fiber, total dietary',5,'g','FIBTG','35a89094-78da-4931-96cc-d5cbf0f5d6fb'),('ff9db82c-ecf1-4b60-9ba7-f68ed363c907','Fatty acids, total trans',0,'g','FATRN','fd273271-21a1-43b1-b0bb-4e8c22c19b21');
/*!40000 ALTER TABLE `recipe_total_nutrition` ENABLE KEYS */;
UNLOCK TABLES;

--
-- Table structure for table `recipe_total_nutrition_kcal`
--

DROP TABLE IF EXISTS `recipe_total_nutrition_kcal`;
/*!40101 SET @saved_cs_client     = @@character_set_client */;
/*!50503 SET character_set_client = utf8mb4 */;
CREATE TABLE `recipe_total_nutrition_kcal` (
  `id` varchar(36) NOT NULL,
  `label` varchar(255) NOT NULL,
  `quantity` int NOT NULL,
  `unit` varchar(255) NOT NULL,
  `code` varchar(255) NOT NULL,
  `recipeId` varchar(36) DEFAULT NULL,
  PRIMARY KEY (`id`),
  KEY `FK_035f84d50d40b53d4cd7d980eb1` (`recipeId`),
  CONSTRAINT `FK_035f84d50d40b53d4cd7d980eb1` FOREIGN KEY (`recipeId`) REFERENCES `recipes` (`id`) ON DELETE CASCADE ON UPDATE CASCADE
) ENGINE=InnoDB DEFAULT CHARSET=utf8mb4 COLLATE=utf8mb4_0900_ai_ci;
/*!40101 SET character_set_client = @saved_cs_client */;

--
-- Dumping data for table `recipe_total_nutrition_kcal`
--

LOCK TABLES `recipe_total_nutrition_kcal` WRITE;
/*!40000 ALTER TABLE `recipe_total_nutrition_kcal` DISABLE KEYS */;
INSERT INTO `recipe_total_nutrition_kcal` VALUES ('01bbb9d1-3771-4db6-97de-068a8e19ecb4','Calories from protein',490,'kcal','PROCNT_KCAL','893397cd-a91f-4f09-a179-7376cef82601'),('0252a7cb-a144-4051-be0d-218eab4c7345','Calories from protein',84,'kcal','PROCNT_KCAL','5bab4042-9684-4fae-ad3b-5f5de9350580'),('057aeb44-b9d7-418b-9d18-25e5e2533a55','Calories from protein',59,'kcal','PROCNT_KCAL','87c7f114-0945-4706-b90f-76de7818c35b'),('0f572393-f246-4377-aac8-9d3fcadd705c','Energy',812,'kcal','ENERC_KCAL','b6807a17-f27c-42aa-a722-930084f8b211'),('106f7f71-b0d9-43ba-9d04-ceb950f986df','Calories from fat',1355,'kcal','FAT_KCAL','a3b6891b-fad3-4c7a-9240-cbd0cb2fb132'),('12c6676f-3e9e-46ac-bc6e-fa7daa33a8dc','Calories from fat',843,'kcal','FAT_KCAL','35a89094-78da-4931-96cc-d5cbf0f5d6fb'),('15548180-405f-47b1-ace4-5b6be5db3705','Calories from protein',357,'kcal','PROCNT_KCAL','dd51b859-f756-4e11-8be5-f6209bb068e8'),('18e879cb-5856-4998-990e-8606bbfdbfce','Energy',1582,'kcal','ENERC_KCAL','dd24945a-27fb-47d8-994f-7470d8aaf38a'),('19e7a0e8-0706-4c61-acd6-887f247023f1','Calories from protein',31,'kcal','PROCNT_KCAL','fcd030aa-35d1-4f31-95d6-f2bb0bd7c902'),('1bc93dfe-9d0c-4bc5-925e-a3a5a1588eae','Calories from fat',506,'kcal','FAT_KCAL','b6807a17-f27c-42aa-a722-930084f8b211'),('1c76e670-9b1d-4816-b0de-95a60eb65aa1','Energy',1624,'kcal','ENERC_KCAL','a3b6891b-fad3-4c7a-9240-cbd0cb2fb132'),('1c889f23-bd8d-4bd8-bd8e-b228f4aa3f04','Calories from protein',43,'kcal','PROCNT_KCAL','97a5aba6-9d39-47da-b4a9-9e75d92d7e01'),('1d00ae54-71e1-4b3d-9007-af59fc26bbcd','Calories from protein',85,'kcal','PROCNT_KCAL','f3248d19-b91e-46da-b3ab-8735aac7c391'),('1d168af1-6aa1-4bfd-bf30-b616f3e9054c','Calories from carbohydrates',258,'kcal','CHOCDF_KCAL','87c7f114-0945-4706-b90f-76de7818c35b'),('1e064c0a-7363-4ce8-a949-90ac45f57a01','Energy',862,'kcal','ENERC_KCAL','6570af5a-e811-45b8-a533-c4f06438e1ff'),('1fc686e5-1046-4b4d-9421-05e564f31008','Calories from protein',580,'kcal','PROCNT_KCAL','e89aaa1b-efd1-444b-a26d-76f2c8a70e12'),('20eb2a90-b9c6-4909-aeac-6567e76517d3','Calories from fat',840,'kcal','FAT_KCAL','fde67312-80de-43bd-8c1a-196393822bfc'),('211af941-2f3a-4742-976a-ff6bfd62e89f','Energy',1704,'kcal','ENERC_KCAL','dcfd256e-b215-4d56-9502-9fd095113a11'),('28be811c-dcb4-401f-bf5c-0f286a8a8c97','Calories from carbohydrates',3144,'kcal','CHOCDF_KCAL','ce7c42d8-f557-42e1-8e53-d9925bcafd3b'),('29723d3b-4f25-4a6b-858c-f385a5f0e4e7','Calories from carbohydrates',881,'kcal','CHOCDF_KCAL','6c629135-2f44-49dd-bb25-0141b773a34e'),('2ae59708-9001-4c38-b9db-ae9d8307232e','Calories from fat',1518,'kcal','FAT_KCAL','dd51b859-f756-4e11-8be5-f6209bb068e8'),('31c4c195-c768-4fc7-80af-6a745c520597','Calories from protein',211,'kcal','PROCNT_KCAL','2e0c1573-6f3b-4c6b-90e4-5dff011b9673'),('31ce8017-cbd4-4dfd-9b26-3dfbd1e8a176','Energy',1651,'kcal','ENERC_KCAL','f3248d19-b91e-46da-b3ab-8735aac7c391'),('31d48520-11c6-42d2-ad0c-dd9231571c70','Calories from carbohydrates',189,'kcal','CHOCDF_KCAL','f852a4dc-e20b-4a41-acd6-789db0813143'),('3a12d0ab-5caa-487d-8dc3-2c49e216808a','Calories from carbohydrates',119,'kcal','CHOCDF_KCAL','a3b6891b-fad3-4c7a-9240-cbd0cb2fb132'),('3ed5b698-43b1-4c43-950d-989e7973235b','Calories from protein',433,'kcal','PROCNT_KCAL','85cb832a-a110-46ea-a7db-ccfcfbc883ab'),('3efdfd3a-9a1a-466c-b130-45b6cb9c1819','Energy',2407,'kcal','ENERC_KCAL','1be483a2-eafd-4db8-bc19-f45b9efb8a3c'),('4230ff5f-f817-4d9c-bb80-e74b42fac593','Calories from carbohydrates',39,'kcal','CHOCDF_KCAL','3107980b-9142-415e-9b29-b1ffe0e24119'),('4325e569-10e1-4344-9c73-eb7d1d528258','Calories from carbohydrates',29,'kcal','CHOCDF_KCAL','3cd3f061-f3bc-4042-84c6-bb5f13722996'),('43ddaea1-2ced-4cca-9db3-80f28ae973a6','Energy',2637,'kcal','ENERC_KCAL','e89aaa1b-efd1-444b-a26d-76f2c8a70e12'),('457a6c1f-062d-42fc-9229-1cae9b157261','Energy',3135,'kcal','ENERC_KCAL','fde67312-80de-43bd-8c1a-196393822bfc'),('46ff5365-3b8b-4574-85bb-934fd03d1aed','Calories from carbohydrates',389,'kcal','CHOCDF_KCAL','dcfd256e-b215-4d56-9502-9fd095113a11'),('4c2412ea-c786-48e8-bb5a-5aefcf3185e4','Energy',512,'kcal','ENERC_KCAL','15b901f9-3232-4f6e-9664-a243c932fe32'),('4ede4684-8281-4bd9-b00e-3d61ab2a3045','Calories from carbohydrates',2055,'kcal','CHOCDF_KCAL','e60e7c73-32ac-4170-916e-6a8a0733070c'),('4f028f21-b088-40ea-bd6c-a42fa7720cc5','Calories from protein',79,'kcal','PROCNT_KCAL','f5762675-fe7e-4f23-83da-e8f379b8fef7'),('5056dc84-ddc2-4fe0-89c5-662130846da4','Calories from fat',485,'kcal','FAT_KCAL','f3248d19-b91e-46da-b3ab-8735aac7c391'),('517e7a62-0921-4c41-b5e8-3e3b46918a02','Energy',4558,'kcal','ENERC_KCAL','ce7c42d8-f557-42e1-8e53-d9925bcafd3b'),('5374016b-9383-485a-85d8-792eabc075f9','Calories from carbohydrates',207,'kcal','CHOCDF_KCAL','b6807a17-f27c-42aa-a722-930084f8b211'),('54c40712-18ee-4b1a-b874-89ec35dc1cc8','Calories from fat',635,'kcal','FAT_KCAL','30386c99-cc37-49c8-8110-7eabf566410c'),('562129fe-1566-4085-9317-c46fffa6256d','Energy',332,'kcal','ENERC_KCAL','3107980b-9142-415e-9b29-b1ffe0e24119'),('566ee484-6aeb-40c0-b429-888f25149972','Calories from fat',143,'kcal','FAT_KCAL','97a5aba6-9d39-47da-b4a9-9e75d92d7e01'),('5685a270-47ca-4b1c-884a-ccf5d39fb2b4','Calories from protein',141,'kcal','PROCNT_KCAL','ba62229e-0ab7-4b07-b4e8-de3b7d876f3b'),('5b80edc6-4e56-4188-a373-782e7827a95c','Calories from fat',1808,'kcal','FAT_KCAL','a3e3c39d-34f8-42b7-9727-3711233f1bce'),('5be61331-bc94-417f-98f5-6405f663fc5a','Energy',2481,'kcal','ENERC_KCAL','893397cd-a91f-4f09-a179-7376cef82601'),('5be74c1c-a2a7-4475-a33e-ad4bd4506c63','Calories from carbohydrates',269,'kcal','CHOCDF_KCAL','15b901f9-3232-4f6e-9664-a243c932fe32'),('5e50b057-d377-478e-9172-0822724251d6','Calories from protein',124,'kcal','PROCNT_KCAL','dd24945a-27fb-47d8-994f-7470d8aaf38a'),('5ebd3358-735a-47d3-82ca-d884762d4077','Calories from fat',177,'kcal','FAT_KCAL','3107980b-9142-415e-9b29-b1ffe0e24119'),('61dda9db-eccf-4438-8a6e-0fb6f80e22ed','Calories from fat',425,'kcal','FAT_KCAL','6570af5a-e811-45b8-a533-c4f06438e1ff'),('63057031-4111-43a7-9f92-8f18da0bd511','Calories from carbohydrates',1866,'kcal','CHOCDF_KCAL','a3e3c39d-34f8-42b7-9727-3711233f1bce'),('6491e08d-97ba-4e8b-b104-4fc0d04a0b99','Energy',3807,'kcal','ENERC_KCAL','a3e3c39d-34f8-42b7-9727-3711233f1bce'),('66af74c0-5713-46bf-ac18-41b496c2b088','Calories from fat',1097,'kcal','FAT_KCAL','1ea1dea2-4aa0-4f76-9f5b-eb832e515554'),('66b5e3b3-1ea6-41c8-b0bc-ba7c26362f64','Energy',2873,'kcal','ENERC_KCAL','85cb832a-a110-46ea-a7db-ccfcfbc883ab'),('685292b0-c1eb-4788-bdf2-bba815acf3c5','Calories from fat',6261,'kcal','FAT_KCAL','f5762675-fe7e-4f23-83da-e8f379b8fef7'),('6856a1f8-49b8-4336-9539-02829dbed357','Calories from fat',429,'kcal','FAT_KCAL','3cd3f061-f3bc-4042-84c6-bb5f13722996'),('6f021607-71a4-48c3-91a7-a27838c14dfb','Calories from carbohydrates',192,'kcal','CHOCDF_KCAL','f5762675-fe7e-4f23-83da-e8f379b8fef7'),('6f3f7ff6-f678-46e0-b462-2d59f48d6c61','Calories from fat',2036,'kcal','FAT_KCAL','e89aaa1b-efd1-444b-a26d-76f2c8a70e12'),('6f6af631-3500-4aeb-9e86-17ba9b611867','Calories from fat',1105,'kcal','FAT_KCAL','1d732269-5ba6-4e29-a127-da0a2b6fa54f'),('7100adaa-a226-4c26-941c-383daac73bc6','Calories from fat',29,'kcal','FAT_KCAL','25c855c1-a417-4c89-8683-1485925a9870'),('73076c30-415c-4702-b249-67bfa007d879','Energy',897,'kcal','ENERC_KCAL','30386c99-cc37-49c8-8110-7eabf566410c'),('7c254bd5-ad9f-4db0-8df6-905915c43642','Energy',2110,'kcal','ENERC_KCAL','4ddb632f-e9f1-4eed-a3bc-dc0984887e63'),('7d9fb89c-862f-43c7-81ab-654474e54f6f','Calories from protein',148,'kcal','PROCNT_KCAL','b4191208-a0a1-4ea3-a1ce-e6cdeca0af94'),('80e9d1bc-e0a6-49ef-bba3-a6700bea6601','Energy',482,'kcal','ENERC_KCAL','3cd3f061-f3bc-4042-84c6-bb5f13722996'),('817fe833-7ba0-4395-b5b0-6490c3c47c9b','Calories from protein',36,'kcal','PROCNT_KCAL','25c855c1-a417-4c89-8683-1485925a9870'),('82d262e3-a954-45b9-b0f9-a6c0d6438297','Calories from carbohydrates',3197,'kcal','CHOCDF_KCAL','d1466bc9-050b-425e-ad8e-af0675f32354'),('83b01031-a77b-41bf-986d-0d078f4a4d1e','Energy',499,'kcal','ENERC_KCAL','97a5aba6-9d39-47da-b4a9-9e75d92d7e01'),('83cdff40-e89c-46b0-9c90-9e1935e089e5','Energy',1776,'kcal','ENERC_KCAL','fd273271-21a1-43b1-b0bb-4e8c22c19b21'),('85422054-bb5d-46fc-859a-9b1ddfa114c6','Calories from protein',448,'kcal','PROCNT_KCAL','fd273271-21a1-43b1-b0bb-4e8c22c19b21'),('85e3ec84-91a0-4179-97ca-b84540df8d84','Calories from protein',342,'kcal','PROCNT_KCAL','4ddb632f-e9f1-4eed-a3bc-dc0984887e63'),('86c96ae3-7bac-4074-a025-c13a7c693a0f','Energy',1527,'kcal','ENERC_KCAL','35a89094-78da-4931-96cc-d5cbf0f5d6fb'),('87c78ecf-b562-454c-8fd1-653f7947c845','Energy',419,'kcal','ENERC_KCAL','87c7f114-0945-4706-b90f-76de7818c35b'),('8c7c392f-3e6d-4577-a44f-6d3304b0743c','Calories from fat',726,'kcal','FAT_KCAL','4ddb632f-e9f1-4eed-a3bc-dc0984887e63'),('8d718475-5a73-42c8-9c6b-bc6b0cf7d971','Calories from fat',365,'kcal','FAT_KCAL','f852a4dc-e20b-4a41-acd6-789db0813143'),('8db91ea6-c9e7-4f3e-9e30-33e350502ef2','Calories from protein',126,'kcal','PROCNT_KCAL','6c629135-2f44-49dd-bb25-0141b773a34e'),('8e0d5ea6-3aaf-4f6e-9a08-cdd7d590dcc2','Calories from protein',70,'kcal','PROCNT_KCAL','15b901f9-3232-4f6e-9664-a243c932fe32'),('8f61444e-da4d-4ea0-a5c4-70e38294a4e4','Calories from fat',611,'kcal','FAT_KCAL','dd24945a-27fb-47d8-994f-7470d8aaf38a'),('9000b67a-3c5a-4f55-bd65-011f79fe697a','Calories from fat',983,'kcal','FAT_KCAL','1be483a2-eafd-4db8-bc19-f45b9efb8a3c'),('945a2cd2-c9ff-4222-86f3-0a1a6a4be721','Energy',1808,'kcal','ENERC_KCAL','6c629135-2f44-49dd-bb25-0141b773a34e'),('94de79c1-ef83-4140-98f0-4bbae974fa78','Calories from protein',649,'kcal','PROCNT_KCAL','fed3dedf-43b3-4de5-9433-6028e601bcf1'),('999fb08e-9ea3-46ca-a87b-f7ca47cf85dd','Calories from fat',524,'kcal','FAT_KCAL','fed3dedf-43b3-4de5-9433-6028e601bcf1'),('9a1fd4b9-2a45-4610-a329-4053d2212da8','Calories from carbohydrates',306,'kcal','CHOCDF_KCAL','35a89094-78da-4931-96cc-d5cbf0f5d6fb'),('9a51ab4d-000f-4f47-ab72-54c16390c146','Calories from protein',39,'kcal','PROCNT_KCAL','f852a4dc-e20b-4a41-acd6-789db0813143'),('9c1e0e99-6ef7-4b24-91df-16e49d2ca5c4','Calories from protein',24,'kcal','PROCNT_KCAL','3cd3f061-f3bc-4042-84c6-bb5f13722996'),('9c548c5b-0fa1-423c-8a30-5a183ca23865','Calories from carbohydrates',383,'kcal','CHOCDF_KCAL','b4191208-a0a1-4ea3-a1ce-e6cdeca0af94'),('9db4f2ba-25e0-477f-a69e-6e44388ac9b9','Calories from carbohydrates',1266,'kcal','CHOCDF_KCAL','1be483a2-eafd-4db8-bc19-f45b9efb8a3c'),('9e3dd36d-c03d-4f6e-a6b4-a7e2b51ef109','Calories from carbohydrates',348,'kcal','CHOCDF_KCAL','666a0b5b-90a1-427b-940e-9316d3b67ef8'),('a099346e-4f4a-4de5-aa20-d635d135ba02','Calories from fat',1289,'kcal','FAT_KCAL','dcfd256e-b215-4d56-9502-9fd095113a11'),('a14bf2b1-d7db-4d34-8c6d-2b6f4b350a7e','Calories from protein',99,'kcal','PROCNT_KCAL','b6807a17-f27c-42aa-a722-930084f8b211'),('a3de003b-c889-473e-ba1b-590be3aa1525','Calories from carbohydrates',2367,'kcal','CHOCDF_KCAL','fed3dedf-43b3-4de5-9433-6028e601bcf1'),('a834c102-9331-40f2-8a5e-4d2c34dfad2f','Calories from protein',158,'kcal','PROCNT_KCAL','1be483a2-eafd-4db8-bc19-f45b9efb8a3c'),('a8a4bdb3-bf26-466a-af3a-0de9f44d4e79','Calories from protein',50,'kcal','PROCNT_KCAL','30386c99-cc37-49c8-8110-7eabf566410c'),('a90e97f8-511a-4b7d-8b4d-ac549cf93f7b','Calories from carbohydrates',212,'kcal','CHOCDF_KCAL','30386c99-cc37-49c8-8110-7eabf566410c'),('a9824791-09be-49de-ba6e-d4bb09b5ffe8','Calories from protein',133,'kcal','PROCNT_KCAL','a3e3c39d-34f8-42b7-9727-3711233f1bce'),('a9dc323a-44a8-466a-80d4-ef88bc3b336d','Energy',2285,'kcal','ENERC_KCAL','ba62229e-0ab7-4b07-b4e8-de3b7d876f3b'),('ac87586c-fcc1-4ff5-9d2f-0c69fd30865d','Calories from protein',76,'kcal','PROCNT_KCAL','666a0b5b-90a1-427b-940e-9316d3b67ef8'),('aff23b0f-d7eb-40bd-b53b-1cb563cb02c1','Calories from carbohydrates',338,'kcal','CHOCDF_KCAL','6570af5a-e811-45b8-a533-c4f06438e1ff'),('b0950590-554a-44bc-b089-717c8e9e9f7b','Energy',513,'kcal','ENERC_KCAL','25c855c1-a417-4c89-8683-1485925a9870'),('b1885fab-4f24-4ba0-a02f-fce7eb99e515','Calories from carbohydrates',72,'kcal','CHOCDF_KCAL','2e0c1573-6f3b-4c6b-90e4-5dff011b9673'),('b2222991-bb20-4788-98d9-e243936ba1e0','Energy',3540,'kcal','ENERC_KCAL','fed3dedf-43b3-4de5-9433-6028e601bcf1'),('b23d3bd8-580c-40f2-96c9-2bd0dfe5b086','Calories from fat',173,'kcal','FAT_KCAL','15b901f9-3232-4f6e-9664-a243c932fe32'),('b866d87e-bae1-46a2-80a0-16809c13d801','Calories from carbohydrates',313,'kcal','CHOCDF_KCAL','97a5aba6-9d39-47da-b4a9-9e75d92d7e01'),('b8686c60-497b-4391-ab91-f27f60168e0e','Energy',823,'kcal','ENERC_KCAL','b4191208-a0a1-4ea3-a1ce-e6cdeca0af94'),('b888a4e5-e727-4e82-a28a-447ecaaa1dad','Calories from carbohydrates',1074,'kcal','CHOCDF_KCAL','dd51b859-f756-4e11-8be5-f6209bb068e8'),('bbcad1ae-8f5b-4f05-a88f-10cd03adf3d6','Energy',563,'kcal','ENERC_KCAL','666a0b5b-90a1-427b-940e-9316d3b67ef8'),('bd96a08c-d062-47e3-b6e5-9e9ba223270b','Calories from carbohydrates',821,'kcal','CHOCDF_KCAL','1ea1dea2-4aa0-4f76-9f5b-eb832e515554'),('c4d70171-d677-4da3-9c69-c6594f12cb86','Energy',2961,'kcal','ENERC_KCAL','e60e7c73-32ac-4170-916e-6a8a0733070c'),('c508fd6d-216a-408a-85e7-ab5d00530873','Energy',2949,'kcal','ENERC_KCAL','dd51b859-f756-4e11-8be5-f6209bb068e8'),('c5623d91-b258-4007-bb3d-3b1b8a41b1a2','Calories from fat',108,'kcal','FAT_KCAL','fcd030aa-35d1-4f31-95d6-f2bb0bd7c902'),('c5bd0c3a-8af4-4378-83d7-95f8368aabdf','Calories from fat',1128,'kcal','FAT_KCAL','5bab4042-9684-4fae-ad3b-5f5de9350580'),('c806de6e-f15e-460a-8588-80bf3d2d665c','Energy',2379,'kcal','ENERC_KCAL','1ea1dea2-4aa0-4f76-9f5b-eb832e515554'),('c8baf28e-162e-4d74-8b5d-e756ffeebfb9','Calories from fat',447,'kcal','FAT_KCAL','ba62229e-0ab7-4b07-b4e8-de3b7d876f3b'),('ca9484da-e648-4092-8e65-313ab0432f0a','Calories from protein',461,'kcal','PROCNT_KCAL','1ea1dea2-4aa0-4f76-9f5b-eb832e515554'),('cb5c3f5b-0b13-4cf1-880d-a4e9f012254b','Calories from protein',266,'kcal','PROCNT_KCAL','e60e7c73-32ac-4170-916e-6a8a0733070c'),('cb9b01bd-4438-4409-b275-bf1ff20c11ff','Calories from protein',150,'kcal','PROCNT_KCAL','a3b6891b-fad3-4c7a-9240-cbd0cb2fb132'),('cedb5c46-905c-4f88-99c7-d836cfe5b607','Calories from carbohydrates',1741,'kcal','CHOCDF_KCAL','fde67312-80de-43bd-8c1a-196393822bfc'),('d078e169-74e4-444b-9d91-650d4b4d4344','Calories from protein',697,'kcal','PROCNT_KCAL','ce7c42d8-f557-42e1-8e53-d9925bcafd3b'),('d1054fcb-725a-459d-817e-b55abb6180de','Calories from fat',1902,'kcal','FAT_KCAL','d1466bc9-050b-425e-ad8e-af0675f32354'),('d125fbe8-9bf7-4701-92fa-4fb30a7e9791','Calories from carbohydrates',448,'kcal','CHOCDF_KCAL','25c855c1-a417-4c89-8683-1485925a9870'),('d1d2bbf4-262e-422e-822d-a2b755f0c777','Calories from fat',1264,'kcal','FAT_KCAL','fd273271-21a1-43b1-b0bb-4e8c22c19b21'),('d340e7ec-dd30-4aa3-8fe7-6034851a1999','Calories from protein',99,'kcal','PROCNT_KCAL','6570af5a-e811-45b8-a533-c4f06438e1ff'),('d41f805f-764d-4917-b93e-c7d27dfabf46','Energy',6532,'kcal','ENERC_KCAL','f5762675-fe7e-4f23-83da-e8f379b8fef7'),('d51477c0-b26b-48f2-9e93-4f719fa26a00','Calories from carbohydrates',911,'kcal','CHOCDF_KCAL','5bab4042-9684-4fae-ad3b-5f5de9350580'),('d548e216-45f9-400c-a08f-771b001b9c72','Energy',2367,'kcal','ENERC_KCAL','2e0c1573-6f3b-4c6b-90e4-5dff011b9673'),('d585a645-5203-4fb0-8590-3f0c406c24d5','Calories from carbohydrates',190,'kcal','CHOCDF_KCAL','1d732269-5ba6-4e29-a127-da0a2b6fa54f'),('db0839c3-cadf-4524-9a51-99866e667a39','Calories from fat',717,'kcal','FAT_KCAL','ce7c42d8-f557-42e1-8e53-d9925bcafd3b'),('db22d1bd-6026-48d1-bd2f-d106f710d0da','Calories from protein',250,'kcal','PROCNT_KCAL','d1466bc9-050b-425e-ad8e-af0675f32354'),('dd1d45f2-93f9-4434-a06d-ca429213f57e','Calories from fat',2084,'kcal','FAT_KCAL','2e0c1573-6f3b-4c6b-90e4-5dff011b9673'),('dd807323-a363-4fb7-9359-56ba56e33449','Energy',2123,'kcal','ENERC_KCAL','5bab4042-9684-4fae-ad3b-5f5de9350580'),('dea3e6d0-f5a6-4b24-9e70-b47b58164995','Calories from protein',116,'kcal','PROCNT_KCAL','3107980b-9142-415e-9b29-b1ffe0e24119'),('e0d10f5c-da31-449c-a336-87f3e0de0985','Calories from fat',102,'kcal','FAT_KCAL','87c7f114-0945-4706-b90f-76de7818c35b'),('e0fa0f4a-2ba0-40cc-a818-b77c3e0edcfe','Energy',680,'kcal','ENERC_KCAL','fcd030aa-35d1-4f31-95d6-f2bb0bd7c902'),('e1ef5d34-cedb-4b29-a604-b24713bad87d','Energy',593,'kcal','ENERC_KCAL','f852a4dc-e20b-4a41-acd6-789db0813143'),('e60d4669-b786-4576-af90-9cef81c7ac26','Calories from carbohydrates',1042,'kcal','CHOCDF_KCAL','4ddb632f-e9f1-4eed-a3bc-dc0984887e63'),('e61a530e-63c0-4023-a85f-385a5ca5851a','Calories from carbohydrates',1529,'kcal','CHOCDF_KCAL','893397cd-a91f-4f09-a179-7376cef82601'),('e9e0a191-e3da-4c2d-aea4-4111ee67863e','Calories from protein',554,'kcal','PROCNT_KCAL','fde67312-80de-43bd-8c1a-196393822bfc'),('ea0717af-056d-4846-bdea-25145447a0f7','Energy',5349,'kcal','ENERC_KCAL','d1466bc9-050b-425e-ad8e-af0675f32354'),('eb5df2d6-3a31-4ff3-a180-ee7cac28e290','Calories from carbohydrates',541,'kcal','CHOCDF_KCAL','fcd030aa-35d1-4f31-95d6-f2bb0bd7c902'),('eeba0173-aa37-407d-ac62-0ab06a265043','Calories from fat',292,'kcal','FAT_KCAL','b4191208-a0a1-4ea3-a1ce-e6cdeca0af94'),('ef47685a-7f34-43d8-9fb4-f48120dce0d0','Energy',1497,'kcal','ENERC_KCAL','1d732269-5ba6-4e29-a127-da0a2b6fa54f'),('f076d531-72b4-4f3e-81b8-ea436021d08c','Calories from carbohydrates',1081,'kcal','CHOCDF_KCAL','f3248d19-b91e-46da-b3ab-8735aac7c391'),('f1378c9d-7f91-4554-b9b9-755bae149b54','Calories from carbohydrates',21,'kcal','CHOCDF_KCAL','e89aaa1b-efd1-444b-a26d-76f2c8a70e12'),('f14e025a-02df-40b7-a013-012ddb5c0034','Calories from carbohydrates',1697,'kcal','CHOCDF_KCAL','ba62229e-0ab7-4b07-b4e8-de3b7d876f3b'),('f1e3cde9-f814-4334-be40-915c58eedc66','Calories from carbohydrates',847,'kcal','CHOCDF_KCAL','dd24945a-27fb-47d8-994f-7470d8aaf38a'),('f2c5790a-6e18-4797-92c0-71d93b267f7e','Calories from fat',801,'kcal','FAT_KCAL','6c629135-2f44-49dd-bb25-0141b773a34e'),('f3ce15fe-cb3d-4153-a29d-458889fc8226','Calories from carbohydrates',64,'kcal','CHOCDF_KCAL','fd273271-21a1-43b1-b0bb-4e8c22c19b21'),('f7024b2e-aa0d-4930-adcc-a6b3f7d6c579','Calories from fat',462,'kcal','FAT_KCAL','893397cd-a91f-4f09-a179-7376cef82601'),('f746a7ce-7b23-496e-b2a0-23283a1367d7','Calories from protein',202,'kcal','PROCNT_KCAL','1d732269-5ba6-4e29-a127-da0a2b6fa54f'),('f8ead222-ef6a-46d6-a4cb-46c5575413ab','Calories from protein',378,'kcal','PROCNT_KCAL','35a89094-78da-4931-96cc-d5cbf0f5d6fb'),('fa44ba5e-934a-46d4-beb0-dd7590a543ec','Calories from carbohydrates',1028,'kcal','CHOCDF_KCAL','85cb832a-a110-46ea-a7db-ccfcfbc883ab'),('fc468858-abff-4de2-97dd-c500fb16d377','Calories from protein',26,'kcal','PROCNT_KCAL','dcfd256e-b215-4d56-9502-9fd095113a11'),('fc872c18-4381-44a2-bb4f-49a0e58e32a4','Calories from fat',640,'kcal','FAT_KCAL','e60e7c73-32ac-4170-916e-6a8a0733070c'),('fc8e8b2e-bc43-4bde-b3ec-c5161d00379d','Calories from fat',139,'kcal','FAT_KCAL','666a0b5b-90a1-427b-940e-9316d3b67ef8'),('fff9bc15-eb65-46be-849f-f0008d78b618','Calories from fat',1412,'kcal','FAT_KCAL','85cb832a-a110-46ea-a7db-ccfcfbc883ab');
/*!40000 ALTER TABLE `recipe_total_nutrition_kcal` ENABLE KEYS */;
UNLOCK TABLES;

--
-- Table structure for table `recipes`
--

DROP TABLE IF EXISTS `recipes`;
/*!40101 SET @saved_cs_client     = @@character_set_client */;
/*!50503 SET character_set_client = utf8mb4 */;
CREATE TABLE `recipes` (
  `id` varchar(36) NOT NULL,
  `name` varchar(255) NOT NULL,
  `serving` int DEFAULT NULL,
  `image` varchar(255) NOT NULL,
  `cook` varchar(255) DEFAULT NULL,
  `prep` varchar(255) DEFAULT NULL,
  `total` varchar(255) DEFAULT NULL,
  `url` varchar(255) NOT NULL,
  `public` tinyint NOT NULL DEFAULT '1',
  `created_at` datetime(6) NOT NULL DEFAULT CURRENT_TIMESTAMP(6),
  `description` text,
  PRIMARY KEY (`id`),
  UNIQUE KEY `IDX_19d2684dbf4692a00e0ca73578` (`url`)
) ENGINE=InnoDB DEFAULT CHARSET=utf8mb4 COLLATE=utf8mb4_0900_ai_ci;
/*!40101 SET character_set_client = @saved_cs_client */;

--
-- Dumping data for table `recipes`
--

LOCK TABLES `recipes` WRITE;
/*!40000 ALTER TABLE `recipes` DISABLE KEYS */;
INSERT INTO `recipes` VALUES ('054258b8-53d3-4453-8ebd-34e4f933fe93','Salsa de Molcajete',NULL,'Salsa_de_Molcajete.jpg','','','','https://www.bonappetit.com/recipe/salsa-de-molcajete',1,'2022-04-06 02:15:01.360868','Tangy, smokey, and just a touch spicy, this simple salsa from Bricia Lopez made with charred tomatoes shows how just a few ingredients can transform into something truly spectacular.'),('15b901f9-3232-4f6e-9664-a243c932fe32','Karak Chai',NULL,'Karak_Chai.jpg','','','','https://www.bonappetit.com/recipe/karak-chai',1,'2022-04-06 02:14:47.625884','Recipe developer Zaynab Issa\'s Karak Chai recipe is richer than most cups of tea, thanks to its generous use of evaporated milk and hints of vanilla, cinnamon, and cardamom.'),('1be483a2-eafd-4db8-bc19-f45b9efb8a3c','Toasted Marshmallow Cake',NULL,'Toasted_Marshmallow_Cake.jpg','40 mins ','20 mins ','1 hr ','https://www.allrecipes.com/recipe/8373688/toasted-marshmallow-cake/',1,'2022-04-06 02:04:59.743084','This delicious white cake features toasted marshmallows in the batter for a truly spectacular dessert.'),('1d732269-5ba6-4e29-a127-da0a2b6fa54f','Mortadella Wedge Salad',NULL,'Mortadella_Wedge_Salad.jpg','','','','https://www.bonappetit.com/recipe/mortadella-wedge-salad',1,'2022-04-06 02:22:08.191419','This salad isn\'t like a regular wedge, it\'s a cool wedge—and by \"cool\" we mean stuffed with pickled jalapeños and paper-thin slices of mortadella and drizzled with a tangy buttermilk dressing.'),('1ea1dea2-4aa0-4f76-9f5b-eb832e515554','Broccoli Cheddar Soup With Cheesy Croutons',NULL,'Broccoli_Cheddar_Soup_With_Cheesy_Croutons.jpg','','','','https://www.bonappetit.com/recipe/broccoli-cheddar-soup',1,'2022-04-06 02:25:07.692933','Our easy broccoli cheddar soup recipe is lighter than some versions, thickened with puréed vegetables instead of cream—and finished with cheesy croutons.'),('25c855c1-a417-4c89-8683-1485925a9870','Beauty-Food Mango Slushy',NULL,'Beauty-Food_Mango_Slushy.jpg','','','','https://www.bonappetit.com/recipe/beauty-food-mango-slushy',1,'2022-04-06 02:27:09.733981','Mangoes are packed with vitamins C and A, both of which provide major skin-brightening benefits. Lime and chile keep this slushy spicy and bright. This recipe is part of the Healthyish slushy trifecta.'),('2e0c1573-6f3b-4c6b-90e4-5dff011b9673','BA\'s Best Pesto',NULL,'BA\'s_Best_Pesto.jpg','','','','https://www.bonappetit.com/recipe/best-pesto',1,'2022-04-06 02:15:21.338982','The key for this classic pesto recipe is to add the basil at the very end so it doesn’t get bruised or lose its flavor and maintains its vibrant green color.'),('30386c99-cc37-49c8-8110-7eabf566410c','Cacao and Coconut Latte',NULL,'Cacao_and_Coconut_Latte.jpg','','','','https://www.bonappetit.com/recipe/cacao-coconut-latte',1,'2022-04-06 02:17:00.291422','For a more caramel-y depth of flavor (or if you just really love coconut), toast the coconut flakes first and substitute coconut sugar for the organic sugar.'),('3107980b-9142-415e-9b29-b1ffe0e24119','Silky Steamed Eggs with Mushrooms',NULL,'Silky_Steamed_Eggs_with_Mushrooms.jpg','','','','https://www.bonappetit.com/recipe/mushroom-steamed-eggs',1,'2022-04-06 02:13:48.568143','These savory and oh-so-simple steamed eggs are the definition of cozy comfort food.'),('35a89094-78da-4931-96cc-d5cbf0f5d6fb','Teriyaki Ground Beef Skillet',NULL,'Teriyaki_Ground_Beef_Skillet.jpg','10 mins ','15 mins ','25 mins ','https://www.allrecipes.com/recipe/284172/teriyaki-ground-beef-skillet/',1,'2022-04-06 02:04:36.166213','A quick and easy one-pan, kid friendly teriyaki ground beef skillet dinner with sweet, rich, and flavorful meat and Asian flavors. Served with white rice.'),('3cd3f061-f3bc-4042-84c6-bb5f13722996','Tartar Sauce',NULL,'Tartar_Sauce.jpg','','','','https://tastesbetterfromscratch.com/tartar-sauce/',1,'2022-03-06 02:44:17.897809','This homemade Tartar Sauce recipe is creamy and fresh! It only takes 5 minutes to make, and tastes so much better than store-bought!'),('3e8dddec-93d9-463f-b084-f13b1086dea8','Grape-Tarragon Spritzer',NULL,'Grape-Tarragon_Spritzer.jpg','','','','https://www.bonappetit.com/recipe/grape-tarragon-spritzer',1,'2022-04-06 02:14:06.674194','Looking for the ultimate booze-free cooler? Try Bryant Terry’s refreshing grape-tarragon spritzer, which cleverly keeps its cool with frozen grapes instead of ice cubes.'),('4ddb632f-e9f1-4eed-a3bc-dc0984887e63','Fettuccine Alfredo',NULL,'Fettuccine_Alfredo.jpg','','','','https://www.bonappetit.com/recipe/fettuccine-alfredo',1,'2022-04-06 02:13:11.243474','A fettuccine Alfredo recipe should never include cream; the silky sauce comes from an emulsion of grated Parmesan, melted butter, and starchy pasta water.'),('5bab4042-9684-4fae-ad3b-5f5de9350580','Mango and Avocado Salad',NULL,'Mango_and_Avocado_Salad.jpg','','','','https://www.bonappetit.com/recipe/mango-and-avocado-salad',1,'2022-04-06 02:22:33.097295','With creamy avocado and sweet ripe mango, this cooling salad will complement a meal that’s big on heat and spice.'),('6570af5a-e811-45b8-a533-c4f06438e1ff','Spicy Sesame Coleslaw',NULL,'Spicy_Sesame_Coleslaw.jpg','','20 mins','20 mins','https://www.101cookbooks.com/spicy-sesame-coleslaw/',1,'2022-03-20 23:18:47.975286','A spicy sesame coleslaw with feathery green and red cabbages along with carrots, apples, and scallions tossed with a spicy, creamy sesame dressing.'),('666a0b5b-90a1-427b-940e-9316d3b67ef8','Asian Pear–Shiso Salad With Quinoa',NULL,'Asian_Pear–Shiso_Salad_With_Quinoa.jpg','','','','https://www.bonappetit.com/recipe/asian-pear-shiso-salad-with-quinoa',1,'2022-04-06 02:21:52.592405','This layered salad is a garden of textural delight with crisp Asian pear, creamy Greek yogurt, and a shower of quinoa.'),('6c629135-2f44-49dd-bb25-0141b773a34e','Espresso Hot Chocolate',NULL,'Espresso_Hot_Chocolate.jpg','','','','https://www.bonappetit.com/recipe/espresso-hot-chocolate',1,'2022-04-06 02:17:32.377365','If you want to mellow this out a bit, use strong coffee or a couple teaspoons of espresso powder instead of the freshly made espresso.'),('85cb832a-a110-46ea-a7db-ccfcfbc883ab','Mozzarella Fritters With Pesto and Greens',NULL,'Mozzarella_Fritters_With_Pesto_and_Greens.jpg','','','','https://www.bonappetit.com/recipe/mozzarella-fritters',1,'2022-04-06 02:23:22.687424','These crispy-creamy fritters come together even faster than you\'ll devour them.'),('87a32415-38d7-47b0-ac8e-13c8d2860fa4','Fried Lemon and Radish Salad',NULL,'Fried_Lemon_and_Radish_Salad.jpg','','','','https://www.bonappetit.com/recipe/fried-lemon-and-radish-salad',1,'2022-04-06 02:21:23.994616','You can—and you should!—eat fried slices of lemon in your salad. (Trust us.)'),('87c7f114-0945-4706-b90f-76de7818c35b','Blueberry Smoothie',NULL,'Blueberry_Smoothie.jpg','','5 mins ','5 mins ','https://www.allrecipes.com/recipe/215184/blueberry-smoothie/',1,'2022-04-06 02:06:11.529059','This blueberry smoothie with plain yogurt is seasoned with a bit of nutmeg.'),('893397cd-a91f-4f09-a179-7376cef82601','Red Lentil Soup With Preserved Lemon and Crispy Garlic',NULL,'Red_Lentil_Soup_With_Preserved_Lemon_and_Crispy_Garlic.jpg','','','','https://www.bonappetit.com/recipe/red-lentil-soup-with-preserved-lemon',1,'2022-04-06 02:24:53.948577','With the help of punchy preserved lemon and crispy garlic chips, that bag of lentils in the back of your pantry is in for a major—and shockingly simple—glow-up.'),('97a5aba6-9d39-47da-b4a9-9e75d92d7e01','Banana, Coffee, Cashew, and Cocoa Smoothie',NULL,'Banana,_Coffee,_Cashew,_and_Cocoa_Smoothie.jpg','','','','https://www.bonappetit.com/recipe/banana-coffee-cashew-cocoa-smoothie',1,'2022-04-06 02:27:18.662638','This power-breakfast smoothie will be extra smooth if you soak the nuts and oats in water overnight; drain before proceeding.'),('a3b6891b-fad3-4c7a-9240-cbd0cb2fb132','Napa Cabbage Wedge With Sesame Ranch',NULL,'Napa_Cabbage_Wedge_With_Sesame_Ranch.jpg','','','','https://www.bonappetit.com/recipe/napa-cabbage-wedge-with-sesame-ranch',1,'2022-04-06 02:21:37.525816','Iceberg’s reign over the wedge salad stops here.'),('a3e3c39d-34f8-42b7-9727-3711233f1bce','Passion Fruit Bars',NULL,'Passion_Fruit_Bars.jpg','','','','https://www.bonappetit.com/recipe/passion-fruit-bars',1,'2022-04-06 02:18:39.917622','Lemon bars on holiday in the tropics.'),('b4191208-a0a1-4ea3-a1ce-e6cdeca0af94','French Toast',NULL,'French_Toast.jpg','10 mins ','5 mins ','15 mins ','https://www.allrecipes.com/recipe/7016/french-toast-i/',1,'2022-03-20 22:14:31.963070','This delicious French toast recipe can be ready in about 15 minutes with eggs, milk, a few spices, and your favorite bread.'),('b6807a17-f27c-42aa-a722-930084f8b211','Best-Ever Grilled Cheese',NULL,'Best-Ever_Grilled_Cheese.jpg','','','','https://www.bonappetit.com/recipe/best-ever-grilled-cheese',1,'2022-04-06 02:12:57.919581','Looking to majorly upgrade the classic grilled cheese? This recipe has you covered with bread slicked with and crisped up by the power of mayonnaise.'),('ba62229e-0ab7-4b07-b4e8-de3b7d876f3b','Cocoa-Coffee Almond Cookies',NULL,'Cocoa-Coffee_Almond_Cookies.jpg','','','','https://www.bonappetit.com/recipe/cocoa-coffee-almond-cookies',1,'2022-04-06 02:19:06.134268','Almond paste makes these supremely fudgy cookies extra chewy, while coffee adds a savory note that complements the chocolate and nut flavors.'),('ce7c42d8-f557-42e1-8e53-d9925bcafd3b','Moroccan-inspired chickpea stew',NULL,'Moroccan-inspired_chickpea_stew.jpg','','45 min.','','https://www.kitchenstories.com/en/recipes/moroccan-inspired-chickpea-stew',1,'2022-03-06 00:56:48.735727','Peel and finely dice onion and garlic. Peel carrots and sweet potatoes and cut into bite-size pieces. Deseed and dice bell pepper. Remove leaves and core from fennel and chop rest into small pieces. Wash kale, remove leaves from stems, and cut or tear into bite-size pieces.'),('d1466bc9-050b-425e-ad8e-af0675f32354','Chewy Date and Dark Chocolate Cookies',NULL,'Chewy_Date_and_Dark_Chocolate_Cookies.jpg','','','','https://www.bonappetit.com/recipe/chewy-date-and-dark-chocolate-cookies',1,'2022-04-06 02:18:28.897492','Not just another chocolate chip cookie.'),('dcfd256e-b215-4d56-9502-9fd095113a11','Chef John\'s Waldorf Salad',NULL,'Chef_John\'s_Waldorf_Salad.jpg','','20 mins ','20 mins ','https://www.allrecipes.com/recipe/245363/chef-johns-waldorf-salad/',1,'2022-04-06 02:09:22.103037','Chef John uses chopped celery root in his version of this classic salad--just 4 ingredients and a creamy dressing is all it takes.'),('dd24945a-27fb-47d8-994f-7470d8aaf38a','Chocolate Chip Pancakes',NULL,'Chocolate_Chip_Pancakes.jpg','10 mins ','10 mins ','30 mins ','https://www.allrecipes.com/recipe/8375465/chocolate-chip-pancakes/',1,'2022-04-03 00:48:56.245812','This is a great recipe for homemade chocolate chip pancakes - they are essentially buttermilk pancakes with chocolate chips, only you make your own buttermilk.'),('dd51b859-f756-4e11-8be5-f6209bb068e8','Pasta al Limone',NULL,'Pasta_al_Limone.jpg','','','','https://www.bonappetit.com/recipe/pasta-al-limone',1,'2022-04-06 02:12:33.632903','This creamy pasta al limone recipe is luscious and amply cheesy, but still bright and fresh thanks to fresh lemon juice. Make it for dinner in just 15 minutes.'),('e60e7c73-32ac-4170-916e-6a8a0733070c','Vegetable Fried Rice',NULL,'Vegetable_Fried_Rice.jpg','12 mins','15 mins','27 mins','https://www.budgetbytes.com/vegetable-not-fried-rice/',1,'2022-04-06 02:11:01.219681','Vegetable Fried Rice is a fast, easy, delicious, and budget-friendly meal that you can whip up with ingredients on hand at any time!'),('e89aaa1b-efd1-444b-a26d-76f2c8a70e12','Porterhouse With Summer Au Poivre Sauce',NULL,'Porterhouse_With_Summer_Au_Poivre_Sauce.jpg','','','','https://www.bonappetit.com/recipe/porterhouse-with-summer-au-poivre-sauce',1,'2022-04-06 02:16:09.360427','Getting a porterhouse steak to a blushing, consistent medium-rare is a feat—but the key is to keep it moving.'),('f211abb9-326f-4fce-ba5d-893fe97909fe','Fattoush',NULL,'Fattoush.jpg','','','','https://www.bonappetit.com/recipe/fattoush',1,'2022-04-06 02:23:00.120295','Lebanon\'s most famous salad, fattoush, is a juicy, crunchy mix of herbs, cucumber, tomatoes, and pita, bright with the flavor of sumac.'),('f3248d19-b91e-46da-b3ab-8735aac7c391','Roasted Sweet Potatoes',NULL,'Roasted_Sweet_Potatoes.jpg','','','','https://www.bonappetit.com/recipe/roasted-sweet-potatoes',1,'2022-04-06 02:15:43.567097','Looking for a roasted sweet potatoes recipe that comes out great every time? Here’s the best (and easiest) way to make sweet potatoes in 45 minutes!'),('f5762675-fe7e-4f23-83da-e8f379b8fef7','Classic Caesar Salad',NULL,'Classic_Caesar_Salad.jpg','','','','https://www.bonappetit.com/recipe/classic-caesar-salad',1,'2022-04-06 02:11:28.230638','A great Caesar salad recipe like this one gets its swagger from cold and crisp greens, a creamy and briny dressing, and freshly made croutons.'),('f852a4dc-e20b-4a41-acd6-789db0813143','Summer Gazpacho',NULL,'Summer_Gazpacho.jpg','','','','https://www.bonappetit.com/recipe/summer-gazpacho',1,'2022-04-06 02:25:27.608816','A great, nay, the best gazpacho recipe starts with epic tomatoes—because this preparation is raw, there’s no hiding a sub-standard specimen. Go for gold! Er—red?'),('fcd030aa-35d1-4f31-95d6-f2bb0bd7c902','Autumn Waldorf Salad',NULL,'Autumn_Waldorf_Salad.jpg','','20 mins ','50 mins ','https://www.allrecipes.com/recipe/255841/autumn-waldorf-salad/',1,'2022-04-06 02:09:04.169761','This fall spin on a Waldorf salad made with apple, pear, celery, cranberries, and yogurt is a light side dish with festive autumnal flavor.'),('fd273271-21a1-43b1-b0bb-4e8c22c19b21','Basic Chicken Salad',NULL,'Basic_Chicken_Salad.jpg','5 mins ','5 mins ','10 mins ','https://www.allrecipes.com/recipe/8499/basic-chicken-salad/',1,'2022-04-06 02:07:42.818089','This creamy chicken salad recipes uses basic ingredients, along with crunchy almonds and celery, to produce a delicious lunch that\'s ready in just 10 minutes.'),('fde67312-80de-43bd-8c1a-196393822bfc','Chickpea Noodle Soup',NULL,'Chickpea_Noodle_Soup.jpg','','','','https://www.bonappetit.com/recipe/chickpea-noodle-soup',1,'2022-04-06 02:24:43.427671','There\'s triple the chickpea in this quick and comforting soup: The broth is flavored with chickpea miso, and the mix of soft and crispy chickpeas makes for a delightful mix of textures.'),('fed3dedf-43b3-4de5-9433-6028e601bcf1','The Perfect Egg Salad Sandwich',NULL,'The_Perfect_Egg_Salad_Sandwich.jpg','','10 mins','18 mins','https://www.101cookbooks.com/egg-salad/',1,'2022-03-13 23:39:12.974131','The perfect egg salad sandwich is all about the little tweaks and a smart ratio of eggs to other ingredients. This is my favorite. Served on garlic-rubbed toasted bread with chopped celery, onion, and whole-grain mustard.');
/*!40000 ALTER TABLE `recipes` ENABLE KEYS */;
UNLOCK TABLES;

--
-- Table structure for table `recipes_categories`
--

DROP TABLE IF EXISTS `recipes_categories`;
/*!40101 SET @saved_cs_client     = @@character_set_client */;
/*!50503 SET character_set_client = utf8mb4 */;
CREATE TABLE `recipes_categories` (
  `id` varchar(36) NOT NULL,
  `name` varchar(255) NOT NULL,
  `icon` varchar(255) DEFAULT NULL,
  `active` tinyint NOT NULL DEFAULT '1',
  PRIMARY KEY (`id`)
) ENGINE=InnoDB DEFAULT CHARSET=utf8mb4 COLLATE=utf8mb4_0900_ai_ci;
/*!40101 SET character_set_client = @saved_cs_client */;

--
-- Dumping data for table `recipes_categories`
--

LOCK TABLES `recipes_categories` WRITE;
/*!40000 ALTER TABLE `recipes_categories` DISABLE KEYS */;
INSERT INTO `recipes_categories` VALUES ('105ffb72-9d29-42fa-8c0d-e20284c9ff47','Juices','🥤',1),('277b3ac2-8e28-4e0b-976a-8cd430a51ef8','Salad','🥗',1),('87adce8d-ac5d-4feb-b543-7ea6c9a1f6cf','Soups','🍜',1),('8d428f6e-7a48-488a-b82f-b76293dc4d0c','Sauces','🥣',1),('9e5f81d0-882e-46ac-b710-0c5ef3711aaf','Baking','🍰',1),('b2ae91d1-a112-465b-805b-2a8e08b9d306','Dinner','🍲',1),('c7c8b49d-5604-41a6-be68-9f969eb9cbb0','Snaks','🥨',1),('ca8a71f8-94eb-400d-a1e0-53f2039eb746','Breakfast','🍳',1),('cea5fa80-99d1-4c63-be5b-90ee2dbf1731','Lunch','🥘',1);
/*!40000 ALTER TABLE `recipes_categories` ENABLE KEYS */;
UNLOCK TABLES;

--
-- Table structure for table `recipes_categories_recipes_categories`
--

DROP TABLE IF EXISTS `recipes_categories_recipes_categories`;
/*!40101 SET @saved_cs_client     = @@character_set_client */;
/*!50503 SET character_set_client = utf8mb4 */;
CREATE TABLE `recipes_categories_recipes_categories` (
  `recipesId` varchar(36) NOT NULL,
  `recipesCategoriesId` varchar(36) NOT NULL,
  PRIMARY KEY (`recipesId`,`recipesCategoriesId`),
  KEY `IDX_31c4451385cd72cb24a859759c` (`recipesId`),
  KEY `IDX_745485893309492dd13113b0f0` (`recipesCategoriesId`),
  CONSTRAINT `FK_31c4451385cd72cb24a859759c0` FOREIGN KEY (`recipesId`) REFERENCES `recipes` (`id`) ON DELETE CASCADE,
  CONSTRAINT `FK_745485893309492dd13113b0f0e` FOREIGN KEY (`recipesCategoriesId`) REFERENCES `recipes_categories` (`id`) ON DELETE CASCADE
) ENGINE=InnoDB DEFAULT CHARSET=utf8mb4 COLLATE=utf8mb4_0900_ai_ci;
/*!40101 SET character_set_client = @saved_cs_client */;

--
-- Dumping data for table `recipes_categories_recipes_categories`
--

LOCK TABLES `recipes_categories_recipes_categories` WRITE;
/*!40000 ALTER TABLE `recipes_categories_recipes_categories` DISABLE KEYS */;
INSERT INTO `recipes_categories_recipes_categories` VALUES ('054258b8-53d3-4453-8ebd-34e4f933fe93','8d428f6e-7a48-488a-b82f-b76293dc4d0c'),('15b901f9-3232-4f6e-9664-a243c932fe32','105ffb72-9d29-42fa-8c0d-e20284c9ff47'),('1be483a2-eafd-4db8-bc19-f45b9efb8a3c','9e5f81d0-882e-46ac-b710-0c5ef3711aaf'),('1d732269-5ba6-4e29-a127-da0a2b6fa54f','277b3ac2-8e28-4e0b-976a-8cd430a51ef8'),('1d732269-5ba6-4e29-a127-da0a2b6fa54f','b2ae91d1-a112-465b-805b-2a8e08b9d306'),('1d732269-5ba6-4e29-a127-da0a2b6fa54f','cea5fa80-99d1-4c63-be5b-90ee2dbf1731'),('1ea1dea2-4aa0-4f76-9f5b-eb832e515554','8d428f6e-7a48-488a-b82f-b76293dc4d0c'),('25c855c1-a417-4c89-8683-1485925a9870','105ffb72-9d29-42fa-8c0d-e20284c9ff47'),('2e0c1573-6f3b-4c6b-90e4-5dff011b9673','8d428f6e-7a48-488a-b82f-b76293dc4d0c'),('30386c99-cc37-49c8-8110-7eabf566410c','105ffb72-9d29-42fa-8c0d-e20284c9ff47'),('3107980b-9142-415e-9b29-b1ffe0e24119','b2ae91d1-a112-465b-805b-2a8e08b9d306'),('3107980b-9142-415e-9b29-b1ffe0e24119','cea5fa80-99d1-4c63-be5b-90ee2dbf1731'),('35a89094-78da-4931-96cc-d5cbf0f5d6fb','b2ae91d1-a112-465b-805b-2a8e08b9d306'),('35a89094-78da-4931-96cc-d5cbf0f5d6fb','cea5fa80-99d1-4c63-be5b-90ee2dbf1731'),('3cd3f061-f3bc-4042-84c6-bb5f13722996','b2ae91d1-a112-465b-805b-2a8e08b9d306'),('3cd3f061-f3bc-4042-84c6-bb5f13722996','cea5fa80-99d1-4c63-be5b-90ee2dbf1731'),('3e8dddec-93d9-463f-b084-f13b1086dea8','105ffb72-9d29-42fa-8c0d-e20284c9ff47'),('4ddb632f-e9f1-4eed-a3bc-dc0984887e63','b2ae91d1-a112-465b-805b-2a8e08b9d306'),('4ddb632f-e9f1-4eed-a3bc-dc0984887e63','cea5fa80-99d1-4c63-be5b-90ee2dbf1731'),('5bab4042-9684-4fae-ad3b-5f5de9350580','277b3ac2-8e28-4e0b-976a-8cd430a51ef8'),('5bab4042-9684-4fae-ad3b-5f5de9350580','c7c8b49d-5604-41a6-be68-9f969eb9cbb0'),('6570af5a-e811-45b8-a533-c4f06438e1ff','277b3ac2-8e28-4e0b-976a-8cd430a51ef8'),('666a0b5b-90a1-427b-940e-9316d3b67ef8','277b3ac2-8e28-4e0b-976a-8cd430a51ef8'),('666a0b5b-90a1-427b-940e-9316d3b67ef8','c7c8b49d-5604-41a6-be68-9f969eb9cbb0'),('6c629135-2f44-49dd-bb25-0141b773a34e','105ffb72-9d29-42fa-8c0d-e20284c9ff47'),('85cb832a-a110-46ea-a7db-ccfcfbc883ab','277b3ac2-8e28-4e0b-976a-8cd430a51ef8'),('85cb832a-a110-46ea-a7db-ccfcfbc883ab','b2ae91d1-a112-465b-805b-2a8e08b9d306'),('85cb832a-a110-46ea-a7db-ccfcfbc883ab','cea5fa80-99d1-4c63-be5b-90ee2dbf1731'),('87a32415-38d7-47b0-ac8e-13c8d2860fa4','277b3ac2-8e28-4e0b-976a-8cd430a51ef8'),('87c7f114-0945-4706-b90f-76de7818c35b','105ffb72-9d29-42fa-8c0d-e20284c9ff47'),('893397cd-a91f-4f09-a179-7376cef82601','8d428f6e-7a48-488a-b82f-b76293dc4d0c'),('893397cd-a91f-4f09-a179-7376cef82601','b2ae91d1-a112-465b-805b-2a8e08b9d306'),('893397cd-a91f-4f09-a179-7376cef82601','cea5fa80-99d1-4c63-be5b-90ee2dbf1731'),('97a5aba6-9d39-47da-b4a9-9e75d92d7e01','105ffb72-9d29-42fa-8c0d-e20284c9ff47'),('a3b6891b-fad3-4c7a-9240-cbd0cb2fb132','277b3ac2-8e28-4e0b-976a-8cd430a51ef8'),('a3b6891b-fad3-4c7a-9240-cbd0cb2fb132','c7c8b49d-5604-41a6-be68-9f969eb9cbb0'),('a3e3c39d-34f8-42b7-9727-3711233f1bce','9e5f81d0-882e-46ac-b710-0c5ef3711aaf'),('a3e3c39d-34f8-42b7-9727-3711233f1bce','c7c8b49d-5604-41a6-be68-9f969eb9cbb0'),('b4191208-a0a1-4ea3-a1ce-e6cdeca0af94','9e5f81d0-882e-46ac-b710-0c5ef3711aaf'),('b6807a17-f27c-42aa-a722-930084f8b211','b2ae91d1-a112-465b-805b-2a8e08b9d306'),('b6807a17-f27c-42aa-a722-930084f8b211','c7c8b49d-5604-41a6-be68-9f969eb9cbb0'),('b6807a17-f27c-42aa-a722-930084f8b211','ca8a71f8-94eb-400d-a1e0-53f2039eb746'),('b6807a17-f27c-42aa-a722-930084f8b211','cea5fa80-99d1-4c63-be5b-90ee2dbf1731'),('ba62229e-0ab7-4b07-b4e8-de3b7d876f3b','9e5f81d0-882e-46ac-b710-0c5ef3711aaf'),('ba62229e-0ab7-4b07-b4e8-de3b7d876f3b','c7c8b49d-5604-41a6-be68-9f969eb9cbb0'),('ce7c42d8-f557-42e1-8e53-d9925bcafd3b','b2ae91d1-a112-465b-805b-2a8e08b9d306'),('d1466bc9-050b-425e-ad8e-af0675f32354','9e5f81d0-882e-46ac-b710-0c5ef3711aaf'),('dcfd256e-b215-4d56-9502-9fd095113a11','277b3ac2-8e28-4e0b-976a-8cd430a51ef8'),('dd24945a-27fb-47d8-994f-7470d8aaf38a','9e5f81d0-882e-46ac-b710-0c5ef3711aaf'),('dd51b859-f756-4e11-8be5-f6209bb068e8','b2ae91d1-a112-465b-805b-2a8e08b9d306'),('dd51b859-f756-4e11-8be5-f6209bb068e8','cea5fa80-99d1-4c63-be5b-90ee2dbf1731'),('e60e7c73-32ac-4170-916e-6a8a0733070c','b2ae91d1-a112-465b-805b-2a8e08b9d306'),('e60e7c73-32ac-4170-916e-6a8a0733070c','ca8a71f8-94eb-400d-a1e0-53f2039eb746'),('e60e7c73-32ac-4170-916e-6a8a0733070c','cea5fa80-99d1-4c63-be5b-90ee2dbf1731'),('e89aaa1b-efd1-444b-a26d-76f2c8a70e12','b2ae91d1-a112-465b-805b-2a8e08b9d306'),('e89aaa1b-efd1-444b-a26d-76f2c8a70e12','cea5fa80-99d1-4c63-be5b-90ee2dbf1731'),('f211abb9-326f-4fce-ba5d-893fe97909fe','277b3ac2-8e28-4e0b-976a-8cd430a51ef8'),('f211abb9-326f-4fce-ba5d-893fe97909fe','b2ae91d1-a112-465b-805b-2a8e08b9d306'),('f211abb9-326f-4fce-ba5d-893fe97909fe','cea5fa80-99d1-4c63-be5b-90ee2dbf1731'),('f3248d19-b91e-46da-b3ab-8735aac7c391','b2ae91d1-a112-465b-805b-2a8e08b9d306'),('f3248d19-b91e-46da-b3ab-8735aac7c391','cea5fa80-99d1-4c63-be5b-90ee2dbf1731'),('f5762675-fe7e-4f23-83da-e8f379b8fef7','277b3ac2-8e28-4e0b-976a-8cd430a51ef8'),('f852a4dc-e20b-4a41-acd6-789db0813143','87adce8d-ac5d-4feb-b543-7ea6c9a1f6cf'),('fcd030aa-35d1-4f31-95d6-f2bb0bd7c902','277b3ac2-8e28-4e0b-976a-8cd430a51ef8'),('fd273271-21a1-43b1-b0bb-4e8c22c19b21','277b3ac2-8e28-4e0b-976a-8cd430a51ef8'),('fde67312-80de-43bd-8c1a-196393822bfc','8d428f6e-7a48-488a-b82f-b76293dc4d0c'),('fde67312-80de-43bd-8c1a-196393822bfc','b2ae91d1-a112-465b-805b-2a8e08b9d306'),('fde67312-80de-43bd-8c1a-196393822bfc','cea5fa80-99d1-4c63-be5b-90ee2dbf1731'),('fed3dedf-43b3-4de5-9433-6028e601bcf1','b2ae91d1-a112-465b-805b-2a8e08b9d306'),('fed3dedf-43b3-4de5-9433-6028e601bcf1','ca8a71f8-94eb-400d-a1e0-53f2039eb746'),('fed3dedf-43b3-4de5-9433-6028e601bcf1','cea5fa80-99d1-4c63-be5b-90ee2dbf1731');
/*!40000 ALTER TABLE `recipes_categories_recipes_categories` ENABLE KEYS */;
UNLOCK TABLES;

--
-- Table structure for table `record`
--

DROP TABLE IF EXISTS `record`;
/*!40101 SET @saved_cs_client     = @@character_set_client */;
/*!50503 SET character_set_client = utf8mb4 */;
CREATE TABLE `record` (
  `id` varchar(36) NOT NULL,
  `time` datetime NOT NULL,
  `value` int NOT NULL,
  `categoryId` int DEFAULT NULL,
  `userId` varchar(36) DEFAULT NULL,
  `date` datetime NOT NULL,
  `created_at` datetime(6) NOT NULL DEFAULT CURRENT_TIMESTAMP(6),
  PRIMARY KEY (`id`),
  KEY `FK_73168a64f6e1844723c2b180cee` (`categoryId`),
  KEY `FK_8675cd3761984947c2506f39a25` (`userId`),
  CONSTRAINT `FK_73168a64f6e1844723c2b180cee` FOREIGN KEY (`categoryId`) REFERENCES `record_category` (`id`) ON DELETE CASCADE ON UPDATE CASCADE,
  CONSTRAINT `FK_8675cd3761984947c2506f39a25` FOREIGN KEY (`userId`) REFERENCES `users` (`id`) ON DELETE CASCADE ON UPDATE CASCADE
) ENGINE=InnoDB DEFAULT CHARSET=utf8mb4 COLLATE=utf8mb4_0900_ai_ci;
/*!40101 SET character_set_client = @saved_cs_client */;

--
-- Dumping data for table `record`
--

LOCK TABLES `record` WRITE;
/*!40000 ALTER TABLE `record` DISABLE KEYS */;
INSERT INTO `record` VALUES ('0edd6275-ab10-431f-bb6c-85c93fc2fcd0','2022-03-06 03:09:17',200,6,'5b6683dc-4f86-4247-8ac1-22a1910d5a9e','2022-03-06 03:09:17','2022-03-07 15:56:12.756581'),('265fb0a9-13f4-459f-9ee2-41566ee5680c','2022-03-04 17:30:33',200,6,'81ab7e31-26ee-4e37-af14-7fea556bc1e5','2022-03-04 17:30:33','2022-03-07 15:56:12.756581'),('683895a6-9381-4976-b2b5-720fd5812394','2022-03-09 16:07:00',200,6,'788d0c7c-d4d5-4f04-a9c9-0099c658a3ba','2022-03-09 16:51:19','2022-03-09 17:41:49.031332'),('82b50e37-7804-41d8-9e42-c166b7cb096f','2022-04-03 23:30:33',90,6,'f2720afa-4b05-4816-8a1d-91d897db2856','2022-04-03 23:30:33','2022-04-03 23:31:07.041498'),('8be518f5-7cd0-479f-a73b-22dfc23260bf','2022-02-26 18:44:35',90,8,NULL,'2022-02-26 18:44:35','2022-03-07 15:56:12.756581'),('b8796993-db00-49a5-9bbc-3698b907a799','2022-04-03 23:30:33',10,10,'f2720afa-4b05-4816-8a1d-91d897db2856','2022-04-03 23:30:33','2022-04-03 23:32:18.414451'),('b93ed5c6-c7c8-4eaf-84dd-c27236eb8391','2022-04-03 00:57:06',666666,6,'8f667396-4b9b-4ab5-9683-041170bbdfc6','2022-04-03 00:57:06','2022-04-03 01:01:01.505228');
/*!40000 ALTER TABLE `record` ENABLE KEYS */;
UNLOCK TABLES;

--
-- Table structure for table `record_category`
--

DROP TABLE IF EXISTS `record_category`;
/*!40101 SET @saved_cs_client     = @@character_set_client */;
/*!50503 SET character_set_client = utf8mb4 */;
CREATE TABLE `record_category` (
  `id` int NOT NULL AUTO_INCREMENT,
  `name` varchar(255) NOT NULL,
  `icon` varchar(255) DEFAULT NULL,
  `unit` varchar(255) NOT NULL,
  PRIMARY KEY (`id`)
) ENGINE=InnoDB AUTO_INCREMENT=11 DEFAULT CHARSET=utf8mb4 COLLATE=utf8mb4_0900_ai_ci;
/*!40101 SET character_set_client = @saved_cs_client */;

--
-- Dumping data for table `record_category`
--

LOCK TABLES `record_category` WRITE;
/*!40000 ALTER TABLE `record_category` DISABLE KEYS */;
INSERT INTO `record_category` VALUES (6,'Crabs','🥗','g'),(7,'Fast Insulin','💉','unit'),(8,'BS','🩸','mg/dl'),(9,'Correction','💉','unit'),(10,'Basal Insulin','💉','unit');
/*!40000 ALTER TABLE `record_category` ENABLE KEYS */;
UNLOCK TABLES;

--
-- Table structure for table `reset_password`
--

DROP TABLE IF EXISTS `reset_password`;
/*!40101 SET @saved_cs_client     = @@character_set_client */;
/*!50503 SET character_set_client = utf8mb4 */;
CREATE TABLE `reset_password` (
  `id` varchar(36) NOT NULL,
  `expired` tinyint NOT NULL DEFAULT '0',
  `created_at` datetime(6) NOT NULL DEFAULT CURRENT_TIMESTAMP(6),
  `userId` varchar(36) DEFAULT NULL,
  PRIMARY KEY (`id`),
  KEY `FK_6315a559e0b7920bdbdf142e306` (`userId`),
  CONSTRAINT `FK_6315a559e0b7920bdbdf142e306` FOREIGN KEY (`userId`) REFERENCES `users` (`id`) ON DELETE CASCADE ON UPDATE CASCADE
) ENGINE=InnoDB DEFAULT CHARSET=utf8mb4 COLLATE=utf8mb4_0900_ai_ci;
/*!40101 SET character_set_client = @saved_cs_client */;

--
-- Dumping data for table `reset_password`
--

LOCK TABLES `reset_password` WRITE;
/*!40000 ALTER TABLE `reset_password` DISABLE KEYS */;
/*!40000 ALTER TABLE `reset_password` ENABLE KEYS */;
UNLOCK TABLES;

--
-- Table structure for table `special_condition`
--

DROP TABLE IF EXISTS `special_condition`;
/*!40101 SET @saved_cs_client     = @@character_set_client */;
/*!50503 SET character_set_client = utf8mb4 */;
CREATE TABLE `special_condition` (
  `id` varchar(36) NOT NULL,
  `name` varchar(255) NOT NULL,
  PRIMARY KEY (`id`)
) ENGINE=InnoDB DEFAULT CHARSET=utf8mb4 COLLATE=utf8mb4_0900_ai_ci;
/*!40101 SET character_set_client = @saved_cs_client */;

--
-- Dumping data for table `special_condition`
--

LOCK TABLES `special_condition` WRITE;
/*!40000 ALTER TABLE `special_condition` DISABLE KEYS */;
INSERT INTO `special_condition` VALUES ('4df57d96-ef11-4e80-99e7-b517946a231b','Other'),('60d04aa6-9be6-4c6e-ba70-35fbf9d95dd9','Type 1 Diabetes'),('ce700b20-d851-4d84-92b5-3d038a414a0f','Celiac Disease'),('de4aef75-852c-4411-bcb0-01cac2b783d3','Allergies and Intolerances'),('f969929a-7f07-4d8c-8947-8feb079861c6','Thyroid');
/*!40000 ALTER TABLE `special_condition` ENABLE KEYS */;
UNLOCK TABLES;

--
-- Table structure for table `user_information`
--

DROP TABLE IF EXISTS `user_information`;
/*!40101 SET @saved_cs_client     = @@character_set_client */;
/*!50503 SET character_set_client = utf8mb4 */;
CREATE TABLE `user_information` (
  `id` varchar(36) NOT NULL,
  `weight` int NOT NULL,
  `height` int NOT NULL,
  `gender` varchar(255) NOT NULL,
  `bmi` int NOT NULL,
  `birth` datetime NOT NULL,
  PRIMARY KEY (`id`)
) ENGINE=InnoDB DEFAULT CHARSET=utf8mb4 COLLATE=utf8mb4_0900_ai_ci;
/*!40101 SET character_set_client = @saved_cs_client */;

--
-- Dumping data for table `user_information`
--

LOCK TABLES `user_information` WRITE;
/*!40000 ALTER TABLE `user_information` DISABLE KEYS */;
/*!40000 ALTER TABLE `user_information` ENABLE KEYS */;
UNLOCK TABLES;

--
-- Table structure for table `users`
--

DROP TABLE IF EXISTS `users`;
/*!40101 SET @saved_cs_client     = @@character_set_client */;
/*!50503 SET character_set_client = utf8mb4 */;
CREATE TABLE `users` (
  `id` varchar(36) NOT NULL,
  `name` varchar(255) NOT NULL,
  `email` varchar(255) NOT NULL,
  `username` varchar(255) NOT NULL,
  `password` varchar(255) NOT NULL,
  `created_at` datetime(6) NOT NULL DEFAULT CURRENT_TIMESTAMP(6),
  `version` int NOT NULL DEFAULT '1',
  `weight` int NOT NULL,
  `height` int NOT NULL,
  `gender` varchar(255) NOT NULL,
  `bmi` int NOT NULL,
  `birth` datetime NOT NULL,
  PRIMARY KEY (`id`),
  UNIQUE KEY `IDX_97672ac88f789774dd47f7c8be` (`email`),
  UNIQUE KEY `IDX_fe0bb3f6520ee0469504521e71` (`username`)
) ENGINE=InnoDB DEFAULT CHARSET=utf8mb4 COLLATE=utf8mb4_0900_ai_ci;
/*!40101 SET character_set_client = @saved_cs_client */;

--
-- Dumping data for table `users`
--

LOCK TABLES `users` WRITE;
/*!40000 ALTER TABLE `users` DISABLE KEYS */;
INSERT INTO `users` VALUES ('0d5dcf88-a9ab-4aa5-9cd9-823db91cbc86','Houda','Houdaharit18@gmail.com','Hharit','$2b$05$WUGGPQ33oZrCUNOAFkH4qe.c8oWOxi4rs6M2OU6lzLUlMwYw02Xoy','2022-04-07 02:01:41.799855',1,55,162,'FEMALE',1367,'2000-05-21 00:00:00'),('0e528128-2fa5-4d9e-99b4-9f487ddda7ea','Ayoubbbbbbbbbbbbbbbbbbbbbbbbbbbbbbbbbbbbbbbbbbbb','driouchayoubdri@gmail.com. ','Adcover. ','$2b$05$SJgTgKVDeARllFjeCmJQZ.HDG5cf4E/5mndXam9f6yWduVYdhc6Yu','2022-04-08 02:20:06.197858',1,26,12,'MALE',377,'2000-04-21 00:00:00'),('18bc79e3-c438-4263-8eec-0240442bc943','Ayoub','driouchayoubdri@gmail.com','adcover','$2b$05$rntbF24/QO.glQAUkpx.rue2HxSqaRGuBYBpeq68zrJbstxf2E0Ee','2022-04-08 02:09:23.215098',1,68,160,'MALE',1647,'2000-04-28 00:00:00'),('337609d5-5669-4063-817d-dd9d2c8e437e','بنانة','Email.email@email.email','تيست','$2b$05$ctCd363YbDxF7hDKFplyXOs/FlfHTuX0L4TgGVo9TEIUoICI4SmNO','2022-04-08 21:34:24.040976',1,10,10,'MALE',151,'2000-04-28 00:00:00'),('35909965-f8f6-406f-beec-432745018edf','Imane','Fjer','Imane.f','$2b$05$khfLgIJmEmuWTf9P9RWH1ukK5Tnrc3/s9qhzLoLVH1XTq0ilOBUjW','2022-04-07 19:38:14.064637',1,75,170,'FEMALE',1594,'2004-04-18 00:00:00'),('49894e3c-a4a6-4571-831b-4a78f9d1188c','Wwww','Blabla@gmail.com','Travolta  ','$2b$05$FI784uSpeoBHmpQXz/i85.qrBMJktN2Rwa1AVbEP38Yn/tEI//tcW','2022-04-08 02:33:39.213908',1,10,55,'MALE',367,'2000-04-20 00:00:00'),('4cca8f96-78cc-4fab-9b9b-7c0eb47152c5','بنانة','Email@email.om','بنانة تست','$2b$05$rmYVgTN83p7m4Xz35wDtcuIvEht6xiYqsRnFUlEC3t65H3aHpD/Ti','2022-04-08 21:36:14.727785',1,1,1,'MALE',-13,'2000-04-17 00:00:00'),('4e1e2cfe-0d3b-42b4-a004-3a700cecd253','XxxxxxxxxxxxxxxxxxxxxxxxxxxxX','driouchayoubdri@gmail.com.  ','Adcover.  ','$2b$05$MDOjFl6K4OGUSxhbEcTtF.UwPrIzea39W0l1bw4kROpaXU5tCMsVC','2022-04-08 02:21:19.886350',1,10,10,'MALE',151,'2000-04-20 00:00:00'),('5b6683dc-4f86-4247-8ac1-22a1910d5a9e','Brahim','berkassebrahim@gmail.com','avocado','$2b$05$q7KhkTbe5In7RttXC5jEuOSBPu6vOrvkowo02OCkz0DaFsg5QwFry','2022-02-28 23:55:10.378789',1,100,180,'MALE',1703,'2000-04-09 00:00:00'),('6149e122-5151-421e-b251-27e7fd63e415','Wtf','driouchayoub@gmail.com ','Adcover.    ','$2b$05$gLu.SEljDwIK3/AhoGIo2uMax1G5FUYzqCJRXOvRmnxtTS4vTePs2','2022-04-08 02:24:30.089765',1,10,20,'MALE',199,'2000-04-21 00:00:00'),('71074605-e2ef-44cb-8548-19021f1279ac','Noname','driouchayoubdri@gmail.com.   ','Adcover.   ','$2b$05$7tI06YPM/3rL2.0d5IT2m.tEAX8DXmPBuR4bAtSZSPE.eaOgDQSbi','2022-04-08 02:22:35.130253',1,10,20,'MALE',199,'2000-04-21 00:00:00'),('756ea8e0-2423-4301-aaf8-a57d59430f0e','Walid','Lahayaniwalid@gmail.com','Travolta','$2b$05$aDMIlW9evAdnGrnSgtgjxOL9zPfP/pgqA/vBGi4fe/Te4rE6wFVKK','2022-04-08 02:28:02.005282',1,57,178,'MALE',1598,'2002-06-17 00:00:00'),('788d0c7c-d4d5-4f04-a9c9-0099c658a3ba','User test','testuser@gmail.com','user','$2b$05$3QnaxCY0otZDwvEMJXqmvuX/BJMyKnewf1w0FoxcxoIN1I/9ivIA6','2022-03-09 16:37:44.237514',1,70,180,'MALE',1770,'2000-04-09 00:00:00'),('81ab7e31-26ee-4e37-af14-7fea556bc1e5','Ayoub','ayoub@gmail.com','ayoub','$2b$05$QZ1ogAOwDbu1bSIkCglmrenvsJaEUUmQ6D/DmcSvKD/d0NDQYKa9q','2022-03-01 22:18:38.912078',1,75,184,'MALE',1856,'2000-04-09 00:00:00'),('8f667396-4b9b-4ab5-9683-041170bbdfc6','a','a','a','$2b$05$YBw93ih93eSDYS5fDC1kTeXWGeHsVKbfO0WV3U/.1VvT0hLnE6y12','2022-04-03 00:43:05.955686',1,50,100,'MALE',1118,'2000-04-10 00:00:00'),('ae54b471-e7fc-4c51-990b-5e1a41cdf95a','Test','Test@emal.com','Test','$2b$05$wmJ9tv15nbJW.qqMKr1Yx.WhfgKT7JnM5QQ5tdD2Q68.0..EnIbNK','2022-04-10 03:15:36.266486',1,10,10,'MALE',145,'2000-04-04 00:00:00'),('df33be02-e33b-4614-8703-8dc43d232a42','Walid','Lahayaniwalid@gmail.com ','Travolta ','$2b$05$lE///QJ2C30vfCLgh75HieK.h/Miosy5CIJSq4doWzGXrukeUAn7m','2022-04-08 02:31:25.216321',1,10,10,'MALE',151,'2000-04-14 00:00:00'),('e3f2d409-686d-455f-9a2d-05d45613c0af','Brahim Berkasse','ber@gmail.com','avocados','$2b$05$zG.Y9/WMqwAqM.kWrZToieEA.AhiEgKSveRxAGuICzbvs0dsuYDb2','2022-03-01 16:33:08.528924',1,70,183,'MALE',1785,'2000-04-09 00:00:00'),('e40a04e0-cac5-4d91-a927-39e61234d422','Ayoub','driouchayoubdri@gmail.com ','Adcover ','$2b$05$Kp1AkIOgwV7f4aZiMmHv1eRNivbZH3oLXNsvixBQlKWoVLH2QIXRm','2022-04-08 02:15:42.299435',1,10,10,'MALE',151,'2000-04-09 00:00:00'),('e99113a7-f9cc-4cd2-afff-52ce32900a65','S','Rrr@55.com','R','$2b$05$nmnh9toBxmnFVE5wRzfi9.5doD3t2CP1ir6XXlbnhRICMWqRdPs16','2022-03-30 19:26:28.672985',1,64,180,'FEMALE',1506,'2000-04-09 00:00:00'),('f2720afa-4b05-4816-8a1d-91d897db2856','H','h','h','$2b$05$1cMqtR3/hscVaTcaFU3gQ.7C1sklbs2RHoOvE06O.4CVQIVEWfPma','2022-04-03 02:17:55.633300',1,19,19,'MALE',314,'2000-04-17 00:00:00');
/*!40000 ALTER TABLE `users` ENABLE KEYS */;
UNLOCK TABLES;

--
-- Table structure for table `users_specialconditions_special_condition`
--

DROP TABLE IF EXISTS `users_specialconditions_special_condition`;
/*!40101 SET @saved_cs_client     = @@character_set_client */;
/*!50503 SET character_set_client = utf8mb4 */;
CREATE TABLE `users_specialconditions_special_condition` (
  `usersId` varchar(36) NOT NULL,
  `specialConditionId` varchar(36) NOT NULL,
  PRIMARY KEY (`usersId`,`specialConditionId`),
  KEY `IDX_3405a0e9ca7efda67eccb80534` (`usersId`),
  KEY `IDX_f8970fa0f6e3df1a523fab63a8` (`specialConditionId`),
  CONSTRAINT `FK_3405a0e9ca7efda67eccb805341` FOREIGN KEY (`usersId`) REFERENCES `users` (`id`) ON DELETE CASCADE,
  CONSTRAINT `FK_f8970fa0f6e3df1a523fab63a8a` FOREIGN KEY (`specialConditionId`) REFERENCES `special_condition` (`id`) ON DELETE CASCADE
) ENGINE=InnoDB DEFAULT CHARSET=utf8mb4 COLLATE=utf8mb4_0900_ai_ci;
/*!40101 SET character_set_client = @saved_cs_client */;

--
-- Dumping data for table `users_specialconditions_special_condition`
--

LOCK TABLES `users_specialconditions_special_condition` WRITE;
/*!40000 ALTER TABLE `users_specialconditions_special_condition` DISABLE KEYS */;
INSERT INTO `users_specialconditions_special_condition` VALUES ('5b6683dc-4f86-4247-8ac1-22a1910d5a9e','60d04aa6-9be6-4c6e-ba70-35fbf9d95dd9'),('5b6683dc-4f86-4247-8ac1-22a1910d5a9e','f969929a-7f07-4d8c-8947-8feb079861c6'),('788d0c7c-d4d5-4f04-a9c9-0099c658a3ba','60d04aa6-9be6-4c6e-ba70-35fbf9d95dd9'),('788d0c7c-d4d5-4f04-a9c9-0099c658a3ba','de4aef75-852c-4411-bcb0-01cac2b783d3'),('788d0c7c-d4d5-4f04-a9c9-0099c658a3ba','f969929a-7f07-4d8c-8947-8feb079861c6'),('81ab7e31-26ee-4e37-af14-7fea556bc1e5','4df57d96-ef11-4e80-99e7-b517946a231b'),('8f667396-4b9b-4ab5-9683-041170bbdfc6','4df57d96-ef11-4e80-99e7-b517946a231b'),('e3f2d409-686d-455f-9a2d-05d45613c0af','60d04aa6-9be6-4c6e-ba70-35fbf9d95dd9'),('e3f2d409-686d-455f-9a2d-05d45613c0af','f969929a-7f07-4d8c-8947-8feb079861c6'),('e99113a7-f9cc-4cd2-afff-52ce32900a65','4df57d96-ef11-4e80-99e7-b517946a231b');
/*!40000 ALTER TABLE `users_specialconditions_special_condition` ENABLE KEYS */;
UNLOCK TABLES;
/*!40103 SET TIME_ZONE=@OLD_TIME_ZONE */;

/*!40101 SET SQL_MODE=@OLD_SQL_MODE */;
/*!40014 SET FOREIGN_KEY_CHECKS=@OLD_FOREIGN_KEY_CHECKS */;
/*!40014 SET UNIQUE_CHECKS=@OLD_UNIQUE_CHECKS */;
/*!40101 SET CHARACTER_SET_CLIENT=@OLD_CHARACTER_SET_CLIENT */;
/*!40101 SET CHARACTER_SET_RESULTS=@OLD_CHARACTER_SET_RESULTS */;
/*!40101 SET COLLATION_CONNECTION=@OLD_COLLATION_CONNECTION */;
/*!40111 SET SQL_NOTES=@OLD_SQL_NOTES */;

-- Dump completed on 2022-04-12 23:22:38
